# The six best-fitting shapes of best_fits.csv over the triangle grid x = k1/k3, y = k2/k3, |1 - y| <= x <= y <= 1,
# x >= 1e-3, spacing 0.01, each normalised to 1 at the equilateral point. Untilted: the primordial shapes themselves.
x,y,S_0_over_S11,S_1par_over_S11,S_1perp_over_S11,S_LI_over_S11,S_2_over_S11,S_3_over_S11
0.0150,0.9950,-2.6356753330e-02,2.2187331506e-01,1.5513868035e-01,5.0150369094e-01,3.8705564662e-01,2.0417059834e-01
0.0250,0.9850,-1.8772464248e-01,-9.0782200607e-03,3.0921721906e-01,8.0825224732e-01,1.2141333222e+00,1.0472469942e-01
0.0250,0.9950,-1.8969255827e-01,-6.6450045305e-03,3.9997415306e-01,8.8400015605e-01,1.2103199978e+00,1.0675938367e-01
0.0350,0.9750,1.6242206557e-01,-8.0571785023e-02,3.6892681662e-01,9.1011372851e-01,1.1419505015e+00,-8.4581385870e-03
0.0350,0.9850,1.5437838026e-01,-8.1446675870e-02,5.0058515781e-01,1.0213529289e+00,1.1488214392e+00,-7.4783332777e-03
0.0350,0.9950,1.4639004931e-01,-8.2242641618e-02,5.6484946636e-01,1.0754665638e+00,1.1553500783e+00,-6.5298995687e-03
0.0450,0.9650,6.6216364680e-01,6.0814095429e-02,3.4855055573e-01,8.9474520552e-01,5.5615671289e-01,9.9552027196e-03
0.0450,0.9750,6.5144809366e-01,5.6172676858e-02,5.0362492559e-01,1.0264740008e+00,5.7291899003e-01,8.5238815530e-03
0.0450,0.9850,6.4068808521e-01,5.1621115276e-02,6.0573598162e-01,1.1132984784e+00,5.8928837636e-01,7.0640982447e-03
0.0450,0.9950,6.2989091043e-01,4.7158595061e-02,6.5572741749e-01,1.1559191384e+00,6.0527086157e-01,5.5792733788e-03
0.0550,0.9550,1.1150064381e+00,3.0219954984e-01,2.7448362851e-01,8.1194474757e-01,-2.6921839313e-01,1.2524641910e-01
0.0550,0.9650,1.1047228471e+00,2.9518029916e-01,4.4468019455e-01,9.5706381314e-01,-2.4475292896e-01,1.2180473286e-01
0.0550,0.9750,1.0942835253e+00,2.8823984240e-01,5.7115577800e-01,1.0650900714e+00,-2.2068540150e-01,1.1830274705e-01
0.0550,0.9850,1.0836977264e+00,2.8137699268e-01,6.5462985030e-01,1.1366164881e+00,-1.9701092924e-01,1.1474597460e-01
0.0550,0.9950,1.0729744381e+00,2.7459072778e-01,6.9577736506e-01,1.1722058293e+00,-1.7372467911e-01,1.1113971908e-01
0.0650,0.9450,1.4493497812e+00,5.5368654778e-01,1.6726727683e-01,6.9032950151e-01,-1.1753793459e+00,2.7990909484e-01
0.0650,0.9550,1.4415535749e+00,5.4594572426e-01,3.4785354927e-01,8.4482507483e-01,-1.1455511235e+00,2.7551002692e-01
0.0650,0.9650,1.4335048009e+00,5.3826323638e-01,4.9116410881e-01,9.6765988474e-01,-1.1160986367e+00,2.7099518770e-01
0.0650,0.9750,1.4252133853e+00,5.3063728483e-01,5.9783150632e-01,1.0593522263e+00,-1.0870179327e+00,2.6637216789e-01
0.0650,0.9850,1.4166890260e+00,5.2306629633e-01,6.6844909554e-01,1.1203938279e+00,-1.0583051003e+00,2.6164830791e-01
0.0650,0.9950,1.4079411970e+00,5.1554890605e-01,7.0357332027e-01,1.1512513176e+00,-1.0299562703e+00,2.5683070281e-01
0.0750,0.9350,1.6533331465e+00,7.6621804490e-01,4.0964025391e-02,5.4695873822e-01,-2.0740006249e+00,4.3184630631e-01
0.0750,0.9450,1.6491308805e+00,7.5910157757e-01,2.2891610274e-01,7.0829504337e-01,-2.0409041100e+00,4.2759355051e-01
0.0750,0.9550,1.6446037129e+00,7.5202180492e-01,3.8435460889e-01,8.4197104376e-01,-2.0081469216e+00,4.2315813189e-01
0.0750,0.9650,1.6397612501e+00,7.4497622349e-01,5.0784787912e-01,9.4845025757e-01,-1.9757256795e+00,4.1854944446e-01
0.0750,0.9750,1.6346129246e+00,7.3796261291e-01,5.9992895133e-01,1.0281722828e+00,-1.9436370588e+00,4.1377660913e-01
0.0750,0.9850,1.6291679971e+00,7.3097901323e-01,6.6109763654e-01,1.0815541280e+00,-1.9118777881e+00,4.0884847696e-01
0.0750,0.9950,1.6234355592e+00,7.2402370534e-01,6.9182247766e-01,1.1089914627e+00,-1.8804446502e+00,4.0377363414e-01
0.0850,0.9250,1.7398997087e+00,9.1959318060e-01,-9.5132008343e-02,3.9232857824e-01,-2.9174804145e+00,5.5696197768e-01
0.0850,0.9350,1.7397038074e+00,9.1401199783e-01,9.8106756549e-02,5.5877953850e-01,-2.8828602392e+00,5.5376478339e-01
0.0850,0.9450,1.7391369524e+00,9.0844881348e-01,2.6250014789e-01,7.0064131321e-01,-2.8485377304e+00,5.5031583009e-01
0.0850,0.9550,1.7382077609e+00,9.0290045115e-01,3.9856722145e-01,8.1833563715e-01,-2.8145096496e+00,5.4662594828e-01
0.0850,0.9650,1.7369247340e+00,8.9736406469e-01,5.0679470513e-01,9.1226232851e-01,-2.7807728434e+00,5.4270568614e-01
0.0850,0.9750,1.7352962577e+00,8.9183711430e-01,5.8763890660e-01,9.8280051692e-01,-2.7473242430e+00,5.3856531302e-01
0.0850,0.9850,1.7333306032e+00,8.8631734117e-01,6.4152751997e-01,1.0303097984e+00,-2.7141608611e+00,5.3421482175e-01
0.0850,0.9950,1.7310359284e+00,8.8080274668e-01,6.6886129235e-01,1.0551313133e+00,-2.6812797909e+00,5.2966393281e-01
0.0950,0.9150,1.7303361122e+00,1.0103464083e+00,-2.3495629272e-01,2.3304688855e-01,-3.6817293994e+00,6.4440204139e-01
0.0950,0.9250,1.7340975802e+00,1.0068187549e+00,-3.7932686237e-02,4.0337417256e-01,-3.6469813022e+00,6.4290928371e-01
0.0950,0.9350,1.7374661385e+00,1.0032947737e+00,1.3316092865e-01,5.5154517609e-01,-3.6124900450e+00,6.4109937141e-01
0.0950,0.9450,1.7404490239e+00,9.9977072828e-01,2.7880473072e-01,6.7794882802e-01,-3.5782520748e+00,6.3898420411e-01
0.0950,0.9550,1.7430534105e+00,9.9624325198e-01,3.9944889582e-01,7.8295369996e-01,-3.5442639712e+00,6.3657540175e-01
0.0950,0.9650,1.7452864105e+00,9.9270932130e-01,4.9551537940e-01,8.6690915553e-01,-3.5105224432e+00,6.3388430636e-01
0.0950,0.9750,1.7471550729e+00,9.8916622663e-01,5.6739960402e-01,9.3014643128e-01,-3.4770243254e+00,6.3092198296e-01
0.0950,0.9850,1.7486663839e+00,9.8561154842e-01,6.1547201226e-01,9.7297964415e-01,-3.4437665744e+00,6.2769922236e-01
0.0950,0.9950,1.7498272662e+00,9.8204313299e-01,6.4007953734e-01,9.9570673903e-01,-3.4107462646e+00,6.2422654299e-01
0.1050,0.9050,1.6469357301e+00,1.0436137341e+00,-3.7458690053e-01,7.3332535318e-02,-4.3563238943e+00,6.9169507195e-01
0.1050,0.9150,1.6543212145e+00,1.0423537975e+00,-1.7490110143e-01,2.4661297345e-01,-4.3225307122e+00,6.9230776025e-01
0.1050,0.9250,1.6613120809e+00,1.0410874535e+00,1.2286709923e-03,3.9971231769e-01,-4.2889584803e+00,6.9254486604e-01
0.1050,0.9350,1.6679140149e+00,1.0398105681e+00,1.5425128665e-01,5.3299316831e-01,-4.2556028799e+00,6.9241903760e-01
0.1050,0.9450,1.6741326849e+00,1.0385194090e+00,2.8458747124e-01,6.4679900728e-01,-4.2224597856e+00,6.9194265360e-01
0.1050,0.9550,1.6799737408e+00,1.0372106167e+00,3.9263149089e-01,7.4145528574e-01,-4.1895252606e+00,6.9112782304e-01
0.1050,0.9650,1.6854428137e+00,1.0358811709e+00,4.7875274399e-01,8.1727044703e-01,-4.1567955503e+00,6.8998638449e-01
0.1050,0.9750,1.6905455147e+00,1.0345283636e+00,5.4329722466e-01,8.7453687869e-01,-4.1242670767e+00,6.8852990744e-01
0.1050,0.9850,1.6952874342e+00,1.0331497728e+00,5.8658891087e-01,9.1353180836e-01,-4.0919364326e+00,6.8676969269e-01
0.1050,0.9950,1.6996741409e+00,1.0317432385e+00,6.0893104413e-01,9.3451813973e-01,-4.0598003754e+00,6.8471677469e-01
0.1150,0.8950,1.5099746533e+00,1.0282951559e+00,-5.1152006967e-01,-8.4107806594e-02,-4.9387962365e+00,7.0118209375e-01
0.1150,0.9050,1.5204919827e+00,1.0293020528e+00,-3.1003190850e-01,9.1417453108e-02,-4.9067723814e+00,7.0409470713e-01
0.1150,0.9150,1.5306289116e+00,1.0302958101e+00,-1.3012908109e-01,2.4839701437e-01,-4.8749412645e+00,7.0658168176e-01
0.1150,0.9250,1.5403895699e+00,1.0312720820e+00,2.8611672889e-02,3.8717198626e-01,-4.8432973681e+00,7.0865615855e-01
0.1150,0.9350,1.5497781040e+00,1.0322269506e+00,1.6658697914e-01,5.0806535909e-01,-4.8118354406e+00,7.1033102375e-01
0.1150,0.9450,1.5587986751e+00,1.0331568942e+00,2.8416843546e-01,6.1138304301e-01,-4.7805504892e+00,7.1161890637e-01
0.1150,0.9550,1.5674554589e+00,1.0340587490e+00,3.8170412543e-01,6.9741484499e-01,-4.7494377715e+00,7.1253217621e-01
0.1150,0.9650,1.5757526441e+00,1.0349296806e+00,4.5952001111e-01,7.6643537678e-01,-4.7184927877e+00,7.1308294299e-01
0.1150,0.9750,1.5836944313e+00,1.0357671534e+00,5.1792125422e-01,8.1870490961e-01,-4.6877112726e+00,7.1328305592e-01
0.1150,0.9850,1.5912850323e+00,1.0365689052e+00,5.5719343053e-01,8.5447017061e-01,-4.6570891866e+00,7.1314410402e-01
0.1150,0.9950,1.5985286690e+00,1.0373329230e+00,5.7760368116e-01,8.7396509198e-01,-4.6266227086e+00,7.1267741714e-01
0.1250,0.8850,1.3366887226e+00,9.7436092544e-01,-6.4419366888e-01,-2.3754766932e-01,-5.4312663905e+00,6.7766800090e-01
0.1250,0.8950,1.3497725884e+00,9.7749318867e-01,-4.4157328110e-01,-6.0333228084e-02,-5.4016008317e+00,6.8291593732e-01
0.1250,0.9050,1.3625019894e+00,9.8060772301e-01,-2.5887659795e-01,9.9711474270e-02,-5.3721092742e+00,6.8769672824e-01
0.1250,0.9150,1.3748796156e+00,9.8370016110e-01,-9.5701555046e-02,2.4290977160e-01,-5.3427845929e+00,6.9202381853e-01
0.1250,0.9250,1.3869081948e+00,9.8676658592e-01,4.8328518120e-02,3.6956769438e-01,-5.3136200121e+00,6.9591041618e-01
0.1250,0.9350,1.3985904912e+00,9.8980349518e-01,1.7356644111e-01,4.7997496941e-01,-5.2846090947e+00,6.9936948637e-01
0.1250,0.9450,1.4099293047e+00,9.9280775939e-01,2.8034263274e-01,5.7440595987e-01,-5.2557457322e+00,7.0241374885e-01
0.1250,0.9550,1.4209274701e+00,9.9577658961e-01,3.6896644735e-01,6.5312053821e-01,-5.2270241338e+00,7.0505567421e-01
0.1250,0.9650,1.4315878564e+00,9.9870750523e-01,4.3972744067e-01,7.1636490767e-01,-5.1984388164e+00,7.0730748289e-01
0.1250,0.9750,1.4419133653e+00,1.0015983046e+00,4.9289653154e-01,7.6437236694e-01,-5.1699845932e+00,7.0918114331e-01
0.1250,0.9850,1.4519069309e+00,1.0044470395e+00,5.2872710565e-01,7.9736402956e-01,-5.1416565642e+00,7.1068837223e-01
0.1250,0.9950,1.4615715186e+00,1.0072519901e+00,5.4745603247e-01,8.1554949564e-01,-5.1134501048e+00,7.1184063427e-01
0.1350,0.8750,1.1411520044e+00,8.9144411674e-01,-7.7167315509e-01,-3.8590780964e-01,-5.8384244801e+00,6.2696522661e-01
0.1350,0.8850,1.1562207647e+00,8.9647705872e-01,-5.6844942204e-01,-2.0744764121e-01,-5.8115188643e+00,6.3446881591e-01
0.1350,0.8950,1.1709688921e+00,9.0148858221e-01,-3.8373029193e-01,-4.4984013228e-02,-5.7847791256e+00,6.4147172342e-01
0.1350,0.9050,1.1853978362e+00,9.0647448149e-01,-2.1713139869e-01,1.0179155530e-01,-5.7581961527e+00,6.4798757246e-01
0.1350,0.9150,1.1995090933e+00,9.1143102021e-01,-6.8292740914e-02,2.3317091244e-01,-5.7317612740e+00,6.5402976712e-01
0.1350,0.9250,1.2133042055e+00,9.1635489345e-01,6.3122806831e-02,3.4943024149e-01,-5.7054662452e+00,6.5961148511e-01
0.1350,0.9350,1.2267847606e+00,9.2124317938e-01,1.7743089333e-01,4.5083097206e-01,-5.6793032366e+00,6.6474567219e-01
0.1350,0.9450,1.2399523916e+00,9.2609330669e-01,2.7492698170e-01,5.3762062428e-01,-5.6532648195e+00,6.6944503751e-01
0.1350,0.9550,1.2528087759e+00,9.3090301693e-01,3.5588756891e-01,6.1003360409e-01,-5.6273439537e+00,6.7372205028e-01
0.1350,0.9650,1.2653556355e+00,9.3567033401e-01,4.2057130535e-01,6.6829194191e-01,-5.6015339741e+00,6.7758893702e-01
0.1350,0.9750,1.2775947359e+00,9.4039353548e-01,4.6922005914e-01,7.1260598823e-01,-5.5758285784e+00,6.8105768016e-01
0.1350,0.9850,1.2895278862e+00,9.4507112556e-01,5.0205989363e-01,7.4317506186e-01,-5.5502218132e+00,6.8414001673e-01
0.1350,0.9950,1.3011569380e+00,9.4970181226e-01,5.1930199457e-01,7.6018805965e-01,-5.5247080627e+00,6.8684743853e-01
0.1450,0.8650,9.3453401792e-01,7.8817437561e-01,-8.9344314957e-01,-5.2854224255e-01,-6.1663095370e+00,5.5503292413e-01
0.1450,0.8750,9.5102619972e-01,7.9484206715e-01,-6.9003717118e-01,-3.4919514003e-01,-6.1424107313e+00,5.6463465476e-01
0.1450,0.8850,9.6723614375e-01,8.0148441218e-01,-5.0391083283e-01,-1.8483299951e-01,-6.1186809667e+00,5.7370913101e-01
0.1450,0.8950,9.8316431354e-01,8.0809753230e-01,-3.3469463964e-01,-3.5159847864e-02,-6.0951087953e+00,5.8227008196e-01
0.1450,0.9050,9.9881121659e-01,8.1467803838e-01,-1.8204260307e-01,1.0010420840e-01,-6.0716833066e+00,5.9033103598e-01
0.1450,0.9150,1.0141774045e+00,8.2122298661e-01,-4.5630798715e-02,2.2122392663e-01,-6.0483941122e+00,5.9790531070e-01
0.1450,0.9250,1.0292634731e+00,8.2772982605e-01,7.4843992930e-02,3.2844981573e-01,-6.0252313309e+00,6.0500600594e-01
0.1450,0.9350,1.0440700626e+00,8.3419636403e-01,1.7966554028e-01,4.2201895761e-01,-6.0021855727e+00,6.1164599650e-01
0.1450,0.9450,1.0585978576e+00,8.4062072363e-01,2.6909934185e-01,5.0215578134e-01,-5.9792479240e+00,6.1783792771e-01
0.1450,0.9550,1.0728475879e+00,8.4700131158e-01,3.4339371204e-01,5.6907278093e-01,-5.9564099309e+00,6.2359421069e-01
0.1450,0.9650,1.0868200279e+00,8.5333678657e-01,4.0278081256e-01,6.2297119158e-01,-5.9336635853e+00,6.2892701993e-01
0.1450,0.9750,1.1005159975e+00,8.5962602994e-01,4.4747759753e-01,6.6404161901e-01,-5.9110013083e+00,6.3384829053e-01
0.1450,0.9850,1.1139363618e+00,8.6586812108e-01,4.7768671234e-01,6.9246463147e-01,-5.8884159360e+00,6.3836971740e-01
0.1450,0.9950,1.1270820315e+00,8.7206231251e-01,4.9359732210e-01,7.0841131292e-01,-5.8659007037e+00,6.4250275413e-01
0.1550,0.8550,7.2548909918e-01,6.7192545317e-01,-1.0092679405e+00,-6.6509768254e-01,-6.4215667702e+00,4.6749668456e-01
0.1550,0.8650,7.4288585782e-01,6.7995024020e-01,-8.0601696585e-01,-4.8515713690e-01,-6.4007941419e+00,4.7899109100e-01
0.1550,0.8750,7.6004051052e-01,6.8794454446e-01,-6.1897873166e-01,-3.1932099040e-01,-6.3802053536e+00,4.8993741932e-01
0.1550,0.8850,7.7695282145e-01,6.9590496103e-01,-4.4779628900e-01,-1.6730386356e-01,-6.3597863005e+00,5.0034947605e-01
0.1550,0.8950,7.9362258638e-01,7.0382859349e-01,-2.9213547916e-01,-2.8835999081e-02,-6.3395235169e+00,5.1024088482e-01
0.1550,0.9050,8.1004963258e-01,7.1171300536e-01,-1.5168352994e-01,9.6337662107e-02,-6.3194041607e+00,5.1962507435e-01
0.1550,0.9150,8.2623382036e-01,7.1955616231e-01,-2.6147726545e-02,2.0845835028e-01,-6.2994159938e+00,5.2851526846e-01
0.1550,0.9250,8.4217504315e-01,7.2735639640e-01,8.4745810307e-02,3.0775427021e-01,-6.2795473659e+00,5.3692447749e-01
0.1550,0.9350,8.5787322921e-01,7.3511235655e-01,1.8125327457e-01,3.9444135867e-01,-6.2597871952e+00,5.4486549134e-01
0.1550,0.9450,8.7332834194e-01,7.4282297739e-01,2.6361423397e-01,4.6872398518e-01,-6.2401249514e+00,5.5235087383e-01
0.1550,0.9550,8.8854038146e-01,7.5048744166e-01,3.3205263329e-01,5.3079561306e-01,-6.2205506370e+00,5.5939295803e-01
0.1550,0.9650,9.0350938520e-01,7.5810515067e-01,3.8677771369e-01,5.8083941316e-01,-6.2010547704e+00,5.6600384309e-01
0.1550,0.9750,9.1823542913e-01,7.6567569612e-01,4.2798488764e-01,6.1902884178e-01,-6.1816283673e+00,5.7219539147e-01
0.1550,0.9850,9.3271862863e-01,7.7319883425e-01,4.5585654316e-01,6.4552817967e-01,-6.1622629244e+00,5.7797922752e-01
0.1550,0.9950,9.4695913935e-01,7.8067446355e-01,4.7056280548e-01,6.6049303860e-01,-6.1429504013e+00,5.8336673649e-01
0.1650,0.8450,5.2056455546e-01,5.4878503869e-01,-1.1190973581e+00,-7.9541948450e-01,-6.6109972382e+00,3.6940473010e-01
0.1650,0.8550,5.3840253000e-01,5.5789747855e-01,-9.1627237517e-01,-6.1512769984e-01,-6.5933653225e+00,3.8256154556e-01
0.1650,0.8650,5.5603792107e-01,5.6697231431e-01,-7.2872382087e-01,-4.4816751774e-01,-6.5759437947e+00,3.9515393145e-01
0.1650,0.8750,5.7347009692e-01,5.7600673626e-01,-5.5610535113e-01,-2.9426256566e-01,-6.5587156002e+00,4.0719577688e-01
0.1650,0.8850,5.9069843521e-01,5.8499846444e-01,-3.9809281667e-01,-1.5315171602e-01,-6.5416644306e+00,4.1870080606e-01
0.1650,0.8950,6.0772232454e-01,5.9394569296e-01,-2.5438288884e-01,-2.4588176898e-02,-6.5247747047e+00,4.2968256335e-01
0.1650,0.9050,6.2454116548e-01,6.0284703105e-01,-1.2469175230e-01,9.1661362942e-02,-6.5080315482e+00,4.4015440095e-01
0.1650,0.9150,6.4115437245e-01,6.1170146125e-01,-8.7539113723e-03,1.9581752348e-01,-6.4914207736e+00,4.5012946786e-01
0.1650,0.9250,6.5756137512e-01,6.2050828626e-01,9.3678936310e-02,2.8808897770e-01,-6.4749288604e+00,4.5962070121e-01
0.1650,0.9350,6.7376162060e-01,6.2926709584e-01,1.8283893711e-01,3.6867313896e-01,-6.4585429337e+00,4.6864081849e-01
0.1650,0.9450,6.8975457478e-01,6.3797772514e-01,2.5894306135e-01,4.3775680997e-01,-6.4422507451e+00,4.7720231178e-01
0.1650,0.9550,7.0553972491e-01,6.4664022291e-01,3.2219400185e-01,4.9551678402e-01,-6.4260406513e+00,4.8531744270e-01
0.1650,0.9650,7.2111658073e-01,6.5525482157e-01,3.7278102935e-01,5.4212041153e-01,-6.4099015952e+00,4.9299823889e-01
0.1650,0.9750,7.3648467714e-01,6.6382190812e-01,4.1088077623e-01,5.7772612772e-01,-6.3938230851e+00,5.0025649115e-01
0.1650,0.9850,7.5164357526e-01,6.7234200141e-01,4.3665798114e-01,6.0248394840e-01,-6.3777951760e+00,5.0710375180e-01
0.1650,0.9950,7.6659286498e-01,6.8081572775e-01,4.5026617712e-01,6.1653593408e-01,-6.3618084494e+00,5.1355133348e-01
0.1750,0.8350,3.2457884787e-01,4.2363679329e-01,-1.2230028198e+00,-9.1948772595e-01,-6.7412885557e+00,2.6512742694e-01
0.1750,0.8450,3.4245651487e-01,4.3358846201e-01,-1.0208217850e+00,-7.3904601808e-01,-6.7267258248e+00,2.7970900178e-01
0.1750,0.8550,3.6016860389e-01,4.4349283353e-01,-8.3309013686e-01,-5.7125289525e-01,-6.7124117251e+00,2.9371302128e-01
0.1750,0.8650,3.7771439272e-01,4.5334778995e-01,-6.5947049661e-01,-4.1583965890e-01,-6.6983259879e+00,3.0715348686e-01
0.1750,0.8750,3.9509314014e-01,4.6315176602e-01,-4.9964718634e-01,-2.7255254601e-01,-6.6844491995e+00,3.2004425331e-01
0.1750,0.8850,4.1230408699e-01,4.7290368834e-01,-3.5332487636e-01,-1.4115183072e-01,-6.6707627807e+00,3.3239901069e-01
0.1750,0.8950,4.2934645839e-01,4.8260291327e-01,-2.2022729530e-01,-2.1410979992e-02,-6.6572489644e+00,3.4423126917e-01
0.1750,0.9050,4.4621946557e-01,4.9224917973e-01,-1.0009605971e-01,8.6884125253e-02,-6.6438907735e+00,3.5555434554e-01
0.1750,0.9150,4.6292230859e-01,5.0184255158e-01,7.3104346920e-03,1.8393592427e-01,-6.6306719982e+00,3.6638135234e-01
0.1750,0.9250,4.7945417871e-01,5.1138338316e-01,1.0221803200e-01,2.6993585352e-01,-6.6175771737e+00,3.7672518820e-01
0.1750,0.9350,4.9581426112e-01,5.2087227152e-01,1.8483777702e-01,3.4506498637e-01,-6.6045915571e+00,3.8659853018e-01
0.1750,0.9450,5.1200173793e-01,5.3031002468e-01,2.5536679804e-01,4.0949462424e-01,-6.5917011053e+00,3.9601382744e-01
0.1750,0.9550,5.2801579057e-01,5.3969762735e-01,3.1398914529e-01,4.6338685443e-01,-6.5788924527e+00,4.0498329612e-01
0.1750,0.9650,5.4385560326e-01,5.4903621024e-01,3.6087655855e-01,5.0689506853e-01,-6.5661528880e+00,4.1351891559e-01
0.1750,0.9750,5.5952036512e-01,5.5832702545e-01,3.9618919740e-01,5.4016444974e-01,-6.5534703338e+00,4.2163242552e-01
0.1750,0.9850,5.7500927375e-01,5.6757141978e-01,4.2007631420e-01,5.6333242862e-01,-6.5408333235e+00,4.2933532407e-01
0.1750,0.9950,5.9032153713e-01,5.7677081523e-01,4.3267688922e-01,5.7652911017e-01,-6.5282309815e+00,4.3663886681e-01
0.1850,0.8250,1.4095211422e-01,3.0029236400e-01,-1.3211336483e+00,-1.0373732219e+00,-6.8188587368e+00,1.5834105335e-01
0.1850,0.8350,1.5853179897e-01,3.1086347970e-01,-1.1197716264e+00,-8.5694989717e-01,-6.8072231284e+00,1.7411508609e-01
0.1850,0.8450,1.7597887329e-01,3.2137462327e-01,-9.3212441077e-01,-6.8856777855e-01,-6.7958859175e+00,1.8930050349e-01
0.1850,0.8550,1.9329282404e-01,3.3182443838e-01,-7.5786218598e-01,-5.3196470786e-01,-6.7848233827e+00,2.0391146506e-01
0.1850,0.8650,2.1047308456e-01,3.4221214761e-01,-5.9667643149e-01,-3.8689321140e-01,-6.7740127688e+00,2.1796200288e-01
0.1850,0.8750,2.2751903613e-01,3.5253748876e-01,-4.4827858053e-01,-2.5311960906e-01,-6.7634322633e+00,2.3146599992e-01
0.1850,0.8850,2.4443001024e-01,3.6280064669e-01,-3.1239874782e-01,-1.3042317752e-01,-6.7530609730e+00,2.4443717182e-01
0.1850,0.8950,2.6120529094e-01,3.7300219990e-01,-1.8878457655e-01,-1.8595378667e-02,-6.7428789001e+00,2.5688905049e-01
0.1850,0.9050,2.7784411819e-01,3.8314306104e-01,-7.7200140823e-02,8.2560866702e-02,-6.7328669172e+00,2.6883497096e-01
0.1850,0.9150,2.9434569048e-01,3.9322443805e-01,2.2575056484e-02,1.7323184854e-01,-6.7230067433e+00,2.8028805923e-01
0.1850,0.9250,3.1070916905e-01,4.0324778106e-01,1.1074703041e-01,2.5359370020e-01,-6.7132809181e+00,2.9126122306e-01
0.1850,0.9350,3.2693368065e-01,4.1321475088e-01,1.8750818446e-01,3.2381298175e-01,-6.7036727780e+00,3.0176714350e-01
0.1850,0.9450,3.4301832212e-01,4.2312717913e-01,2.5303813474e-01,3.8404723123e-01,-6.6941664309e+00,3.1181826867e-01
0.1850,0.9550,3.5896216332e-01,4.3298703678e-01,3.0750446514e-01,4.3444547575e-01,-6.6847467324e+00,3.2142680839e-01
0.1850,0.9650,3.7476425180e-01,4.4279640649e-01,3.5106344552e-01,4.7514871218e-01,-6.6753992604e+00,3.3060473037e-01
0.1850,0.9750,3.9042361575e-01,4.5255745426e-01,3.8386069255e-01,5.0629035625e-01,-6.6661102928e+00,3.3936375722e-01
0.1850,0.9850,4.0593926867e-01,4.6227240822e-01,4.0603179362e-01,5.2799666312e-01,-6.6568667824e+00,3.4771536468e-01
0.1850,0.9950,4.2131021218e-01,4.7194353593e-01,4.1770288807e-01,5.4038712234e-01,-6.6476563347e+00,3.5567078044e-01
0.1950,0.8150,-2.8014077014e-02,1.8163906214e-01,-1.4136871394e+00,-1.1492069514e+00,-6.8497710940e+00,5.2058882384e-02
0.1950,0.8250,-1.1007040403e-02,1.9264241664e-01,-1.2132842007e+00,-9.6894338598e-01,-6.8408628732e+00,6.8807416157e-02
0.1950,0.8350,5.8951333457e-03,2.0356988661e-01,-1.0259405078e+00,-8.0017801142e-01,-6.8323140800e+00,8.4957299728e-02
0.1950,0.8450,2.2692424734e-02,2.1442092154e-01,-8.5133259691e-01,-6.4265423525e-01,-6.8240973284e+00,1.0052290470e-01
0.1950,0.8550,3.9384723347e-02,2.2519558110e-01,-6.8915796733e-01,-4.9612994914e-01,-6.8161863086e+00,1.1551849662e-01
0.1950,0.8650,5.5971827848e-02,2.3589446910e-01,-5.3913374848e-01,-3.6037664268e-01,-6.8085557634e+00,1.2995820866e-01
0.1950,0.8750,7.2453449324e-02,2.4651865711e-01,-4.0099544164e-01,-2.3517857100e-01,-6.8011814629e+00,1.4385602038e-01
0.1950,0.8850,8.8829212781e-02,2.5706962556e-01,-2.7449577885e-01,-1.2033198815e-01,-6.7940401787e+00,1.5722573778e-01
0.1950,0.8950,1.0509866159e-01,2.6754920211e-01,-1.5940363335e-01,-1.5644425967e-02,-6.7871096577e+00,1.7008097760e-01
0.1950,0.9050,1.2126125996e-01,2.7795951721e-01,-5.5503031109e-02,7.9065970471e-02,-6.7803685960e+00,1.8243515238e-01
0.1950,0.9150,1.3731639811e-01,2.8830294649e-01,3.7407785766e-02,1.6397107039e-01,-6.7737966110e+00,1.9430145937e-01
0.1950,0.9250,1.5326339551e-01,2.9858207838e-01,1.1951721981e-01,2.3923333497e-01,-6.7673742162e+00,2.0569286980e-01
0.1950,0.9350,1.6910150628e-01,3.0879966836e-01,1.9100113071e-01,3.0500636392e-01,-6.7610827928e+00,2.1662212121e-01
0.1950,0.9450,1.8482992307e-01,3.1895860702e-01,2.5202358132e-01,3.6143540076e-01,-6.7549045644e+00,2.2710171042e-01
0.1950,0.9550,2.0044778231e-01,3.2906188913e-01,3.0273754598e-01,4.0865780867e-01,-6.7488225697e+00,2.3714388847e-01
0.1950,0.9650,2.1595416876e-01,3.3911258247e-01,3.4328556126e-01,4.4680351445e-01,-6.7428206367e+00,2.4676065661e-01
0.1950,0.9750,2.3134812020e-01,3.4911380634e-01,3.7380034141e-01,4.7599542385e-01,-6.7368833569e+00,2.5596376329e-01
0.1950,0.9850,2.4662863257e-01,3.5906870513e-01,3.9440535025e-01,4.9634981202e-01,-6.7309960600e+00,2.6476470260e-01
0.1950,0.9950,2.6179466406e-01,3.6898043059e-01,4.0521533639e-01,5.0797668790e-01,-6.7251447888e+00,2.7317471297e-01
0.2050,0.8050,-1.8090443362e-01,6.9785035175e-02,-1.5008880347e+00,-1.2551586453e+00,-6.8396937629e+00,-5.1313220944e-02
0.2050,0.8150,-1.6468436067e-01,8.1067345162e-02,-1.3015554936e+00,-1.0751740507e+00,-6.8332661961e+00,-3.3787725121e-02
0.2050,0.8250,-1.4854751379e-01,9.2254500645e-02,-1.1146947706e+00,-9.0619989153e-01,-6.8272700299e+00,-1.6870794503e-02
0.2050,0.8350,-1.3249315347e-01,1.0334677448e-01,-9.3998769616e-01,-7.4798429424e-01,-6.8216740260e+00,-5.4778935485e-04
0.2050,0.8450,-1.1652067085e-01,1.1434509065e-01,-7.7713679431e-01,-6.0028971404e-01,-6.8164481318e+00,1.5195848112e-02
0.2050,0.8550,-1.0062958859e-01,1.2525094990e-01,-6.2586396086e-01,-4.6289205042e-01,-6.8115634563e+00,3.0374562665e-02
0.2050,0.8650,-8.4819557880e-02,1.3606634559e-01,-4.8590921331e-01,-3.3557981656e-01,-6.8069922432e+00,4.5002660970e-02
0.2050,0.8750,-6.9090357281e-02,1.4679370214e-01,-3.5702955422e-01,-2.1815337565e-01,-6.8027078446e+00,5.9094287779e-02
0.2050,0.8850,-5.3441888243e-02,1.5743580775e-01,-2.3899789048e-01,-1.1042422237e-01,-6.7986846932e+00,7.2663407186e-02
0.2050,0.8950,-3.7874172520e-02,1.6799576381e-01,-1.3160205453e-01,-1.2214321427e-02,-6.7948982742e+00,8.5723784678e-02
0.2050,0.9050,-2.2387346592e-02,1.7847692535e-01,-3.4643872868e-02,7.6644516456e-02,-6.7913250964e+00,9.8288973626e-02
0.2050,0.9150,-6.9816580975e-03,1.8888286467e-01,5.2061685379e-02,1.5631120868e-01,-6.7879426644e+00,1.1037230217e-01
0.2050,0.9250,8.3425402941e-03,1.9921732029e-01,1.2868731281e-01,2.2693594414e-01,-6.7847294492e+00,1.2198686373e-01
0.2050,0.9350,2.3584795354e-02,2.0948416498e-01,1.9539410321e-01,2.8866068412e-01,-6.7816648598e+00,1.3314550813e-01
0.2050,0.9450,3.8744559362e-02,2.1968737030e-01,2.5233225161e-01,3.4161963500e-01,-6.7787292150e+00,1.4386083506e-01
0.2050,0.9550,5.3821195501e-02,2.2983097320e-01,2.9964169743e-01,3.8593968815e-01,-6.7759037146e+00,1.5414518881e-01
0.2050,0.9650,6.8813983443e-02,2.3991905333e-01,3.3745273320e-01,4.2174083147e-01,-6.7731704121e+00,1.6401065403e-01
0.2050,0.9750,8.3722125521e-02,2.4995570319e-01,3.6588656890e-01,4.4913653636e-01,-6.7705121867e+00,1.7346905337e-01
0.2050,0.9850,9.8544751732e-02,2.5994501026e-01,3.8505586031e-01,4.6823411799e-01,-6.7679127167e+00,1.8253194513e-01
0.2050,0.9950,1.1328092635e-01,2.6989103468e-01,3.9506520535e-01,4.7913507528e-01,-6.7653564522e+00,1.9121062304e-01
0.2150,0.7950,-3.1699937232e-01,-3.3806996354e-02,-1.5829744814e+00,-1.3554217135e+00,-6.7938870612e+00,-1.4991053040e-01
0.2150,0.8050,-3.0172399781e-01,-2.2365492878e-02,-1.3847998809e+00,-1.1758169247e+00,-6.7896552991e+00,-1.3178137815e-01
0.2150,0.8150,-2.8651696309e-01,-1.1041780091e-02,-1.1985688880e+00,-1.0067826415e+00,-6.7859374874e+00,-1.1427134969e-01
0.2150,0.8250,-2.7137652843e-01,1.6523487251e-04,-1.0239676905e+00,-8.4807096634e-01,-6.7826983722e+00,-9.7365485085e-02
0.2150,0.8350,-2.5630112498e-01,1.1257342232e-02,-8.6070296326e-01,-6.9944821564e-01,-6.7799039928e+00,-8.1048878377e-02
0.2150,0.8450,-2.4128935595e-01,2.2236948027e-02,-7.0850055003e-01,-5.6069403366e-01,-6.7775216570e+00,-6.5306713379e-02
0.2150,0.8550,-2.2633999547e-01,3.3106981822e-02,-5.6710421753e-01,-4.3160056181e-01,-6.7755199141e+00,-5.0124293756e-02
0.2150,0.8650,-2.1145198750e-01,4.3870832814e-02,-4.3627452025e-01,-3.1197167553e-01,-6.7738685275e+00,-3.5487070806e-02
0.2150,0.8750,-1.9662444223e-01,5.4532275056e-02,-3.1578772636e-01,-2.0162226653e-01,-6.7725384461e+00,-2.1380666052e-02
0.2150,0.8850,-1.8185663336e-01,6.5095410435e-02,-2.0543484518e-01,-1.0037758228e-01,-6.7715017747e+00,-7.7908924367e-03
0.2150,0.8950,-1.6714799274e-01,7.5564608234e-02,-1.0502069765e-01,-8.0726041664e-03,-6.7707317441e+00,5.2962292630e-03
0.2150,0.9050,-1.5249810661e-01,8.5944462856e-02,-1.4363072625e-02,7.5448525080e-02,-6.7702026814e+00,1.7894454521e-02
0.2150,0.9150,-1.3790670891e-01,9.6239737964e-02,6.6708072112e-02,1.5033304275e-01,-6.7698899788e+00,3.0017303665e-02
0.2150,0.9250,-1.2337367684e-01,1.0645533429e-01,1.3835134488e-01,2.1672006427e-01,-6.7697700643e+00,4.1678050416e-02
0.2150,0.9350,-1.0889902342e-01,1.1659624841e-01,2.0071461344e-01,2.7474105399e-01,-6.7698203702e+00,5.2889714279e-02
0.2150,0.9450,-9.4482892510e-02,1.2666753831e-01,2.5393564307e-01,3.2452026209e-01,-6.7700193040e+00,6.3665052938e-02
0.2150,0.9550,-8.0125551031e-02,1.3667429796e-01,2.9814269959e-01,3.6617513367e-01,-6.7703462176e+00,7.4016557597e-02
0.2150,0.9650,-6.5827383634e-02,1.4662162463e-01,3.3345510827e-01,3.9981669312e-01,-6.7707813785e+00,8.3956448436e-02
0.2150,0.9750,-5.1588884929e-02,1.5651460037e-01,3.5998377650e-01,4.2554990129e-01,-6.7713059401e+00,9.3496672378e-02
0.2150,0.9850,-3.7410653807e-02,1.6635826693e-01,3.7783168552e-01,4.4347399319e-01,-6.7719019133e+00,1.0264890100e-01
0.2150,0.9950,-2.3293386126e-02,1.7615760861e-01,3.8709434580e-01,4.5368279210e-01,-6.7725521383e+00,1.1142453010e-01
0.2250,0.7850,-4.3611992947e-01,-1.2820114235e-01,-1.6601884873e+00,-1.4502026073e+00,-6.7172079338e+00,-2.4234071939e-01
0.2250,0.7950,-4.2189480300e-01,-1.1668825016e-01,-1.4632396261e+00,-1.2710631323e+00,-6.7148564284e+00,-2.2375489089e-01
0.2250,0.8050,-4.0773030545e-01,-1.0531906165e-01,-1.2777579985e+00,-1.1020959248e+00,-6.7131116003e+00,-2.0580001027e-01
0.2250,0.8150,-3.9362348345e-01,-9.4091692253e-02,-1.1034333183e+00,-9.4305640694e-01,-6.7119340409e+00,-1.8846075460e-01
0.2250,0.8250,-3.7957159282e-01,-8.3003505621e-02,-9.3997563354e-01,-7.9371413492e-01,-6.7112857387e+00,-1.7172182153e-01
0.2250,0.8350,-3.6557210047e-01,-7.2051205182e-02,-7.8711401046e-01,-6.5385191078e-01,-6.7111300549e+00,-1.5556797000e-01
0.2250,0.8450,-3.5162268632e-01,-6.1230929642e-02,-6.4459528265e-01,-5.2326494882e-01,-6.7114316965e+00,-1.3998405685e-01
0.2250,0.8550,-3.3772124178e-01,-5.0538324980e-02,-5.1218292023e-01,-4.0176011101e-01,-6.7121566887e+00,-1.2495506808e-01
0.2250,0.8650,-3.2386586901e-01,-3.9968626548e-02,-3.8965595813e-01,-2.8915518781e-01,-6.7132723457e+00,-1.1046614720e-01
0.2250,0.8750,-3.1005487671e-01,-2.9516719579e-02,-2.7680802421e-01,-1.8527823767e-01,-6.7147472399e+00,-9.6502618628e-02
0.2250,0.8850,-2.9628677750e-01,-1.9177204040e-02,-1.7344641237e-01,-8.9966965079e-02,-6.7165511720e+00,-8.3050009259e-02
0.2250,0.8950,-2.8256028184e-01,-8.9444433629e-03,-7.9391243969e-02,-3.0681482073e-03,-6.7186551385e+00,-7.0094065585e-02
0.2250,0.9050,-2.6887429396e-01,1.1873773462e-03,5.5253297660e-03,7.5562901422e-02,-6.7210313009e+00,-5.7620769631e-02
0.2250,0.9150,-2.5522790454e-01,1.1224215871e-02,8.1459858283e-02,1.4606283596e-01,-6.7236529530e+00,-4.5616350924e-02
0.2250,0.9250,-2.4162038564e-01,2.1172126345e-02,1.4855828095e-01,2.0856074119e-01,-6.7264944896e+00,-3.4067298010e-02
0.2250,0.9350,-2.2805118255e-01,3.1037224157e-02,2.0695656172e-01,2.6317857134e-01,-6.7295313739e+00,-2.2960366097e-02
0.2250,0.9450,-2.1451990813e-01,4.0825657199e-02,2.5678128824e-01,3.1003155691e-01,-6.7327401069e+00,-1.2282585036e-02
0.2250,0.9550,-2.0102633422e-01,5.0543569434e-02,2.9815022596e-01,3.4922858738e-01,-6.7360981945e+00,-2.0212636043e-03
0.2250,0.9650,-1.8757038541e-01,6.0197082892e-02,3.3117283761e-01,3.8087256609e-01,-6.7395841177e+00,7.8360056526e-03
0.2250,0.9750,-1.7415213070e-01,6.9792267885e-02,3.5595077039e-01,4.0506074662e-01,-6.7431773014e+00,1.7301344390e-02
0.2250,0.9850,-1.6077177644e-01,7.9335126292e-02,3.7257830726e-01,4.2188504430e-01,-6.7468580844e+00,2.6386586608e-02
0.2250,0.9950,-1.4742965889e-01,8.8831571389e-02,3.8114279471e-01,4.3143233108e-01,-6.7506076894e+00,3.5103278033e-02
0.2350,0.7750,-5.3850224639e-01,-2.1288573679e-01,-1.7327695119e+00,-1.5397133160e+00,-6.6141245666e+00,-3.2761732617e-01
0.2350,0.7850,-5.2538542554e-01,-2.0135959128e-01,-1.5370977217e+00,-1.3611118169e+00,-6.6133132857e+00,-3.0869468487e-01
0.2350,0.7950,-5.1232893940e-01,-1.9000617258e-01,-1.3524624669e+00,-1.1923209330e+00,-6.6132111617e+00,-2.9041656582e-01
0.2350,0.8050,-4.9932843798e-01,-1.7882285518e-01,-1.1785562408e+00,-1.0330988189e+00,-6.6137745159e+00,-2.7276725421e-01
0.2350,0.8150,-4.8637981427e-01,-1.6780620080e-01,-1.0150917697e+00,-8.8321771785e-01,-6.6149611660e+00,-2.5573101477e-01
0.2350,0.8250,-4.7347920892e-01,-1.5695205475e-01,-8.6180068891e-01,-7.4246306710e-01,-6.6167304022e+00,-2.3929213935e-01
0.2350,0.8350,-4.6062301436e-01,-1.4625565047e-01,-7.1843229102e-01,-6.1063266025e-01,-6.6190429619e+00,-2.2343498945e-01
0.2350,0.8450,-4.4780787553e-01,-1.3571168831e-01,-5.8475239315e-01,-4.8753587894e-01,-6.6218610018e+00,-2.0814403342e-01
0.2350,0.8550,-4.3503069004e-01,-1.2531442656e-01,-4.6054226573e-01,-3.7299297073e-01,-6.6251480685e+00,-1.9340387907e-01
0.2350,0.8650,-4.2228860609e-01,-1.1505774311e-01,-3.4559765746e-01,-2.6683438699e-01,-6.6288690680e+00,-1.7919930240e-01
0.2350,0.8750,-4.0957901945e-01,-1.0493520831e-01,-2.3972787080e-01,-1.6890015926e-01,-6.6329902346e+00,-1.6551527200e-01
0.2350,0.8850,-3.9689956962e-01,-9.4940139931e-02,-1.4275492570e-01,-7.9039325652e-02,-6.6374790978e+00,-1.5233697101e-01
0.2350,0.8950,-3.8424813419e-01,-8.5065662190e-02,-5.4512760636e-02,2.8906093501e-03,-6.6423044503e+00,-1.3964981464e-01
0.2350,0.9050,-3.7162282389e-01,-7.5304746759e-02,2.5153494352e-02,7.7024172370e-02,-6.6474363145e+00,-1.2743946667e-01
0.2350,0.9150,-3.5902197511e-01,-6.5650264710e-02,9.6388204283e-02,1.4348839116e-01,-6.6528459089e+00,-1.1569185149e-01
0.2350,0.9250,-3.4644414410e-01,-5.6095021235e-02,1.5932586312e-01,2.0240322834e-01,-6.6585056153e+00,-1.0439316592e-01
0.2350,0.9350,-3.3388809834e-01,-4.6631789894e-02,2.1409168898e-01,2.5388198899e-01,-6.6643889451e+00,-9.3529887073e-02
0.2350,0.9450,-3.2135281017e-01,-3.7253351182e-02,2.6080217610e-01,2.9803170236e-01,-6.6704705064e+00,-8.3088780185e-02
0.2350,0.9550,-3.0883744742e-01,-2.7952511859e-02,2.9956561124e-01,3.3495347551e-01,-6.6767259711e+00,-7.3056903167e-02
0.2350,0.9650,-2.9634136672e-01,-1.8722138631e-02,3.3048255834e-01,3.6474282897e-01,-6.6831320426e+00,-6.3421611349e-02
0.2350,0.9750,-2.8386410388e-01,-9.5551750478e-03,3.5364630618e-01,3.8749000643e-01,-6.6896664234e+00,-5.4170559239e-02
0.2350,0.9850,-2.7140536677e-01,-4.4466442115e-04,3.6914329412e-01,4.0328026865e-01,-6.6963077843e+00,-4.5291702751e-02
0.2350,0.9950,-2.5896502611e-01,8.6162334084e-03,3.7705350369e-01,4.1219416670e-01,-6.7030357324e+00,-3.6773299032e-02
0.2450,0.7650,-6.2469640930e-01,-2.8768606086e-01,-1.8009502407e+00,-1.6241660934e+00,-6.4887367070e+00,-4.0509790992e-01
0.2450,0.7750,-6.1270323117e-01,-2.7617783700e-01,-1.6065930800e+00,-1.4461644273e+00,-6.4891063636e+00,-3.8593138139e-01
0.2450,0.7850,-6.0077759418e-01,-2.6487424216e-01,-1.4228822458e+00,-1.2776440211e+00,-6.4902969650e+00,-3.6742505397e-01
0.2450,0.7950,-5.8891360126e-01,-2.5377198512e-01,-1.2495123372e+00,-1.1183652350e+00,-6.4922604713e+00,-3.4956280991e-01
0.2450,0.8050,-5.7710562515e-01,-2.4286688780e-01,-1.0861981274e+00,-9.6810250192e-01,-6.4949504315e+00,-3.3232846025e-01
0.2450,0.8150,-5.6534831877e-01,-2.3215399133e-01,-9.3267323307e-01,-8.2664342608e-01,-6.4983219625e+00,-3.1570580196e-01
0.2450,0.8250,-5.5363662054e-01,-2.2162766919e-01,-7.8868885683e-01,-6.9378793836e-01,-6.5023317246e+00,-2.9967866582e-01
0.2450,0.8350,-5.4196575969e-01,-2.1128171596e-01,-6.5401265251e-01,-5.6934752245e-01,-6.5069378946e+00,-2.8423096151e-01
0.2450,0.8450,-5.3033125680e-01,-2.0110944167e-01,-5.2842764641e-01,-4.5314448880e-01,-6.5121001372e+00,-2.6934671438e-01
0.2450,0.8550,-5.1872892519e-01,-1.9110374103e-01,-4.1173126195e-01,-3.4501130875e-01,-6.5177795748e+00,-2.5501010068e-01
0.2450,0.8650,-5.0715486787e-01,-1.8125717327e-01,-3.0373439410e-01,-2.4478998781e-01,-6.5239387556e+00,-2.4120547530e-01
0.2450,0.8750,-4.9560547606e-01,-1.7156202180e-01,-2.0426057151e-01,-1.5233149011e-01,-6.5305416211e+00,-2.2791739880e-01
0.2450,0.8850,-4.8407742343e-01,-1.6201035636e-01,-1.1314515648e-01,-6.7495196570e-02,-6.5375534724e+00,-2.1513065782e-01
0.2450,0.8950,-4.7256766241e-01,-1.5259408016e-01,-3.0234619549e-02,9.8515940054e-03,-6.5449409363e+00,-2.0283028541e-01
0.2450,0.9050,-4.6107341659e-01,-1.4330498600e-01,4.4614147018e-02,7.9834135716e-02,-6.5526719309e+00,-1.9100157546e-01
0.2450,0.9150,-4.4959217543e-01,-1.3413479214e-01,1.1153446275e-01,1.4257066945e-01,-6.5607156312e+00,-1.7963009743e-01
0.2450,0.9250,-4.3812168539e-01,-1.2507518272e-01,1.7065045188e-01,1.9817283120e-01,-6.5690424341e+00,-1.6870170628e-01
0.2450,0.9350,-4.2665994332e-01,-1.1611784721e-01,2.2207759463e-01,2.4674603319e-01,-6.5776239243e+00,-1.5820255221e-01
0.2450,0.9450,-4.1520518720e-01,-1.0725450265e-01,2.6592324157e-01,2.8838981736e-01,-6.5864328395e+00,-1.4811908726e-01
0.2450,0.9550,-4.0375588821e-01,-9.8476931211e-02,3.0228709641e-01,3.2319819086e-01,-6.5954430367e+00,-1.3843807094e-01
0.2450,0.9650,-3.9231074171e-01,-8.9776996786e-02,3.3126166177e-01,3.5125993453e-01,-6.6046294584e+00,-1.2914657418e-01
0.2450,0.9750,-3.8086865805e-01,-8.1146671913e-02,3.5293266301e-01,3.7265889662e-01,-6.6139680992e+00,-1.2023198151e-01
0.2450,0.9850,-3.6942875425e-01,-7.2578055073e-02,3.6737943723e-01,3.8747426476e-01,-6.6234359732e+00,-1.1168199313e-01
0.2450,0.9950,-3.5799034382e-01,-6.4063388472e-02,3.7467530386e-01,3.9578082291e-01,-6.6330110815e+00,-1.0348462424e-01
0.2550,0.7550,-6.9548519006e-01,-3.5269103136e-01,-1.8649538921e+00,-1.7037697823e+00,-6.3447988276e+00,-4.7442804510e-01
0.2550,0.7650,-6.8459297756e-01,-3.4120785833e-01,-1.6719373751e+00,-1.5264206938e+00,-6.3459752986e+00,-4.5508450895e-01
0.2550,0.7750,-6.7378296286e-01,-3.2996381450e-01,-1.4892130683e+00,-1.3582521791e+00,-6.3480933503e+00,-4.3641918919e-01
0.2550,0.7850,-6.6304758432e-01,-3.1895503626e-01,-1.3164770585e+00,-1.1990263253e+00,-6.3511005146e+00,-4.1841557415e-01
0.2550,0.7950,-6.5237957000e-01,-3.0817668978e-01,-1.1534455918e+00,-1.0485193057e+00,-6.3549459973e+00,-4.0105702063e-01
0.2550,0.8050,-6.4177195275e-01,-2.9762308542e-01,-9.9985373144e-01,-9.0652046835e-01,-6.3595806606e+00,-3.8432681992e-01
0.2550,0.8150,-6.3121807968e-01,-2.8728780323e-01,-8.5545409390e-01,-7.7283148246e-01,-6.3649570005e+00,-3.6820825356e-01
0.2550,0.8250,-6.2071162094e-01,-2.7716378678e-01,-7.2001570395e-01,-6.4726555820e-01,-6.3710291220e+00,-3.5268464575e-01
0.2550,0.8350,-6.1024657323e-01,-2.6724344571e-01,-5.9332291098e-01,-5.2964671426e-01,-6.3777527116e+00,-3.3773940654e-01
0.2550,0.8450,-5.9981726375e-01,-2.5751873186e-01,-4.7517440940e-01,-4.1980910712e-01,-6.3850850080e+00,-3.2335607302e-01
0.2550,0.8550,-5.8941834920e-01,-2.4798122851e-01,-3.6538231096e-01,-3.1759639974e-01,-6.3929847702e+00,-3.0951834215e-01
0.2550,0.8650,-5.7904481604e-01,-2.3862221061e-01,-2.6377130097e-01,-2.2286118323e-01,-6.4014122454e+00,-2.9621010275e-01
0.2550,0.8750,-5.6869197605e-01,-2.2943271490e-01,-1.7017783808e-01,-1.3546443188e-01,-6.4103291354e+00,-2.8341545985e-01
0.2550,0.8850,-5.5835546377e-01,-2.2040359341e-01,-8.4449428487e-02,-5.5275001677e-02,-6.4196985616e+00,-2.7111875907e-01
0.2550,0.8950,-5.4803122962e-01,-2.1152557036e-01,-6.4439363135e-03,1.7830841548e-02,-6.4294850303e+00,-2.5930460418e-01
0.2550,0.9050,-5.3771553523e-01,-2.0278928347e-01,6.3971048982e-02,8.3969857686e-02,-6.4396543973e+00,-2.4795787504e-01
0.2550,0.9150,-5.2740494484e-01,-1.9418532968e-01,1.2691880510e-01,1.4325224196e-01,-6.4501738319e+00,-2.3706373994e-01
0.2550,0.9250,-5.1709631891e-01,-1.8570430472e-01,1.8251402898e-01,1.9578200608e-01,-6.4610117814e+00,-2.2660766794e-01
0.2550,0.9350,-5.0678680475e-01,-1.7733682976e-01,2.3086334976e-01,2.4165733249e-01,-6.4721379354e+00,-2.1657543733e-01
0.2550,0.9450,-4.9647382848e-01,-1.6907359275e-01,2.7206581078e-01,2.8097091018e-01,-6.4835231903e+00,-2.0695314313e-01
0.2550,0.9550,-4.8615508568e-01,-1.6090536468e-01,3.0621331443e-01,3.1381024260e-01,-6.4951396143e+00,-1.9772720268e-01
0.2550,0.9650,-4.7582853178e-01,-1.5282303130e-01,3.3339104488e-01,3.4025794184e-01,-6.5069604121e+00,-1.8888435906e-01
0.2550,0.9750,-4.6549237321e-01,-1.4481761061e-01,3.5367785524e-01,3.6039199968e-01,-6.5189598911e+00,-1.8041168445e-01
0.2550,0.9850,-4.5514505664e-01,-1.3688027310e-01,3.6714663745e-01,3.7428604444e-01,-6.5311134271e+00,-1.7229658033e-01
0.2550,0.9950,-4.4478526055e-01,-1.2900235791e-01,3.7386466242e-01,3.8200958032e-01,-6.5433974313e+00,-1.6452677894e-01
0.2650,0.7450,-7.5181896627e-01,-4.0819221569e-01,-1.9249925945e+00,-1.7787272886e+00,-6.1857443017e+00,-5.3549149834e-01
0.2650,0.7550,-7.4197157989e-01,-3.9672015103e-01,-1.7333330496e+00,-1.6020758271e+00,-6.1873423807e+00,-5.1601319609e-01
0.2650,0.7650,-7.3222833067e-01,-3.8552398577e-01,-1.5516439330e+00,-1.4343298302e+00,-6.1900110501e+00,-4.9723357840e-01
0.2650,0.7750,-7.2257991048e-01,-3.7459940071e-01,-1.3796222529e+00,-1.2752526753e+00,-6.1936933709e+00,-4.7913577296e-01
0.2650,0.7850,-7.1301731174e-01,-3.6394101001e-01,-1.2169852011e+00,-1.1246218662e+00,-6.1983341547e+00,-4.6170270420e-01
0.2650,0.7950,-7.0353184651e-01,-3.5354248851e-01,-1.0634687996e+00,-9.8222810946e-01,-6.2038799492e+00,-4.4491716751e-01
0.2650,0.8050,-6.9411516294e-01,-3.4339670491e-01,-9.1882662172e-01,-8.4787445098e-01,-6.2102790199e+00,-4.2876189585e-01
0.2650,0.8150,-6.8475925673e-01,-3.3349582471e-01,-7.8282863885e-01,-7.2137548681e-01,-6.2174813274e+00,-4.1321961868e-01
0.2650,0.8250,-6.7545648023e-01,-3.2383142155e-01,-6.5526012849e-01,-6.0255662313e-01,-6.2254385018e+00,-3.9827311413e-01
0.2650,0.8350,-6.6619954815e-01,-3.1439456321e-01,-5.3592069007e-01,-4.9125339886e-01,-6.2341038151e+00,-3.8390525552e-01
0.2650,0.8450,-6.5698154076e-01,-3.0517590457e-01,-4.2462330842e-01,-3.8731084925e-01,-6.2434321504e+00,-3.7009905141e-01
0.2650,0.8550,-6.4779590531e-01,-2.9616575473e-01,-3.2119350706e-01,-2.9058292290e-01,-6.2533799704e+00,-3.5683768202e-01
0.2650,0.8650,-6.3863645455e-01,-2.8735415357e-01,-2.2546854422e-01,-2.0093193271e-01,-6.2639052839e+00,-3.4410452926e-01
0.2650,0.8750,-6.2949736512e-01,-2.7873093179e-01,-1.3729668500e-01,-1.1822805119e-01,-6.2749676112e+00,-3.3188320491e-01
0.2650,0.8850,-6.2037317235e-01,-2.7028576902e-01,-5.6536507640e-02,-4.2348836247e-02,-6.2865279485e+00,-3.2015757245e-01
0.2650,0.8950,-6.1125876639e-01,-2.6200824174e-01,1.6943729258e-02,2.6821206756e-02,-6.2985487326e+00,-3.0891176839e-01
0.2650,0.9050,-6.0214938440e-01,-2.5388787405e-01,8.3266680222e-02,8.9391036607e-02,-6.3109938040e+00,-2.9813021756e-01
0.2650,0.9150,-5.9304060494e-01,-2.4591417754e-01,1.4254646688e-01,1.4546345818e-01,-6.3238283703e+00,-2.8779764863e-01
0.2650,0.9250,-5.8392833827e-01,-2.3807668340e-01,1.9488919027e-01,1.9513547820e-01,-6.3370189697e+00,-2.7789910438e-01
0.2650,0.9350,-5.7480881951e-01,-2.3036498690e-01,2.4039341324e-01,2.3849864176e-01,-6.3505334343e+00,-2.6841995226e-01
0.2650,0.9450,-5.6567859785e-01,-2.2276876412e-01,2.7915060507e-01,2.7563934039e-01,-6.3643408536e+00,-2.5934589067e-01
0.2650,0.9550,-5.5653452840e-01,-2.1527780896e-01,3.1124556392e-01,3.0663910725e-01,-6.3784115383e+00,-2.5066295548e-01
0.2650,0.9650,-5.4737376139e-01,-2.0788205027e-01,3.3675680288e-01,3.3157488753e-01,-6.3927169846e+00,-2.4235752334e-01
0.2650,0.9750,-5.3819373251e-01,-2.0057157534e-01,3.5575691993e-01,3.5051929585e-01,-6.4072298387e+00,-2.3441631445e-01
0.2650,0.9850,-5.2899215283e-01,-1.9333664772e-01,3.6831293618e-01,3.6354085519e-01,-6.4219238618e+00,-2.2682639406e-01
0.2650,0.9950,-5.1976699770e-01,-1.8616772252e-01,3.7448661848e-01,3.7070422198e-01,-6.4367738961e+00,-2.1957517192e-01
0.2750,0.7350,-7.9476375298e-01,-4.5463350214e-01,-1.9812665076e+00,-1.8492338851e+00,-6.0147094443e+00,-5.8836646785e-01
0.2750,0.7450,-7.8587593374e-01,-4.4314046004e-01,-1.7909721306e+00,-1.6733186006e+00,-6.0163360475e+00,-5.6877277450e-01
0.2750,0.7550,-7.7712120452e-01,-4.3196199659e-01,-1.6103555077e+00,-1.5060565961e+00,-6.0191701361e+00,-5.4990069578e-01
0.2750,0.7650,-7.6848846665e-01,-4.2109347488e-01,-1.4391140437e+00,-1.3472121374e+00,-6.0231502836e+00,-5.3173305987e-01
0.2750,0.7750,-7.5996692003e-01,-4.1052908326e-01,-1.2769653903e+00,-1.1965636826e+00,-6.0282168797e+00,-5.1425240517e-01
0.2750,0.7850,-7.5154608867e-01,-4.0026197180e-01,-1.1236460740e+00,-1.0539029442e+00,-6.0343121212e+00,-4.9744106498e-01
0.2750,0.7950,-7.4321584446e-01,-3.9028439892e-01,-9.7891020539e-01,-9.1903401430e-01,-6.0413799974e+00,-4.8128124546e-01
0.2750,0.8050,-7.3496642300e-01,-3.8058784236e-01,-8.4252831242e-01,-7.9177256416e-01,-6.0493662716e+00,-4.6575509262e-01
0.2750,0.8150,-7.2678843897e-01,-3.7116312300e-01,-7.1428623984e-01,-6.7194509520e-01,-6.0582184581e+00,-4.5084475441e-01
0.2750,0.8250,-7.1867289445e-01,-3.6200049630e-01,-5.9398415437e-01,-5.5938825414e-01,-6.0678857970e+00,-4.3653243316e-01
0.2750,0.8350,-7.1061118755e-01,-3.5308975258e-01,-4.8143560061e-01,-4.5394818967e-01,-6.0783192251e+00,-4.2280043447e-01
0.2750,0.8450,-7.0259511492e-01,-3.4442029131e-01,-3.7646664879e-01,-3.5547996399e-01,-6.0894713459e+00,-4.0963120769e-01
0.2750,0.8550,-6.9461687530e-01,-3.3598120727e-01,-2.7891508691e-01,-2.6384699811e-01,-6.1012963964e+00,-3.9700738402e-01
0.2750,0.8650,-6.8666906751e-01,-3.2776135125e-01,-1.8862968609e-01,-1.7892056393e-01,-6.1137502136e+00,-3.8491180697e-01
0.2750,0.8750,-6.7874468993e-01,-3.1974939566e-01,-1.0546950443e-01,-1.0057930603e-01,-6.1267901993e+00,-3.7332756170e-01
0.2750,0.8850,-6.7083713529e-01,-3.1193388843e-01,-2.9303252320e-02,-2.8708800589e-02,-6.1403752838e+00,-3.6223799740e-01
0.2750,0.8950,-6.6294018693e-01,-3.0430330612e-01,3.9991304765e-02,3.6798858355e-02,-6.1544658893e+00,-3.5162674911e-01
0.2750,0.9050,-6.5504801146e-01,-2.9684609758e-01,1.0252790136e-01,9.6045442811e-02,-6.1690238928e+00,-3.4147775386e-01
0.2750,0.9150,-6.4715515211e-01,-2.8955072178e-01,1.5841228527e-01,1.4912694884e-01,-6.1840125888e+00,-3.3177526603e-01
0.2750,0.9250,-6.3925652061e-01,-2.8240569323e-01,2.0774270150e-01,1.9613393372e-01,-6.1993966514e+00,-3.2250386879e-01
0.2750,0.9350,-6.3134738778e-01,-2.7539960199e-01,2.5061033717e-01,2.3715182533e-01,-6.2151420972e+00,-3.1364848375e-01
0.2750,0.9450,-6.2342337521e-01,-2.6852115540e-01,2.8709974424e-01,2.7226121853e-01,-6.2312162479e+00,-3.0519437901e-01
0.2750,0.9550,-6.1548044397e-01,-2.6175919444e-01,3.1728922564e-01,3.0153814539e-01,-6.2475876929e+00,-2.9712717394e-01
0.2750,0.9650,-6.0751488598e-01,-2.5510272171e-01,3.4125120544e-01,3.2505433368e-01,-6.2642262532e+00,-2.8943284454e-01
0.2750,0.9750,-5.9952331183e-01,-2.4854092035e-01,3.5905256607e-01,3.4287744557e-01,-6.2811029444e+00,-2.8209772452e-01
0.2750,0.9850,-5.9150264164e-01,-2.4206317104e-01,3.7075497136e-01,3.5507130310e-01,-6.2981899418e+00,-2.7510850810e-01
0.2750,0.9950,-5.8345009273e-01,-2.3565906874e-01,3.7641516380e-01,3.6169609895e-01,-6.3154605444e+00,-2.6845224866e-01
0.2850,0.7250,-8.2545983474e-01,-4.9256984465e-01,-2.0339634503e+00,-1.9154761147e+00,-5.8345567201e+00,-6.3328751053e-01
0.2850,0.7350,-8.1742131024e-01,-4.8100842168e-01,-1.8450356170e+00,-1.7403300744e+00,-5.8358136411e+00,-6.1357695414e-01
0.2850,0.7450,-8.0955148438e-01,-4.6980177631e-01,-1.6655191843e+00,-1.5736057651e+00,-5.8384223253e+00,-5.9461331380e-01
0.2850,0.7550,-8.0183746279e-01,-4.5894511310e-01,-1.4951114624e+00,-1.4150679684e+00,-5.8423168693e+00,-5.7637920976e-01
0.2850,0.7650,-7.9426663143e-01,-4.4843233789e-01,-1.3335301077e+00,-1.2644957492e+00,-5.8474332382e+00,-5.5885686756e-01
0.2850,0.7750,-7.8682669392e-01,-4.3825620818e-01,-1.1805117319e+00,-1.1216815013e+00,-5.8537092641e+00,-5.4202821908e-01
0.2850,0.7850,-7.7950569975e-01,-4.2840849051e-01,-1.0358105928e+00,-9.8643005861e-01,-5.8610846368e+00,-5.2587498842e-01
0.2850,0.7950,-7.7229207021e-01,-4.1888008499e-01,-8.9919741533e-01,-8.5855788252e-01,-5.8695008895e+00,-5.1037877313e-01
0.2850,0.8050,-7.6517461632e-01,-4.0966115680e-01,-7.7045827616e-01,-7.3789230251e-01,-5.8789013806e+00,-4.9552111216e-01
0.2850,0.8150,-7.5814255571e-01,-4.0074123596e-01,-6.4939359802e-01,-6.2427082202e-01,-5.8892312708e+00,-4.8128355061e-01
0.2850,0.8250,-7.5118552259e-01,-3.9210932715e-01,-5.3581719699e-01,-5.1754046738e-01,-5.9004374971e+00,-4.6764769291e-01
0.2850,0.8350,-7.4429357742e-01,-3.8375399289e-01,-4.2955542347e-01,-4.1755719189e-01,-5.9124687448e+00,-4.5459525393e-01
0.2850,0.8450,-7.3745721077e-01,-3.7566344509e-01,-3.3044634607e-01,-3.2418531582e-01,-5.9252754157e+00,-4.4210810001e-01
0.2850,0.8550,-7.3066734725e-01,-3.6782561078e-01,-2.3833901110e-01,-2.3729701321e-01,-5.9388095956e+00,-4.3016828859e-01
0.2850,0.8650,-7.2391534469e-01,-3.6022820464e-01,-1.5309274240e-01,-1.5677182936e-01,-5.9530250202e+00,-4.1875809966e-01
0.2850,0.8750,-7.1719299360e-01,-3.5285879048e-01,-7.4576503312e-02,-8.2496235470e-02,-5.9678770389e+00,-4.0786006549e-01
0.2850,0.8850,-7.1049251315e-01,-3.4570483439e-01,-2.6682944726e-03,-1.4363212626e-02,-5.9833225782e+00,-3.9745699467e-01
0.2850,0.8950,-7.0380654653e-01,-3.3875375512e-01,6.2745403157e-02,4.7728135301e-02,-5.9993201051e+00,-3.8753199320e-01
0.2850,0.9050,-6.9712815523e-01,-3.3199296779e-01,1.2177014296e-01,1.0387294223e-01,-6.0158295884e+00,-3.7806848299e-01
0.2850,0.9150,-6.9045081101e-01,-3.2540992874e-01,1.7450399983e-01,1.5416091814e-01,-6.0328124612e+00,-3.6905021560e-01
0.2850,0.9250,-6.8376838888e-01,-3.1899216111e-01,2.2103801552e-01,1.9867666051e-01,-6.0502315827e+00,-3.6046128615e-01
0.2850,0.9350,-6.7707515687e-01,-3.1272730057e-01,2.6145662239e-01,2.3749995208e-01,-6.0680511996e+00,-3.5228614145e-01
0.2850,0.9450,-6.7036576790e-01,-3.0660311126e-01,2.9583803067e-01,2.7070603155e-01,-6.0862369083e+00,-3.4450958972e-01
0.2850,0.9550,-6.6363524812e-01,-3.0060751892e-01,3.2425459884e-01,2.9836585344e-01,-6.1047556172e+00,-3.3711680461e-01
0.2850,0.9650,-6.5687898794e-01,-2.9472863062e-01,3.4677317108e-01,3.2054632703e-01,-6.1235755090e+00,-3.3009333117e-01
0.2850,0.9750,-6.5009272969e-01,-2.8895475393e-01,3.6345540051e-01,3.3731054234e-01,-6.1426660039e+00,-3.2342508699e-01
0.2850,0.9850,-6.4327255761e-01,-2.8327441601e-01,3.7435804634e-01,3.4871798134e-01,-6.1619977226e+00,-3.1709836458e-01
0.2850,0.9950,-6.3641488594e-01,-2.7767637660e-01,3.7953325478e-01,3.5482471580e-01,-6.1815424510e+00,-3.1109983092e-01
0.2950,0.7150,-8.4508895466e-01,-5.2263367070e-01,-2.0832588871e+00,-1.9776311266e+00,-5.6478967099e+00,-6.7061265795e-01
0.2950,0.7250,-8.3776829719e-01,-5.1094382901e-01,-1.8956932662e+00,-1.8032827856e+00,-5.6483830048e+00,-6.5076509952e-01
0.2950,0.7350,-8.3065816777e-01,-4.9965006725e-01,-1.7172965901e+00,-1.6371432753e+00,-5.6503722068e+00,-6.3169194835e-01
0.2950,0.7450,-8.2374390850e-01,-4.8874761212e-01,-1.5477656125e+00,-1.4789775460e+00,-5.6537939731e+00,-6.1337573763e-01
0.2950,0.7550,-8.1701111003e-01,-4.7823025254e-01,-1.3868175689e+00,-1.3285649458e+00,-5.6585798685e+00,-5.9579848629e-01
0.2950,0.7650,-8.1044565590e-01,-4.6809050406e-01,-1.2341887625e+00,-1.1856982485e+00,-5.6646633708e+00,-5.7894181054e-01
0.2950,0.7750,-8.0403376314e-01,-4.5831978088e-01,-1.0896332363e+00,-1.0501827481e+00,-5.6719798691e+00,-5.6278702658e-01
0.2950,0.7850,-7.9776201294e-01,-4.4890852925e-01,-9.5292157452e-01,-9.2183543358e-01,-5.6804666555e+00,-5.4731523985e-01
0.2950,0.7950,-7.9161737921e-01,-4.3984637196e-01,-8.2383977407e-01,-8.0048421615e-01,-5.6900629115e+00,-5.3250742763e-01
0.2950,0.8050,-7.8558724837e-01,-4.3112221686e-01,-7.0218822554e-01,-6.8596722565e-01,-5.7007096898e+00,-5.1834450974e-01
0.2950,0.8150,-7.7965943830e-01,-4.2272437805e-01,-5.8778075040e-01,-5.7813214942e-01,-5.7123498918e+00,-5.0480741447e-01
0.2950,0.8250,-7.7382220966e-01,-4.1464066620e-01,-4.8044373192e-01,-4.7683562897e-01,-5.7249282416e+00,-4.9187713391e-01
0.2950,0.8350,-7.6806427719e-01,-4.0685848549e-01,-3.8001528924e-01,-3.8194269294e-01,-5.7383912575e+00,-4.7953477605e-01
0.2950,0.8450,-7.6237481432e-01,-3.9936490797e-01,-2.8634453159e-01,-2.9332623809e-01,-5.7526872210e+00,-4.6776160750e-01
0.2950,0.8550,-7.5674345849e-01,-3.9214675427e-01,-1.9929085231e-01,-2.1086654086e-01,-5.7677661437e+00,-4.5653909408e-01
0.2950,0.8650,-7.5116031087e-01,-3.8519065784e-01,-1.1872328463e-01,-1.3445080840e-01,-5.7835797320e+00,-4.4584893330e-01
0.2950,0.8750,-7.4561593659e-01,-3.7848312349e-01,-4.4519895047e-02,-6.3972758377e-02,-5.8000813522e+00,-4.3567308519e-01
0.2950,0.8850,-7.4010136106e-01,-3.7201058407e-01,2.3432776353e-02,6.6777163562e-04,-5.8172259926e+00,-4.2599379675e-01
0.2950,0.8950,-7.3460806601e-01,-3.6575944832e-01,8.5240234037e-02,5.9565187411e-02,-5.8349702259e+00,-4.1679362434e-01
0.2950,0.9050,-7.2912798373e-01,-3.5971614775e-01,1.4100051732e-01,1.1280847855e-01,-5.8532721712e+00,-4.0805545203e-01
0.2950,0.9150,-7.2365348935e-01,-3.5386716750e-01,1.9080464691e-01,1.6048153221e-01,-5.8720914555e+00,-3.9976250666e-01
0.2950,0.9250,-7.1817739401e-01,-3.4819909560e-01,2.3473705090e-01,2.0266343264e-01,-5.8913891742e+00,-3.9189837141e-01
0.2950,0.9350,-7.1269293432e-01,-3.4269863949e-01,2.7287595312e-01,2.3942873274e-01,-5.9111278532e+00,-3.8444699493e-01
0.2950,0.9450,-7.0719376445e-01,-3.3735266518e-01,3.0529374490e-01,2.7084771602e-01,-5.9312714094e+00,-3.7739270093e-01
0.2950,0.9550,-7.0167394415e-01,-3.3214821637e-01,3.3205732268e-01,2.9698663550e-01,-5.9517851131e+00,-3.7072019268e-01
0.2950,0.9650,-6.9612792960e-01,-3.2707253735e-01,3.5322841263e-01,3.1790794110e-01,-5.9726355492e+00,-3.6441455904e-01
0.2950,0.9750,-6.9055056084e-01,-3.2211309436e-01,3.6886386735e-01,3.3367049128e-01,-5.9937905796e+00,-3.5846127573e-01
0.2950,0.9850,-6.8493705136e-01,-3.1725758891e-01,3.7901594756e-01,3.4432975107e-01,-6.0152193065e+00,-3.5284620784e-01
0.2950,0.9950,-6.7928297597e-01,-3.1249397546e-01,3.8373258471e-01,3.4993797908e-01,-6.0368920350e+00,-3.4755560941e-01
0.3050,0.7050,-8.5484839958e-01,-5.4550769266e-01,-2.1293161423e+00,-2.0358663219e+00,-5.4571086239e+00,-7.0079517577e-01
0.3050,0.7150,-8.4809664000e-01,-5.3361927576e-01,-1.9431036410e+00,-1.8623402750e+00,-5.4564226940e+00,-6.8077408723e-01
0.3050,0.7250,-8.4160295052e-01,-5.2216890674e-01,-1.7658394124e+00,-1.6968270737e+00,-5.4573971470e+00,-6.6155681588e-01
0.3050,0.7350,-8.3535098593e-01,-5.1115203874e-01,-1.5972192174e+00,-1.5390915106e+00,-5.4599572688e+00,-6.4312596644e-01
0.3050,0.7450,-8.2932459630e-01,-5.0056253057e-01,-1.4369594679e+00,-1.3889129143e+00,-5.4640302745e+00,-6.2546348652e-01
0.3050,0.7550,-8.2350788477e-01,-4.9039282684e-01,-1.2847957883e+00,-1.2460841572e+00,-5.4695453240e+00,-6.0855079601e-01
0.3050,0.7650,-8.1788525731e-01,-4.8063414365e-01,-1.1404816632e+00,-1.1104107319e+00,-5.4764335285e+00,-5.9236890230e-01
0.3050,0.7750,-8.1244146481e-01,-4.7127661681e-01,-1.0037872213e+00,-9.8170991048e-01,-5.4846279497e+00,-5.7689850514e-01
0.3050,0.7850,-8.0716163808e-01,-4.6230945616e-01,-8.7449808821e-01,-8.5980995867e-01,-5.4940635925e+00,-5.6212008880e-01
0.3050,0.7950,-8.0203131765e-01,-4.5372106803e-01,-7.5241435434e-01,-7.4454941943e-01,-5.5046773920e+00,-5.4801400665e-01
0.3050,0.8050,-7.9703647683e-01,-4.4549918456e-01,-6.3734959802e-01,-6.3577644211e-01,-5.5164081954e+00,-5.3456055396e-01
0.3050,0.8150,-7.9216354172e-01,-4.3763096151e-01,-5.2913000434e-01,-5.3334816995e-01,-5.5291967405e+00,-5.2174003578e-01
0.3050,0.8250,-7.8739940483e-01,-4.3010308547e-01,-4.2759353087e-01,-4.3713016515e-01,-5.5429856295e+00,-5.0953282375e-01
0.3050,0.8350,-7.8273143749e-01,-4.2290185593e-01,-3.3258915352e-01,-3.4699588259e-01,-5.5577193009e+00,-4.9791941000e-01
0.3050,0.8450,-7.7814749599e-01,-4.1601327331e-01,-2.4397615331e-01,-2.6282617565e-01,-5.5733439982e+00,-4.8688045089e-01
0.3050,0.8550,-7.7363592786e-01,-4.0942310648e-01,-1.6162346450e-01,-1.8450884219e-01,-5.5898077368e+00,-4.7639680916e-01
0.3050,0.8650,-7.6918557231e-01,-4.0311695886e-01,-8.5409063997e-02,-1.1193819979e-01,-5.6070602695e+00,-4.6644958714e-01
0.3050,0.8750,-7.6478576178e-01,-3.9708033285e-01,-1.5219407323e-02,-4.5014690543e-02,-5.6250530495e+00,-4.5702015900e-01
0.3050,0.8850,-7.6042631803e-01,-3.9129867776e-01,4.9051094557e-02,1.6355484522e-02,-5.6437391941e+00,-4.4809019544e-01
0.3050,0.8950,-7.5609754976e-01,-3.8575744307e-01,1.0750056847e-01,7.2260709411e-02,-5.6630734459e+00,-4.3964168762e-01
0.3050,0.9050,-7.5179024582e-01,-3.8044211515e-01,1.6022012755e-01,1.2278426968e-01,-5.6830121346e+00,-4.3165696523e-01
0.3050,0.9150,-7.4749566949e-01,-3.7533826668e-01,2.0729430079e-01,1.6800465333e-01,-5.7035131377e+00,-4.2411871309e-01
0.3050,0.9250,-7.4320554997e-01,-3.7043157793e-01,2.4880142261e-01,2.0799582468e-01,-5.7245358415e+00,-4.1700998438e-01
0.3050,0.9350,-7.3891207356e-01,-3.6570788029e-01,2.8481400627e-01,2.4282748798e-01,-5.7460411017e+00,-4.1031421075e-01
0.3050,0.9450,-7.3460787464e-01,-3.6115317544e-01,3.1539908298e-01,2.7256532709e-01,-5.7679912043e+00,-4.0401521195e-01
0.3050,0.9550,-7.3028602414e-01,-3.5675366208e-01,3.4061852744e-01,2.9727123423e-01,-5.7903498267e+00,-3.9809720071e-01
0.3050,0.9650,-7.2594002024e-01,-3.5249576019e-01,3.6052935532e-01,3.1700352261e-01,-5.8130819987e+00,-3.9254478903e-01
0.3050,0.9750,-7.2156377530e-01,-3.4836612443e-01,3.7518400542e-01,3.3181712472e-01,-5.8361540647e+00,-3.8734298946e-01
0.3050,0.9850,-7.1715160591e-01,-3.4435166563e-01,3.8463060318e-01,3.4176378046e-01,-5.8595336456e+00,-3.8247721819e-01
0.3050,0.9950,-7.1269821942e-01,-3.4043956176e-01,3.8891320565e-01,3.4689221119e-01,-5.8831896014e+00,-3.7793329385e-01
0.3150,0.6950,-8.5593064024e-01,-5.6190304021e-01,-2.1722867625e+00,-2.0903392227e+00,-5.2643592706e+00,-7.2435942811e-01
0.3150,0.7050,-8.4958464262e-01,-5.4973811990e-01,-1.9874143393e+00,-1.9176568573e+00,-5.2621006987e+00,-7.0411421555e-01
0.3150,0.7150,-8.4354939912e-01,-5.3805342477e-01,-1.8112894487e+00,-1.7528067472e+00,-5.2616657642e+00,-6.8470379892e-01
0.3150,0.7250,-8.3780699528e-01,-5.2684486100e-01,-1.6436064407e+00,-1.5955532189e+00,-5.2629754814e+00,-6.6611104852e-01
0.3150,0.7350,-8.3233963674e-01,-5.1610656519e-01,-1.4840805209e+00,-1.4456752963e+00,-5.2659527960e+00,-6.4831801176e-01
0.3150,0.7450,-8.2712972264e-01,-5.0583110161e-01,-1.3324462823e+00,-1.3029656860e+00,-5.2705226132e+00,-6.3130606238e-01
0.3150,0.7550,-8.2215990642e-01,-4.9600966378e-01,-1.1884563281e+00,-1.1672298345e+00,-5.2766118142e+00,-6.1505603008e-01
0.3150,0.7650,-8.1741315049e-01,-4.8663223702e-01,-1.0518800338e+00,-1.0382850693e+00,-5.2841492642e+00,-5.9954832196e-01
0.3150,0.7750,-8.1287277015e-01,-4.7768776720e-01,-9.2250238043e-01,-9.1595979848e-01,-5.2930658133e+00,-5.8476302669e-01
0.3150,0.7850,-8.0852247321e-01,-4.6916429312e-01,-8.0012290525e-01,-8.0009278089e-01,-5.3032942897e+00,-5.7068001271e-01
0.3150,0.7950,-8.0434639040e-01,-4.6104908689e-01,-6.8455470972e-01,-6.9053244383e-01,-5.3147694873e+00,-5.5727901139e-01
0.3150,0.8050,-8.0032910295e-01,-4.5332876254e-01,-5.7562356636e-01,-5.8713626020e-01,-5.3274281493e+00,-5.4453969583e-01
0.3150,0.8150,-7.9645566235e-01,-4.4598939238e-01,-4.7316707327e-01,-4.8977016464e-01,-5.3412089458e+00,-5.3244174665e-01
0.3150,0.8250,-7.9271160822e-01,-4.3901659858e-01,-3.7703389069e-01,-3.9830801925e-01,-5.3560524493e+00,-5.2096491445e-01
0.3150,0.8350,-7.8908297976e-01,-4.3239564511e-01,-2.8708301746e-01,-3.1263111323e-01,-5.3719011058e+00,-5.1008907157e-01
0.3150,0.8450,-7.8555632568e-01,-4.2611151454e-01,-2.0318313336e-01,-2.3262770245e-01,-5.3886992047e+00,-4.9979426049e-01
0.3150,0.8550,-7.8211870953e-01,-4.2014898092e-01,-1.2521198218e-01,-1.5819257937e-01,-5.4063928450e+00,-4.9006073470e-01
0.3150,0.8650,-7.7875771300e-01,-4.1449267978e-01,-5.3055801923e-02,-8.9226673526e-02,-5.4249299010e+00,-4.8086899481e-01
0.3150,0.8750,-7.7546143688e-01,-4.0912715907e-01,1.3391203693e-02,-2.5636682193e-02,-5.4442599858e+00,-4.7219982081e-01
0.3150,0.8850,-7.7221849877e-01,-4.0403693864e-01,7.4227361930e-02,3.2665277092e-02,-5.4643344138e+00,-4.6403429799e-01
0.3150,0.8950,-7.6901803098e-01,-3.9920655356e-01,1.2954398260e-01,8.5761986526e-02,-5.4851061631e+00,-4.5635384205e-01
0.3150,0.9050,-7.6584967411e-01,-3.9462060303e-01,1.7942579167e-01,1.3373143053e-01,-5.5065298355e+00,-4.4914021682e-01
0.3150,0.9150,-7.6270357209e-01,-3.9026377768e-01,2.2395132264e-01,1.7664707239e-01,-5.5285616184e+00,-4.4237555320e-01
0.3150,0.9250,-7.5957036316e-01,-3.8612090790e-01,2.6319329203e-01,2.1457811991e-01,-5.5511592445e+00,-4.3604236061e-01
0.3150,0.9350,-7.5644117261e-01,-3.8217698220e-01,2.9721894066e-01,2.4758976603e-01,-5.5742819524e+00,-4.3012354038e-01
0.3150,0.9450,-7.5330760186e-01,-3.7841717967e-01,3.2609036048e-01,2.7574341953e-01,-5.5978904470e+00,-4.2460239275e-01
0.3150,0.9550,-7.5016171929e-01,-3.7482689563e-01,3.4986479308e-01,2.9909691850e-01,-5.6219468602e+00,-4.1946262488e-01
0.3150,0.9650,-7.4699604869e-01,-3.7139175678e-01,3.6859491310e-01,3.1770472955e-01,-5.6464147119e+00,-4.1468835526e-01
0.3150,0.9750,-7.4380355780e-01,-3.6809764604e-01,3.8232909242e-01,3.3161813692e-01,-5.6712588708e+00,-4.1026411651e-01
0.3150,0.9850,-7.4057764720e-01,-3.6493071386e-01,3.9111164557e-01,3.4088541693e-01,-5.6964455165e+00,-4.0617485817e-01
0.3150,0.9950,-7.3731213689e-01,-3.6187739462e-01,3.9498306280e-01,3.4555200388e-01,-5.7219421019e+00,-4.0240594537e-01
0.3250,0.6850,-8.4950743463e-01,-5.7254180517e-01,-2.2123109798e+00,-2.1411974952e+00,-5.0716204727e+00,-7.4188032908e-01
0.3250,0.6950,-8.4339304861e-01,-5.6001685717e-01,-2.0287623431e+00,-1.9693775634e+00,-5.0673916595e+00,-7.2134866937e-01
0.3250,0.7050,-8.3764661203e-01,-5.4801404407e-01,-1.8537787994e+00,-1.8052233518e+00,-5.0651549426e+00,-7.0168392695e-01
0.3250,0.7150,-8.3224880340e-01,-5.3652997643e-01,-1.6870528872e+00,-1.6484984272e+00,-5.0648271975e+00,-6.8286946987e-01
0.3250,0.7250,-8.2718032250e-01,-5.2555929952e-01,-1.5282982384e+00,-1.4989812385e+00,-5.0663272123e+00,-6.6488765351e-01
0.3250,0.7350,-8.2242197994e-01,-5.1509490961e-01,-1.3772480791e+00,-1.3564640772e+00,-5.0695757294e+00,-6.4771998956e-01
0.3250,0.7450,-8.1795477251e-01,-5.0512817326e-01,-1.2336538235e+00,-1.2207521127e+00,-5.0744954743e+00,-6.3134729373e-01
0.3250,0.7550,-8.1375995073e-01,-4.9564910462e-01,-1.0972838110e+00,-1.0916625145e+00,-5.0810111750e+00,-6.1574982349e-01
0.3250,0.7650,-8.0981907468e-01,-4.8664654869e-01,-9.6792211820e-01,-9.6902363520e-01,-5.0890495711e+00,-6.0090739782e-01
0.3250,0.7750,-8.0611406380e-01,-4.7810832728e-01,-8.4536749029e-01,-8.5267426567e-01,-5.0985394159e+00,-5.8679950862e-01
0.3250,0.7850,-8.0262723715e-01,-4.7002139105e-01,-7.2943233272e-01,-7.4246294004e-01,-5.1094114708e+00,-5.7340541728e-01
0.3250,0.7950,-7.9934134873e-01,-4.6237193963e-01,-6.1994180413e-01,-6.3824730146e-01,-5.1215984946e+00,-5.6070424398e-01
0.3250,0.8050,-7.9623961563e-01,-4.5514554904e-01,-5.1673295806e-01,-5.3989350808e-01,-5.1350352266e+00,-5.4867504527e-01
0.3250,0.8150,-7.9330574133e-01,-4.4832726839e-01,-4.1965396694e-01,-4.4727569079e-01,-5.1496583661e+00,-5.3729688449e-01
0.3250,0.8250,-7.9052393453e-01,-4.4190172376e-01,-3.2856339053e-01,-3.6027544450e-01,-5.1654065476e+00,-5.2654889414e-01
0.3250,0.8350,-7.8787892271e-01,-4.3585320045e-01,-2.4332950916e-01,-2.7878136151e-01,-5.1822203132e+00,-5.1641033020e-01
0.3250,0.8450,-7.8535596375e-01,-4.3016572633e-01,-1.6382970044e-01,-2.0268859492e-01,-5.2000420819e+00,-5.0686062210e-01
0.3250,0.8550,-7.8294085175e-01,-4.2482314272e-01,-8.9949861293e-02,-1.3189845499e-01,-5.2188161166e+00,-4.9787941367e-01
0.3250,0.8650,-7.8061992273e-01,-4.1980916417e-01,-2.1583875069e-02,-6.6318034705e-02,-5.2384884898e+00,-4.8944660273e-01
0.3250,0.8750,-7.7838005477e-01,-4.1510744419e-01,4.1366889704e-02,-5.8598582297e-03,-5.2590070473e+00,-4.8154237135e-01
0.3250,0.8850,-7.7620866893e-01,-4.1070162131e-01,9.8994035673e-02,4.9558441976e-02,-5.2803213707e+00,-4.7414721641e-01
0.3250,0.8950,-7.7409372499e-01,-4.0657537214e-01,1.5138257392e-01,1.0001443068e-01,-5.3023827390e+00,-4.6724197146e-01
0.3250,0.9050,-7.7202371849e-01,-4.0271244416e-01,1.9861131786e-01,1.4558114941e-01,-5.3251440902e+00,-4.6080782953e-01
0.3250,0.9150,-7.6998767368e-01,-3.9909670740e-01,2.4075326174e-01,1.8632738406e-01,-5.3485599810e+00,-4.5482635852e-01
0.3250,0.9250,-7.6797513692e-01,-3.9571217399e-01,2.7787592411e-01,2.2231790713e-01,-5.3725865477e+00,-4.4927951696e-01
0.3250,0.9350,-7.6597616813e-01,-3.9254303691e-01,3.1004167660e-01,2.5361371082e-01,-5.3971814661e+00,-4.4414966516e-01
0.3250,0.9450,-7.6398133107e-01,-3.8957369562e-01,3.3730804380e-01,2.8027222099e-01,-5.4223039115e+00,-4.3941957413e-01
0.3250,0.9550,-7.6198168399e-01,-3.8678877453e-01,3.5972798835e-01,3.0234749813e-01,-5.4479145194e+00,-4.3507243391e-01
0.3250,0.9650,-7.5996876755e-01,-3.8417315130e-01,3.7735017604e-01,3.1989042743e-01,-5.4739753456e+00,-4.3109185704e-01
0.3250,0.9750,-7.5793459485e-01,-3.8171196799e-01,3.9021922200e-01,3.3294889368e-01,-5.5004498274e+00,-4.2746188401e-01
0.3250,0.9850,-7.5587163796e-01,-3.7939065102e-01,3.9837592493e-01,3.4156794827e-01,-5.5273027447e+00,-4.2416698314e-01
0.3250,0.9950,-7.5377281715e-01,-3.7719492330e-01,4.0185748271e-01,3.4578996397e-01,-5.5545001822e+00,-4.2119205286e-01
0.3350,0.6750,-8.3671751464e-01,-5.7814319771e-01,-2.2495182132e+00,-2.1885790830e+00,-4.8806849685e+00,-7.5396591011e-01
0.3350,0.6850,-8.3065252180e-01,-5.6517111411e-01,-2.0672744267e+00,-2.0176382061e+00,-4.8740926101e+00,-7.3307607539e-01
0.3350,0.6950,-8.2501649748e-01,-5.5276231227e-01,-1.8934301539e+00,-1.8542093835e+00,-4.8696654116e+00,-7.1308592318e-01
0.3350,0.7050,-8.1978892239e-01,-5.4091438461e-01,-1.7276757335e+00,-1.6980551414e+00,-4.8673162791e+00,-6.9397959292e-01
0.3350,0.7150,-8.1494917243e-01,-5.2962274033e-01,-1.5697228708e+00,-1.5489530959e+00,-4.8669599879e+00,-6.7573999421e-01
0.3350,0.7250,-8.1047662655e-01,-5.1888084205e-01,-1.4193031014e+00,-1.4066948863e+00,-4.8685132406e+00,-6.5834899735e-01
0.3350,0.7350,-8.0635075896e-01,-5.0868044449e-01,-1.2761663554e+00,-1.2710851868e+00,-4.8718947102e+00,-6.4178760134e-01
0.3350,0.7450,-8.0255122141e-01,-4.9901178854e-01,-1.1400796662e+00,-1.1419408079e+00,-4.8770250722e+00,-6.2603608968e-01
0.3350,0.7550,-7.9905791292e-01,-4.8986380088e-01,-1.0108259584e+00,-1.0190898606e+00,-4.8838270249e+00,-6.1107416714e-01
0.3350,0.7650,-7.9585104128e-01,-4.8122425362e-01,-8.8820295907e-01,-9.0237099567e-01,-4.8922253015e+00,-5.9688108635e-01
0.3350,0.7750,-7.9291117475e-01,-4.7307993125e-01,-7.7202217063e-01,-7.9163269443e-01,-4.9021466722e+00,-5.8343575874e-01
0.3350,0.7850,-7.9021928660e-01,-4.6541676118e-01,-6.6210794746e-01,-6.8673262201e-01,-4.9135199415e+00,-5.7071685622e-01
0.3350,0.7950,-7.8775679253e-01,-4.5821995115e-01,-5.5829662263e-01,-5.8753702266e-01,-4.9262759371e+00,-5.5870290109e-01
0.3350,0.8050,-7.8550558136e-01,-4.5147409787e-01,-4.6043572087e-01,-4.9392016757e-01,-4.9403474952e+00,-5.4737234661e-01
0.3350,0.8150,-7.8344804130e-01,-4.4516329848e-01,-3.6838321514e-01,-4.0576383783e-01,-4.9556694402e+00,-5.3670364968e-01
0.3350,0.8250,-7.8156707940e-01,-4.3927124417e-01,-2.8200685184e-01,-3.2295685010e-01,-4.9721785609e+00,-5.2667533367e-01
0.3350,0.8350,-7.7984613888e-01,-4.3378130686e-01,-2.0118351712e-01,-2.4539461404e-01,-4.9898135830e+00,-5.1726604677e-01
0.3350,0.8450,-7.7826920978e-01,-4.2867661918e-01,-1.2579865285e-01,-1.7297872269e-01,-5.0085151394e+00,-5.0845461016e-01
0.3350,0.8550,-7.7682083903e-01,-4.2394013977e-01,-5.5745717119e-02,-1.0561657308e-01,-5.0282257376e+00,-5.0022006446e-01
0.3350,0.8650,-7.7548613443e-01,-4.1955472775e-01,9.0743218973e-03,-4.3221009906e-02,-5.0488897249e+00,-4.9254170596e-01
0.3350,0.8750,-7.7425076885e-01,-4.1550318885e-01,6.8753448376e-02,1.4290000333e-02,-5.0704532534e+00,-4.8539912279e-01
0.3350,0.8850,-7.7310097897e-01,-4.1176833625e-01,1.2337703958e-01,6.6993678721e-02,-5.0928642416e+00,-4.7877222175e-01
0.3350,0.8950,-7.7202356475e-01,-4.0833302939e-01,1.7302426289e-01,1.1496271670e-01,-5.1160723372e+00,-4.7264125561e-01
0.3350,0.9050,-7.7100588476e-01,-4.0518022579e-01,2.1776845852e-01,1.5826554541e-01,-5.1400288771e+00,-4.6698684275e-01
0.3350,0.9150,-7.7003585113e-01,-4.0229300584e-01,2.5767748497e-01,1.9696658049e-01,-5.1646868489e+00,-4.6178998629e-01
0.3350,0.9250,-7.6910192302e-01,-3.9965461693e-01,2.9281405027e-01,2.3112645751e-01,-5.1900008503e+00,-4.5703208896e-01
0.3350,0.9350,-7.6819309778e-01,-3.9724849842e-01,3.2323601396e-01,2.6080224672e-01,-5.2159270493e+00,-4.5269496458e-01
0.3350,0.9450,-7.6729890302e-01,-3.9505830488e-01,3.4899667383e-01,2.8604765594e-01,-5.2424231445e+00,-4.4876084943e-01
0.3350,0.9550,-7.6640938527e-01,-3.9306793771e-01,3.7014503241e-01,3.0691322196e-01,-5.2694483246e+00,-4.4521240780e-01
0.3350,0.9650,-7.6551510074e-01,-3.9126155604e-01,3.8672604429e-01,3.2344648589e-01,-5.2969632290e+00,-4.4203273975e-01
0.3350,0.9750,-7.6460710238e-01,-3.8962360105e-01,3.9878085172e-01,3.3569216162e-01,-5.3249299087e+00,-4.3920538281e-01
0.3350,0.9850,-7.6367692941e-01,-3.8813880866e-01,4.0634700044e-01,3.4369229088e-01,-5.3533117868e+00,-4.3671431583e-01
0.3350,0.9950,-7.6271659406e-01,-3.8679222376e-01,4.0945864598e-01,3.4748639029e-01,-5.3820736201e+00,-4.3454395860e-01
0.3450,0.6650,-8.1865714282e-01,-5.7941268171e-01,-2.2840276027e+00,-2.2326124107e+00,-4.6931808659e+00,-7.6124257760e-01
0.3450,0.6750,-8.1245401524e-01,-5.6590463224e-01,-2.1030676133e+00,-2.0625655274e+00,-4.6838373067e+00,-7.3991572924e-01
0.3450,0.6850,-8.0674395731e-01,-5.5299973353e-01,-1.9303571410e+00,-1.8998888477e+00,-4.6768359471e+00,-7.1952140572e-01
0.3450,0.6950,-8.0150551012e-01,-5.4069686471e-01,-1.7655839472e+00,-1.7443435862e+00,-4.6720859329e+00,-7.0004483462e-01
0.3450,0.7050,-7.9671695327e-01,-5.2899247919e-01,-1.6084574671e+00,-1.5957062790e+00,-4.6694982075e+00,-6.8146976622e-01
0.3450,0.7150,-7.9235643391e-01,-5.1788086408e-01,-1.4587072341e+00,-1.4537676871e+00,-4.6689855895e+00,-6.6377868845e-01
0.3450,0.7250,-7.8840207779e-01,-5.0735439938e-01,-1.3160814095e+00,-1.3183317819e+00,-4.6704628331e+00,-6.4695301654e-01
0.3450,0.7350,-7.8483208905e-01,-4.9740377152e-01,-1.1803454613e+00,-1.1892148242e+00,-4.6738466747e+00,-6.3097326958e-01
0.3450,0.7450,-7.8162483503e-01,-4.8801819032e-01,-1.0512809263e+00,-1.0662445078e+00,-4.6790558667e+00,-6.1581922534e-01
0.3450,0.7550,-7.7875892223e-01,-4.7918556424e-01,-9.2868429729e-01,-9.4925918188e-01,-4.6860112003e+00,-6.0147006448e-01
0.3450,0.7650,-7.7621326005e-01,-4.7089268085e-01,-8.1236597554e-01,-8.3810712547e-01,-4.6946355189e+00,-5.8790449640e-01
0.3450,0.7750,-7.7396711727e-01,-4.6312535165e-01,-7.0214933019e-01,-7.3264588764e-01,-4.7048537231e+00,-5.7510087614e-01
0.3450,0.7850,-7.7200016900e-01,-4.5586856088e-01,-5.9786980877e-01,-6.3274167062e-01,-4.7165927677e+00,-5.6303730634e-01
0.3450,0.7950,-7.7029253721e-01,-4.4910658546e-01,-4.9937413680e-01,-5.3826876702e-01,-4.7297816538e+00,-5.5169173091e-01
0.3450,0.8050,-7.6882482450e-01,-4.4282311796e-01,-4.0651956279e-01,-4.4910903343e-01,-4.7443514135e+00,-5.4104201756e-01
0.3450,0.8150,-7.6757814145e-01,-4.3700136627e-01,-3.1917317126e-01,-3.6515140828e-01,-4.7602350919e+00,-5.3106603151e-01
0.3450,0.8250,-7.6653413004e-01,-4.3162415012e-01,-2.3721124086e-01,-2.8629146189e-01,-4.7773677231e+00,-5.2174170233e-01
0.3450,0.8350,-7.6567498043e-01,-4.2667398784e-01,-1.6051865157e-01,-2.1243098071e-01,-4.7956863044e+00,-5.1304708088e-01
0.3450,0.8450,-7.6498344612e-01,-4.2213317187e-01,-8.8988339405e-02,-1.4347758180e-01,-4.8151297663e+00,-5.0496039304e-01
0.3450,0.8550,-7.6444285251e-01,-4.1798384538e-01,-2.2520782225e-02,-7.9344352520e-02,-4.8356389407e+00,-4.9746008291e-01
0.3450,0.8650,-7.6403710515e-01,-4.1420805555e-01,3.8976467236e-02,-1.9949519956e-02,-4.8571565274e+00,-4.9052485534e-01
0.3450,0.8750,-7.6375069205e-01,-4.1078782004e-01,9.5589227122e-02,3.4783862170e-02,-4.8796270576e+00,-4.8413370829e-01
0.3450,0.8850,-7.6356868652e-01,-4.0770517216e-01,1.4739708711e-01,8.4928199737e-02,-4.9029968575e+00,-4.7826596554e-01
0.3450,0.8950,-7.6347674475e-01,-4.0494221323e-01,1.9447379578e-01,1.3055162981e-01,-4.9272140099e+00,-4.7290130056e-01
0.3450,0.9050,-7.6346110379e-01,-4.0248114379e-01,2.3688760853e-01,1.7171826837e-01,-4.9522283159e+00,-4.6801976056e-01
0.3450,0.9150,-7.6350857642e-01,-4.0030431288e-01,2.7470162146e-01,2.0848844810e-01,-4.9779912543e+00,-4.6360178433e-01
0.3450,0.9250,-7.6360654465e-01,-3.9839424250e-01,3.0797407622e-01,2.4091893439e-01,-5.0044559431e+00,-4.5962821797e-01
0.3450,0.9350,-7.6374295285e-01,-3.9673365643e-01,3.3675864845e-01,2.6906313026e-01,-5.0315770986e+00,-4.5608032879e-01
0.3450,0.9450,-7.6390629793e-01,-3.9530551489e-01,3.6110471610e-01,2.9297126925e-01,-5.0593109952e+00,-4.5293981388e-01
0.3450,0.9550,-7.6408562099e-01,-3.9409302570e-01,3.8105760811e-01,3.1269059149e-01,-5.0876154261e+00,-4.5018881040e-01
0.3450,0.9650,-7.6427049527e-01,-3.9307967345e-01,3.9665884170e-01,3.2826551381e-01,-5.1164496627e+00,-4.4780989927e-01
0.3450,0.9750,-7.6445101645e-01,-3.9224923244e-01,4.0794633862e-01,3.3973778510e-01,-5.1457744153e+00,-4.4578611143e-01
0.3450,0.9850,-7.6461778951e-01,-3.9158578348e-01,4.1495463300e-01,3.4714663440e-01,-5.1755517941e+00,-4.4410092859e-01
0.3450,0.9950,-7.6476191729e-01,-3.9107372668e-01,4.1771506217e-01,3.5052890869e-01,-5.2057452700e+00,-4.4273828521e-01
0.3550,0.6550,-7.9637295984e-01,-5.7703352015e-01,-2.3159485346e+00,-2.2734166348e+00,-4.5105847349e+00,-7.6434268063e-01
0.3550,0.6650,-7.8984145060e-01,-5.6290067404e-01,-2.1362496347e+00,-2.1042774033e+00,-4.4981092244e+00,-7.4249512178e-01
0.3550,0.6750,-7.8386939948e-01,-5.4940903401e-01,-1.9646647014e+00,-1.9423773985e+00,-4.4881562689e+00,-7.2161237562e-01
0.3550,0.6850,-7.7843471721e-01,-5.3655910004e-01,-1.8008785496e+00,-1.7874762612e+00,-4.4806315045e+00,-7.0168111926e-01
0.3550,0.6950,-7.7351486270e-01,-5.2434867735e-01,-1.6445980091e+00,-1.6393492086e+00,-4.4754422630e+00,-6.8268627272e-01
0.3550,0.7050,-7.6908699591e-01,-5.1277316073e-01,-1.4955503080e+00,-1.4977859062e+00,-4.4724976709e+00,-6.6461124028e-01
0.3550,0.7150,-7.6512811054e-01,-5.0182581638e-01,-1.3534815629e+00,-1.3625894245e+00,-4.4717087302e+00,-6.4743812424e-01
0.3550,0.7250,-7.6161515340e-01,-4.9149801628e-01,-1.2181554265e+00,-1.2335752929e+00,-4.4729883818e+00,-6.3114792404e-01
0.3550,0.7350,-7.5852512682e-01,-4.8177947411e-01,-1.0893518194e+00,-1.1105706222e+00,-4.4762515552e+00,-6.1572071124e-01
0.3550,0.7450,-7.5583518083e-01,-4.7265843781e-01,-9.6686579253e-01,-9.9341330694e-01,-4.4814152046e+00,-6.0113579306e-01
0.3550,0.7550,-7.5352269089e-01,-4.6412188591e-01,-8.5050645744e-01,-8.8195128387e-01,-4.4883983340e+00,-5.8737185486e-01
0.3550,0.7650,-7.5156532804e-01,-4.5615568655e-01,-7.4009602557e-01,-7.7604185658e-01,-4.4971220130e+00,-5.7440709373e-01
0.3550,0.7750,-7.4994111674e-01,-4.4874476046e-01,-6.3546890227e-01,-6.7555106582e-01,-4.5075093828e+00,-5.6221933395e-01
0.3550,0.7850,-7.4862848706e-01,-4.4187321293e-01,-5.3647087100e-01,-5.8035311509e-01,-4.5194856557e+00,-5.5078613532e-01
0.3550,0.7950,-7.4760631648e-01,-4.3552446517e-01,-4.4295832388e-01,-4.9032983461e-01,-4.5329781080e+00,-5.4008488612e-01
0.3550,0.8050,-7.4685396750e-01,-4.2968136698e-01,-3.5479756439e-01,-4.0537018961e-01,-4.5479160665e+00,-5.3009289010e-01
0.3550,0.8150,-7.4635131687e-01,-4.2432629993e-01,-2.7186415419e-01,-3.2536982324e-01,-4.5642308908e+00,-5.2078744122e-01
0.3550,0.8250,-7.4607878106e-01,-4.1944127611e-01,-1.9404231254e-01,-2.5023063295e-01,-4.5818559513e+00,-5.1214589217e-01
0.3550,0.8350,-7.4601733586e-01,-4.1500801833e-01,-1.2122436197e-01,-1.7986037984e-01,-4.6007266033e+00,-5.0414571459e-01
0.3550,0.8450,-7.4614853171e-01,-4.1100804319e-01,-5.3310206865e-02,-1.1417232261e-01,-4.6207801583e+00,-4.9676455162e-01
0.3550,0.8550,-7.4645450584e-01,-4.0742272155e-01,9.7931389890e-03,-5.3084882576e-02,-4.6419558530e+00,-4.8998026640e-01
0.3550,0.8650,-7.4691798958e-01,-4.0423335360e-01,6.8172003222e-02,3.4786743400e-03,-4.6641948150e+00,-4.8377098146e-01
0.3550,0.8750,-7.4752231464e-01,-4.0142121471e-01,1.2190646113e-01,5.5590526389e-02,-4.6874400287e+00,-4.7811511710e-01
0.3550,0.8850,-7.4825141397e-01,-3.9896761447e-01,1.7107072689e-01,1.0331857123e-01,-4.7116362977e+00,-4.7299142040e-01
0.3550,0.8950,-7.4908982326e-01,-3.9685393372e-01,2.1573350459e-01,1.4672667673e-01,-4.7367302077e+00,-4.6837899475e-01
0.3550,0.9050,-7.5002267739e-01,-3.9506167623e-01,2.5595832581e-01,1.8587492064e-01,-4.7626700871e+00,-4.6425732078e-01
0.3550,0.9150,-7.5103570753e-01,-3.9357249629e-01,2.9180385706e-01,2.2081980886e-01,-4.7894059685e+00,-4.6060627790e-01
0.3550,0.9250,-7.5211523459e-01,-3.9236823272e-01,3.2332419041e-01,2.5161448241e-01,-4.8168895485e+00,-4.5740615961e-01
0.3550,0.9350,-7.5324816269e-01,-3.9143094541e-01,3.5056911412e-01,2.7830891171e-01,-4.8450741474e+00,-4.5463768732e-01
0.3550,0.9450,-7.5442197089e-01,-3.9074292851e-01,3.7358436284e-01,3.0095007385e-01,-4.8739146700e+00,-4.5228202204e-01
0.3550,0.9550,-7.5562470311e-01,-3.9028674448e-01,3.9241185675e-01,3.1958212445e-01,-4.9033675645e+00,-4.5032077145e-01
0.3550,0.9650,-7.5684495920e-01,-3.9004523675e-01,4.0708991864e-01,3.3424655340e-01,-4.9333907832e+00,-4.4873599836e-01
0.3550,0.9750,-7.5807188227e-01,-3.9000154988e-01,4.1765348345e-01,3.4498233414e-01,-4.9639437428e+00,-4.4751022311e-01
0.3550,0.9850,-7.5929514873e-01,-3.9013914469e-01,4.2413428953e-01,3.5182606225e-01,-4.9949872845e+00,-4.4662642849e-01
0.3550,0.9950,-7.6050495469e-01,-3.9044180962e-01,4.2656106091e-01,3.5481208552e-01,-5.0264836360e+00,-4.4606805930e-01
0.3650,0.6450,-7.7085665548e-01,-5.7166029101e-01,-2.3453811619e+00,-2.3111019205e+00,-4.3342334269e+00,-7.6389405783e-01
0.3650,0.6550,-7.6380624068e-01,-5.5681541611e-01,-2.1669193972e+00,-2.1428830814e+00,-4.3182533077e+00,-7.4143943741e-01
0.3650,0.6650,-7.5738311231e-01,-5.4264743079e-01,-1.9964494815e+00,-1.9817825222e+00,-4.3049787159e+00,-7.1998066922e-01
0.3650,0.6750,-7.5156491340e-01,-5.2915882111e-01,-1.8336529182e+00,-1.8275580539e+00,-4.2943120759e+00,-6.9950628752e-01
0.3650,0.6850,-7.4632860859e-01,-5.1634908090e-01,-1.6782336038e+00,-1.6799833438e+00,-4.2861573697e+00,-6.8000275604e-01
0.3650,0.6950,-7.4165066191e-01,-5.0421502216e-01,-1.5299161635e+00,-1.5388467518e+00,-4.2804202629e+00,-6.6145473513e-01
0.3650,0.7050,-7.3750719588e-01,-4.9275108288e-01,-1.3884444011e+00,-1.4039502571e+00,-4.2770082070e+00,-6.4384532506e-01
0.3650,0.7150,-7.3387413122e-01,-4.8194958335e-01,-1.2535799106e+00,-1.2751084844e+00,-4.2758305243e+00,-6.2715628689e-01
0.3650,0.7250,-7.3072731101e-01,-4.7180098336e-01,-1.1251007761e+00,-1.1521478032e+00,-4.2767984746e+00,-6.1136824244e-01
0.3650,0.7350,-7.2804260953e-01,-4.6229409345e-01,-1.0028004068e+00,-1.0349055092e+00,-4.2798253073e+00,-5.9646085645e-01
0.3650,0.7450,-7.2579602779e-01,-4.5341628937e-01,-8.8648644326e-01,-9.2322906419e-01,-4.2848263009e+00,-5.8241299990e-01
0.3650,0.7550,-7.2396377745e-01,-4.4515368653e-01,-7.7597977470e-01,-8.1697540493e-01,-4.2917187900e+00,-5.6920289973e-01
0.3650,0.7650,-7.2252235280e-01,-4.3749131664e-01,-6.7111361400e-01,-7.1601029919e-01,-4.3004221833e+00,-5.5680827129e-01
0.3650,0.7750,-7.2144859467e-01,-4.3041327347e-01,-5.7173266572e-01,-6.2020775888e-01,-4.3108579719e+00,-5.4520644096e-01
0.3650,0.7850,-7.2071974332e-01,-4.2390285656e-01,-4.7769234188e-01,-5.2944949297e-01,-4.3229497306e+00,-5.3437445270e-01
0.3650,0.7950,-7.2031348602e-01,-4.1794269411e-01,-3.8885805177e-01,-4.4362440622e-01,-4.3366231114e+00,-5.2428916782e-01
0.3650,0.8050,-7.2020799465e-01,-4.1251485812e-01,-3.0510453807e-01,-3.6262813323e-01,-4.3518058326e+00,-5.1492735027e-01
0.3650,0.8150,-7.2038196009e-01,-4.0760097125e-01,-2.2631526560e-01,-2.8636260763e-01,-4.3684276615e+00,-5.0626574684e-01
0.3650,0.8250,-7.2081461743e-01,-4.0318229289e-01,-1.5238185780e-01,-2.1473566502e-01,-4.3864203941e+00,-4.9828115498e-01
0.3650,0.8350,-7.2148576966e-01,-3.9923981310e-01,-8.3203568333e-02,-1.4766067071e-01,-4.4057178294e+00,-4.9095048656e-01
0.3650,0.8450,-7.2237580334e-01,-3.9575431943e-01,-1.8686802081e-02,-8.5056179710e-02,-4.4262557427e+00,-4.8425082136e-01
0.3650,0.8550,-7.2346570333e-01,-3.9270647887e-01,4.1255342222e-02,-2.6845614051e-02,-4.4479718536e+00,-4.7815945681e-01
0.3650,0.8650,-7.2473706130e-01,-3.9007688654e-01,9.6703483535e-02,2.7043029276e-02,-4.4708057946e+00,-4.7265395003e-01
0.3650,0.8750,-7.2617208260e-01,-3.8784613221e-01,1.4773235430e-01,7.6677457620e-02,-4.4946990752e+00,-4.6771215521e-01
0.3650,0.8850,-7.2775359001e-01,-3.8599484439e-01,1.9441115472e-01,1.2212133675e-01,-4.5195950466e+00,-4.6331225703e-01
0.3650,0.8950,-7.2946502394e-01,-3.8450374157e-01,2.3680389506e-01,1.6343453238e-01,-4.5454388637e+00,-4.5943279735e-01
0.3650,0.9050,-7.3129044228e-01,-3.8335366664e-01,2.7496970546e-01,2.0067333123e-01,-4.5721774471e+00,-4.5605270122e-01
0.3650,0.9150,-7.3321451580e-01,-3.8252562573e-01,3.0896312932e-01,2.3389065040e-01,-4.5997594439e+00,-4.5315129553e-01
0.3650,0.9250,-7.3522252479e-01,-3.8200082530e-01,3.3883439657e-01,2.6313623271e-01,-4.6281351880e+00,-4.5070832815e-01
0.3650,0.9350,-7.3730035088e-01,-3.8176068924e-01,3.6462967556e-01,2.8845682571e-01,-4.6572566606e+00,-4.4870398052e-01
0.3650,0.9450,-7.3943447073e-01,-3.8178689796e-01,3.8639131442e-01,3.0989635555e-01,-4.6870774499e+00,-4.4711888064e-01
0.3650,0.9550,-7.4161194620e-01,-3.8206140008e-01,4.0415805908e-01,3.2749608277e-01,-4.7175527112e+00,-4.4593411144e-01
0.3650,0.9650,-7.4382041452e-01,-3.8256643713e-01,4.1796526480e-01,3.4129475341e-01,-4.7486391267e+00,-4.4513121775e-01
0.3650,0.9750,-7.4604807831e-01,-3.8328456066e-01,4.2784508797e-01,3.5132873816e-01,-4.7802948661e+00,-4.4469221222e-01
0.3650,0.9850,-7.4828369280e-01,-3.8419864427e-01,4.3382666969e-01,3.5763216301e-01,-4.8124795471e+00,-4.4459957697e-01
0.3650,0.9950,-7.5051655545e-01,-3.8529189947e-01,4.3593630634e-01,3.6023703295e-01,-4.8451541965e+00,-4.4483626718e-01
0.3750,0.6350,-7.4304108161e-01,-5.6391397884e-01,-2.3724168943e+00,-2.3457697308e+00,-4.1653347139e+00,-7.6051127116e-01
0.3750,0.6450,-7.3528327351e-01,-5.4827293334e-01,-2.1951674277e+00,-2.1784834383e+00,-4.1454865625e+00,-7.3736273594e-01
0.3750,0.6550,-7.2822111834e-01,-5.3334150546e-01,-2.0258002175e+00,-2.0182037492e+00,-4.1285287878e+00,-7.1523908938e-01
0.3750,0.6650,-7.2183241172e-01,-5.1912456647e-01,-1.8639930947e+00,-1.8646863944e+00,-4.1143609503e+00,-6.9413118048e-01
0.3750,0.6750,-7.1609400262e-01,-5.0562366661e-01,-1.7094466983e+00,-1.7177032652e+00,-4.1028839908e+00,-6.7402743540e-01
0.3750,0.6850,-7.1098200068e-01,-4.9283737357e-01,-1.5618827585e+00,-1.5770412130e+00,-4.0940003866e+00,-6.5491415504e-01
0.3750,0.6950,-7.0647196381e-01,-4.8076160942e-01,-1.4210425039e+00,-1.4425009412e+00,-4.0876142801e+00,-6.3677578858e-01
0.3750,0.7050,-7.0253906173e-01,-4.6938992994e-01,-1.2866852321e+00,-1.3138960038e+00,-4.0836315869e+00,-6.1959517961e-01
0.3750,0.7150,-6.9915822423e-01,-4.5871380658e-01,-1.1585869767e+00,-1.1910518777e+00,-4.0819600827e+00,-6.0335379268e-01
0.3750,0.7250,-6.9630426893e-01,-4.4872285644e-01,-1.0365393119e+00,-1.0738051224e+00,-4.0825094750e+00,-5.8803191597e-01
0.3750,0.7350,-6.9395201734e-01,-4.3940507789e-01,-9.2034823163e-01,-9.6200259963e-01,-4.0851914573e+00,-5.7360884815e-01
0.3750,0.7450,-6.9207639348e-01,-4.3074704022e-01,-8.0983314412e-01,-8.5550076530e-01,-4.0899197521e+00,-5.6006306443e-01
0.3750,0.7550,-6.9065251364e-01,-4.2273407844e-01,-7.0482592645e-01,-7.5416500959e-01,-4.0966101396e+00,-5.4737237005e-01
0.3750,0.7650,-6.8965576135e-01,-4.1535045101e-01,-6.0517007388e-01,-6.5786905730e-01,-4.1051804790e+00,-5.3551403553e-01
0.3750,0.7750,-6.8906185571e-01,-4.0857949954e-01,-5.1071990066e-01,-5.6649440810e-01,-4.1155507180e+00,-5.2446492213e-01
0.3750,0.7850,-6.8884690734e-01,-4.0240378253e-01,-4.2133981540e-01,-4.7992982541e-01,-4.1276428962e+00,-5.1420159135e-01
0.3750,0.7950,-6.8898746885e-01,-3.9680520112e-01,-3.3690364439e-01,-3.9807086092e-01,-4.1413811408e+00,-5.0470040656e-01
0.3750,0.8050,-6.8946057595e-01,-3.9176511540e-01,-2.5729400964e-01,-3.2081941598e-01,-4.1566916564e+00,-4.9593762143e-01
0.3750,0.8150,-6.9024378303e-01,-3.8726444092e-01,-1.8240175594e-01,-2.4808333711e-01,-4.1735027101e+00,-4.8788946113e-01
0.3750,0.8250,-6.9131519272e-01,-3.8328375123e-01,-1.1212541426e-01,-1.7977603741e-01,-4.1917446109e+00,-4.8053219372e-01
0.3750,0.8350,-6.9265347917e-01,-3.7980335292e-01,-4.6370715220e-02,-1.1581615085e-01,-4.2113496868e+00,-4.7384219368e-01
0.3750,0.8450,-6.9423790846e-01,-3.7680337153e-01,1.4949875707e-02,-5.6127205351e-02,-4.2322522573e+00,-4.6779599950e-01
0.3750,0.8550,-6.9604835195e-01,-3.7426380850e-01,7.1917574674e-02,-6.3732602157e-04,-4.2543886041e+00,-4.6237036238e-01
0.3750,0.8650,-6.9806529927e-01,-3.7216461525e-01,1.2460768036e-01,5.0721048369e-02,-4.2776969387e+00,-4.5754229218e-01
0.3750,0.8750,-7.0026986433e-01,-3.7048574052e-01,1.7308993285e-01,9.8011422057e-02,-4.3021173684e+00,-4.5328909427e-01
0.3750,0.8850,-7.0264379171e-01,-3.6920718610e-01,2.1742886029e-01,1.4129348710e-01,-4.3275918606e+00,-4.4958840520e-01
0.3750,0.8950,-7.0516945721e-01,-3.6830904600e-01,2.5768409163e-01,1.8062334669e-01,-4.3540642062e+00,-4.4641822017e-01
0.3750,0.9050,-7.0782986882e-01,-3.6777155212e-01,2.9391065308e-01,2.1605372755e-01,-4.3814799815e+00,-4.4375691983e-01
0.3750,0.9150,-7.1060866373e-01,-3.6757511047e-01,3.2615924426e-01,2.4763417613e-01,-4.4097865089e+00,-4.4158329070e-01
0.3750,0.9250,-7.1349010388e-01,-3.6770032403e-01,3.5447649237e-01,2.7541124004e-01,-4.4389328188e+00,-4.3987654357e-01
0.3750,0.9350,-7.1645907120e-01,-3.6812803664e-01,3.7890519538e-01,2.9942864350e-01,-4.4688696087e+00,-4.3861632916e-01
0.3750,0.9450,-7.1950105884e-01,-3.6883934328e-01,3.9948454187e-01,3.1972744367e-01,-4.4995492045e+00,-4.3778274912e-01
0.3750,0.9550,-7.2260216446e-01,-3.6981562114e-01,4.1625032439e-01,3.3634618385e-01,-4.5309255195e+00,-4.3735636762e-01
0.3750,0.9650,-7.2574907911e-01,-3.7103854707e-01,4.2923513198e-01,3.4932103273e-01,-4.5629540155e+00,-4.3731821693e-01
0.3750,0.9750,-7.2892907824e-01,-3.7249011208e-01,4.3846853553e-01,3.5868591645e-01,-4.5955916624e+00,-4.3764980481e-01
0.3750,0.9850,-7.3213000959e-01,-3.7415263988e-01,4.4397725888e-01,3.6447264276e-01,-4.6287968994e+00,-4.3833311682e-01
0.3750,0.9950,-7.3534028167e-01,-3.7600879594e-01,4.4578533942e-01,3.6671101629e-01,-4.6625295956e+00,-4.3935061884e-01
0.3850,0.6250,-7.1379750064e-01,-5.5437834257e-01,-2.3971388686e+00,-2.3775131172e+00,-4.0049768365e+00,-7.5478827753e-01
0.3850,0.6350,-7.0514804971e-01,-5.3786147390e-01,-2.2210763050e+00,-2.2111712432e+00,-3.9809075780e+00,-7.3086056967e-01
0.3850,0.6450,-6.9726220019e-01,-5.2208338392e-01,-2.0527981155e+00,-2.0517328807e+00,-3.9599146345e+00,-7.0798397116e-01
0.3850,0.6550,-6.9011838102e-01,-5.0705176586e-01,-1.8919781003e+00,-1.8989514324e+00,-3.9418951050e+00,-6.8615215458e-01
0.3850,0.6650,-6.8369375948e-01,-4.9277062647e-01,-1.7383133184e+00,-1.7525967933e+00,-3.9267472486e+00,-6.6535597433e-01
0.3850,0.6750,-6.7796448524e-01,-4.7924065980e-01,-1.5915223174e+00,-1.6124541070e+00,-3.9143706730e+00,-6.4558380247e-01
0.3850,0.6850,-6.7290590612e-01,-4.6645961137e-01,-1.4513434908e+00,-1.4783226238e+00,-3.9046664945e+00,-6.2682182969e-01
0.3850,0.6950,-6.6849276257e-01,-4.5442258720e-01,-1.3175336080e+00,-1.3500146659e+00,-3.8975374724e+00,-6.0905434483e-01
0.3850,0.7050,-6.6469935852e-01,-4.4312235854e-01,-1.1898664427e+00,-1.2273546729e+00,-3.8928881202e+00,-5.9226398421e-01
0.3850,0.7150,-6.6149971528e-01,-4.3254961672e-01,-1.0681315455e+00,-1.1101783372e+00,-3.8906247981e+00,-5.7643196331e-01
0.3850,0.7250,-6.5886770569e-01,-4.2269322770e-01,-9.5213309401e-01,-9.9833180187e-01,-3.8906557861e+00,-5.6153828256e-01
0.3850,0.7350,-6.5677717472e-01,-4.1354044228e-01,-8.4168886261e-01,-8.9167093408e-01,-3.8928913434e+00,-5.4756191837e-01
0.3850,0.7450,-6.5520204383e-01,-4.0507710755e-01,-7.3662925434e-01,-7.9006064869e-01,-3.8972437525e+00,-5.3448099252e-01
0.3850,0.7550,-6.5411640407e-01,-3.9728784142e-01,-6.3679643110e-01,-6.9337429367e-01,-3.9036273525e+00,-5.2227292858e-01
0.3850,0.7650,-6.5349459653e-01,-3.9015620581e-01,-5.4204349666e-01,-6.0149307812e-01,-3.9119585609e+00,-5.1091459106e-01
0.3850,0.7750,-6.5331128266e-01,-3.8366485319e-01,-4.5223375671e-01,-5.1430554953e-01,-3.9221558867e+00,-5.0038241218e-01
0.3850,0.7850,-6.5354150557e-01,-3.7779566622e-01,-3.6724002949e-01,-4.3170710839e-01,-3.9341399353e+00,-4.9065250622e-01
0.3850,0.7950,-6.5416074169e-01,-3.7252988286e-01,-2.8694401109e-01,-3.5359956105e-01,-3.9478334059e+00,-4.8170077097e-01
0.3850,0.8050,-6.5514494658e-01,-3.6784820589e-01,-2.1123569324e-01,-2.7989070698e-01,-3.9631610831e+00,-4.7350298146e-01
0.3850,0.8150,-6.5647059159e-01,-3.6373091335e-01,-1.4001281677e-01,-2.1049395380e-01,-3.9800498229e+00,-4.6603487030e-01
0.3850,0.8250,-6.5811469686e-01,-3.6015794036e-01,-7.3180376517e-02,-1.4532796565e-01,-3.9984285346e+00,-4.5927220381e-01
0.3850,0.8350,-6.6005485611e-01,-3.5710897420e-01,-1.0650150041e-02,-8.4316330926e-02,-4.0182281578e+00,-4.5319084514e-01
0.3850,0.8450,-6.6226925918e-01,-3.5456351834e-01,4.7659725403e-02,-2.7387260565e-02,-4.0393816370e+00,-4.4776681532e-01
0.3850,0.8550,-6.6473670757e-01,-3.5250097443e-01,1.0182515889e-01,2.5526699425e-02,-4.0618238924e+00,-4.4297634252e-01
0.3850,0.8650,-6.6743662824e-01,-3.5090069169e-01,1.5191647060e-01,7.4488927961e-02,-4.0854917886e+00,-4.3879590977e-01
0.3850,0.8750,-6.7034908203e-01,-3.4974203028e-01,1.9799874202e-01,1.1955897689e-01,-4.1103241019e+00,-4.3520229359e-01
0.3850,0.8850,-6.7345477007e-01,-3.4900440656e-01,2.4013213266e-01,1.6079279772e-01,-4.1362614846e+00,-4.3217259972e-01
0.3850,0.8950,-6.7673503734e-01,-3.4866734152e-01,2.7837217982e-01,1.9824295576e-01,-4.1632464290e+00,-4.2968429387e-01
0.3850,0.9050,-6.8017187256e-01,-3.4871049997e-01,3.1277007801e-01,2.3195882842e-01,-4.1912232299e+00,-4.2771522670e-01
0.3850,0.9150,-6.8374790792e-01,-3.4911372020e-01,3.4337293527e-01,2.6198678922e-01,-4.2201379465e+00,-4.2624365834e-01
0.3850,0.9250,-6.8744641449e-01,-3.4985705909e-01,3.7022401880e-01,2.8837038411e-01,-4.2499383627e+00,-4.2524827499e-01
0.3850,0.9350,-6.9125129839e-01,-3.5092080542e-01,3.9336297684e-01,3.1115048958e-01,-4.2805739490e+00,-4.2470820722e-01
0.3850,0.9450,-6.9514709296e-01,-3.5228551521e-01,4.1282605369e-01,3.3036546709e-01,-4.3119958218e+00,-4.2460304093e-01
0.3850,0.9550,-6.9911895191e-01,-3.5393203036e-01,4.2864628369e-01,3.4605130333e-01,-4.3441567044e+00,-4.2491282928e-01
0.3850,0.9650,-7.0315263985e-01,-3.5584149591e-01,4.4085367782e-01,3.5824174308e-01,-4.3770108869e+00,-4.2561810033e-01
0.3850,0.9750,-7.0723452205e-01,-3.5799538135e-01,4.4947539628e-01,3.6696841447e-01,-4.4105141868e+00,-4.2669986257e-01
0.3850,0.9850,-7.1135155461e-01,-3.6037549082e-01,4.5453590949e-01,3.7226094466e-01,-4.4446239099e+00,-4.2813961056e-01
0.3850,0.9950,-7.1549127151e-01,-3.6296397814e-01,4.5605715119e-01,3.7414707009e-01,-4.4792988108e+00,-4.2991932543e-01
0.3950,0.6150,-6.8393371766e-01,-5.4359728234e-01,-2.4196223777e+00,-2.4064170049e+00,-3.8541370454e+00,-7.4729231916e-01
0.3950,0.6250,-6.7421472133e-01,-5.2613074924e-01,-2.2447210586e+00,-2.2410314225e+00,-3.8255050606e+00,-7.2250381918e-01
0.3950,0.6350,-6.6532584542e-01,-5.0942794900e-01,-2.0775172098e+00,-2.0824542205e+00,-3.8001355758e+00,-6.9878896658e-01
0.3950,0.6450,-6.5724669405e-01,-4.9349986979e-01,-1.9176802400e+00,-1.9304362295e+00,-3.7779236926e+00,-6.7614481530e-01
0.3950,0.6550,-6.4995524812e-01,-4.7835341341e-01,-1.7649033082e+00,-1.7847451293e+00,-3.7587654014e+00,-6.5456516666e-01
0.3950,0.6650,-6.4342814464e-01,-4.6399180168e-01,-1.6189014924e+00,-1.6451641624e+00,-3.7425578103e+00,-6.3404093803e-01
0.3950,0.6750,-6.3764092972e-01,-4.5041497600e-01,-1.4794100959e+00,-1.5114909516e+00,-3.7291993381e+00,-6.1456050211e-01
0.3950,0.6850,-6.3256828187e-01,-4.3761993367e-01,-1.3461831301e+00,-1.3835364323e+00,-3.7185898808e+00,-5.9610999426e-01
0.3950,0.6950,-6.2818421405e-01,-4.2560106220e-01,-1.2189919039e+00,-1.2611238676e+00,-3.7106309494e+00,-5.7867359490e-01
0.3950,0.7050,-6.2446225114e-01,-4.1435041722e-01,-1.0976237604e+00,-1.1440879572e+00,-3.7052257871e+00,-5.6223378481e-01
0.3950,0.7150,-6.2137558999e-01,-4.0385800136e-01,-9.8188089597e-01,-1.0322740128e+00,-3.7022794640e+00,-5.4677157910e-01
0.3950,0.7250,-6.1889723955e-01,-3.9411199430e-01,-8.7157930279e-01,-9.2553721112e-01,-3.7016989553e+00,-5.3226673875e-01
0.3950,0.7350,-6.1700014627e-01,-3.8509898365e-01,-7.6654777657e-01,-8.2374189945e-01,-3.7033932033e+00,-5.1869796328e-01
0.3950,0.7450,-6.1565730401e-01,-3.7680415726e-01,-6.6662702589e-01,-7.2676096583e-01,-3.7072731648e+00,-5.0604306565e-01
0.3950,0.7550,-6.1484185074e-01,-3.6921149145e-01,-5.7166883608e-01,-6.3447525305e-01,-3.7132518469e+00,-4.9427912978e-01
0.3950,0.7650,-6.1452715401e-01,-3.6230391355e-01,-4.8153531343e-01,-5.4677302380e-01,-3.7212443318e+00,-4.8338265475e-01
0.3950,0.7750,-6.1468688416e-01,-3.5606345262e-01,-3.9609818059e-01,-4.6354946487e-01,-3.7311677920e+00,-4.7332968276e-01
0.3950,0.7850,-6.1529507995e-01,-3.5047138049e-01,-3.1523813018e-01,-3.8470622992e-01,-3.7429414967e+00,-4.6409591730e-01
0.3950,0.7950,-6.1632620261e-01,-3.4550832881e-01,-2.3884423025e-01,-3.1015101928e-01,-3.7564868121e+00,-4.5565682654e-01
0.3950,0.8050,-6.1775518516e-01,-3.4115441038e-01,-1.6681336773e-01,-2.3979718718e-01,-3.7717271940e+00,-4.4798773936e-01
0.3950,0.8150,-6.1955747118e-01,-3.3738931060e-01,-9.9049745182e-02,-1.7356338403e-01,-3.7885881760e+00,-4.4106392833e-01
0.3950,0.8250,-6.2170905075e-01,-3.3419239113e-01,-3.5464401179e-02,-1.1137321803e-01,-3.8069973520e+00,-4.3486068715e-01
0.3950,0.8350,-6.2418648715e-01,-3.3154276305e-01,2.4025218672e-02,-5.3154948648e-02,-3.8268843555e+00,-4.2935339672e-01
0.3950,0.8450,-6.2696694151e-01,-3.2941937324e-01,7.9495675102e-02,1.1588051619e-03,-3.8481808339e+00,-4.2451758650e-01
0.3950,0.8550,-6.3002819031e-01,-3.2780106124e-01,1.3101790440e-01,5.1631328696e-02,-3.8708204221e+00,-4.2032898713e-01
0.3950,0.8650,-6.3334864028e-01,-3.2666662799e-01,1.7865757392e-01,9.8322063132e-02,-3.8947387109e+00,-4.1676357778e-01
0.3950,0.8750,-6.3690733945e-01,-3.2599489017e-01,2.2247540204e-01,1.4128683572e-01,-3.9198732154e+00,-4.1379762818e-01
0.3950,0.8850,-6.4068398363e-01,-3.2576472707e-01,2.6252746272e-01,1.8057807532e-01,-3.9461633402e+00,-4.1140773380e-01
0.3950,0.8950,-6.4465892225e-01,-3.2595512894e-01,2.9886546753e-01,2.1624501415e-01,-3.9735503440e+00,-4.0957084909e-01
0.3950,0.9050,-6.4881315864e-01,-3.2654523047e-01,3.3153702466e-01,2.4833387343e-01,-4.0019773028e+00,-4.0826431313e-01
0.3950,0.9150,-6.5312835139e-01,-3.2751435772e-01,3.6058588757e-01,2.7688804145e-01,-4.0313890714e+00,-4.0746587482e-01
0.3950,0.9250,-6.5758681008e-01,-3.2884204503e-01,3.8605217853e-01,3.0194823289e-01,-4.0617322462e+00,-4.0715371128e-01
0.3950,0.9350,-6.6217149238e-01,-3.3050807623e-01,4.0797260607e-01,3.2355264553e-01,-4.0929551251e+00,-4.0730644578e-01
0.3950,0.9450,-6.6686599758e-01,-3.3249250263e-01,4.2638066005e-01,3.4173710064e-01,-4.1250076687e+00,-4.0790316105e-01
0.3950,0.9550,-6.7165455899e-01,-3.3477566413e-01,4.4130680026e-01,3.5653517727e-01,-4.1578414609e+00,-4.0892341013e-01
0.3950,0.9650,-6.7652203663e-01,-3.3733821486e-01,4.5277863004e-01,3.6797833888e-01,-4.1914096692e+00,-4.1034722635e-01
0.3950,0.9750,-6.8145390615e-01,-3.4016113186e-01,4.6082105815e-01,3.7609604870e-01,-4.2256670058e+00,-4.1215512830e-01
0.3950,0.9850,-6.8643625012e-01,-3.4322573540e-01,4.6545645345e-01,3.8091588174e-01,-4.2605696880e+00,-4.1432812649e-01
0.3950,0.9950,-6.9145574539e-01,-3.4651369900e-01,4.6670478639e-01,3.8246362722e-01,-4.2960753993e+00,-4.1684772449e-01
0.4050,0.6050,-6.5419289321e-01,-5.3207300833e-01,-2.4399352746e+00,-2.4325584663e+00,-3.7136892141e+00,-7.3855884622e-01
0.4050,0.6150,-6.4323483072e-01,-5.1359004290e-01,-2.2661695479e+00,-2.2681413141e+00,-3.6801654556e+00,-7.1283356623e-01
0.4050,0.6250,-6.3317090521e-01,-4.9589088085e-01,-2.1000247040e+00,-2.1104448055e+00,-3.6500897269e+00,-6.8819986373e-01
0.4050,0.6350,-6.2398250764e-01,-4.7899032307e-01,-1.9411653991e+00,-1.9592169544e+00,-3.6233556618e+00,-6.6465878968e-01
0.4050,0.6450,-6.1564898774e-01,-4.6289864111e-01,-1.7892805704e+00,-1.8142230102e+00,-3.5998574567e+00,-6.4220765809e-01
0.4050,0.6550,-6.0814797817e-01,-4.4762202462e-01,-1.6440815414e+00,-1.6752441227e+00,-3.5794901437e+00,-6.2084045839e-01
0.4050,0.6650,-6.0145568349e-01,-4.3316301414e-01,-1.5053002705e+00,-1.5420761179e+00,-3.5621498239e+00,-6.0054822793e-01
0.4050,0.6750,-5.9554714102e-01,-4.1952087198e-01,-1.3726877852e+00,-1.4145283931e+00,-3.5477338682e+00,-5.8131939725e-01
0.4050,0.6850,-5.9039645258e-01,-4.0669194466e-01,-1.2460127273e+00,-1.2924229003e+00,-3.5361410873e+00,-5.6314010093e-01
0.4050,0.6950,-5.8597699310e-01,-3.9466996949e-01,-1.1250600517e+00,-1.1755932265e+00,-3.5272718761e+00,-5.4599446538e-01
0.4050,0.7050,-5.8226159549e-01,-3.8344637763e-01,-1.0096298125e+00,-1.0638837447e+00,-3.5210283334e+00,-5.2986486749e-01
0.4050,0.7150,-5.7922271612e-01,-3.7301054721e-01,-8.9953607536e-01,-9.5714884444e-01,-3.5173143628e+00,-5.1473217335e-01
0.4050,0.7250,-5.7683258144e-01,-3.6335005571e-01,-7.9460589993e-01,-8.5525221921e-01,-3.5160357530e+00,-5.0057595297e-01
0.4050,0.7350,-5.7506331788e-01,-3.5445088986e-01,-6.9467842569e-01,-7.5806621920e-01,-3.5171002440e+00,-4.8737467696e-01
0.4050,0.7450,-5.7388706728e-01,-3.4629765352e-01,-5.9960401656e-01,-6.6547125064e-01,-3.5204175775e+00,-4.7510589465e-01
0.4050,0.7550,-5.7327608756e-01,-3.3887374425e-01,-5.0924348678e-01,-5.7735522813e-01,-3.5258995357e+00,-4.6374639474e-01
0.4050,0.7650,-5.7320284271e-01,-3.3216152096e-01,-4.2346738125e-01,-4.9361306698e-01,-3.5334599685e+00,-4.5327235288e-01
0.4050,0.7750,-5.7364007949e-01,-3.2614245461e-01,-3.4215531427e-01,-4.1414621670e-01,-3.5430148111e+00,-4.4365946181e-01
0.4050,0.7850,-5.7456089667e-01,-3.2079726092e-01,-2.6519536391e-01,-3.3886223100e-01,-3.5544820932e+00,-4.3488305308e-01
0.4050,0.7950,-5.7593880237e-01,-3.1610603044e-01,-1.9248350403e-01,-2.6767436802e-01,-3.5677819403e+00,-4.2691820194e-01
0.4050,0.8050,-5.7774776607e-01,-3.1204833190e-01,-1.2392309199e-01,-2.0050122497e-01,-3.5828365691e+00,-4.1973982681e-01
0.4050,0.8150,-5.7996226059e-01,-3.0860332531e-01,-5.9424380721e-02,-1.3726639409e-01,-3.5995702768e+00,-4.1332277344e-01
0.4050,0.8250,-5.8255729986e-01,-3.0574984233e-01,1.0959182241e-03,-7.7898150615e-02,-3.6179094251e+00,-4.0764189524e-01
0.4050,0.8350,-5.8550846853e-01,-3.0346648014e-01,5.7715054385e-02,-2.2329156644e-02,-3.6377824209e+00,-4.0267212060e-01
0.4050,0.8450,-5.8879194789e-01,-3.0173166540e-01,1.1050461347e-01,2.9503807038e-02,-3.6591196928e+00,-3.9838851644e-01
0.4050,0.8550,-5.9238453631e-01,-3.0052373300e-01,1.5953087730e-01,7.7660096723e-02,-3.6818536640e+00,-3.9476634259e-01
0.4050,0.8650,-5.9626366492e-01,-2.9982098136e-01,2.0485514915e-01,1.2219543819e-01,-3.7059187232e+00,-3.9178110014e-01
0.4050,0.8750,-6.0040741079e-01,-2.9960172732e-01,2.4653406197e-01,1.6316214584e-01,-3.7312511933e+00,-3.8940857564e-01
0.4050,0.8850,-6.0479450456e-01,-2.9984435783e-01,2.8461986392e-01,2.0060932630e-01,-3.7577892977e+00,-3.8762487690e-01
0.4050,0.8950,-6.0940433774e-01,-3.0052737198e-01,3.1916068022e-01,2.3458306736e-01,-3.7854731253e+00,-3.8640646819e-01
0.4050,0.9050,-6.1421696424e-01,-3.0162942605e-01,3.5020076500e-01,2.6512661632e-01,-3.8142445945e+00,-3.8573019631e-01
0.4050,0.9150,-6.1921310220e-01,-3.0312935795e-01,3.7778072697e-01,2.9228054227e-01,-3.8440474160e+00,-3.8557331741e-01
0.4050,0.9250,-6.2437413177e-01,-3.0500623292e-01,4.0193774887e-01,3.1608289400e-01,-3.8748270543e+00,-3.8591351619e-01
0.4050,0.9350,-6.2968209179e-01,-3.0723936055e-01,4.2270578465e-01,3.3656934107e-01,-3.9065306901e+00,-3.8672892432e-01
0.4050,0.9450,-6.3511967510e-01,-3.0980832220e-01,4.4011574951e-01,3.5377330993e-01,-3.9391071807e+00,-3.8799813552e-01
0.4050,0.9550,-6.4067022109e-01,-3.1269299835e-01,4.5419569499e-01,3.6772611103e-01,-3.9725070212e+00,-3.8970021602e-01
0.4050,0.9650,-6.4631770909e-01,-3.1587357888e-01,4.6497097199e-01,3.7845705526e-01,-4.0066823052e+00,-3.9181471621e-01
0.4050,0.9750,-6.5204674798e-01,-3.1933058642e-01,4.7246438675e-01,3.8599356646e-01,-4.0415866862e+00,-3.9432167568e-01
0.4050,0.9850,-6.5784256759e-01,-3.2304488807e-01,4.7669634297e-01,3.9036128468e-01,-4.0771753377e+00,-3.9720163047e-01
0.4050,0.9950,-6.6369100704e-01,-3.2699770843e-01,4.7768497848e-01,3.9158416409e-01,-4.1134049154e+00,-4.0043561528e-01
0.4150,0.5950,-6.2525287347e-01,-5.2026481732e-01,-2.4581383340e+00,-2.4560069784e+00,-3.5844105964e+00,-7.2908731519e-01
0.4150,0.6050,-6.1289657835e-01,-5.0070693598e-01,-2.2854828014e+00,-2.2925709127e+00,-3.5456797305e+00,-7.0235683755e-01
0.4150,0.6150,-6.0149480212e-01,-4.8194733451e-01,-2.1203812834e+00,-2.1357746285e+00,-3.5105807995e+00,-6.7673028529e-01
0.4150,0.6250,-5.9103140281e-01,-4.6400518670e-01,-1.9624933176e+00,-1.9853630791e+00,-3.4790065714e+00,-6.5221337342e-01
0.4150,0.6350,-5.8148772303e-01,-4.4689465267e-01,-1.8115032967e+00,-1.8410988687e+00,-3.4508499893e+00,-6.2880755094e-01
0.4150,0.6450,-5.7284295857e-01,-4.3062536569e-01,-1.6671185033e+00,-1.7027608658e+00,-3.4260044941e+00,-6.0651045226e-01
0.4150,0.6550,-5.6507449273e-01,-4.1520290660e-01,-1.5290672978e+00,-1.5701429325e+00,-3.4043643033e+00,-5.8531631331e-01
0.4150,0.6650,-5.5815819368e-01,-4.0062920715e-01,-1.3970974983e+00,-1.4430527813e+00,-3.3858246517e+00,-5.6521635007e-01
0.4150,0.6750,-5.5206868430e-01,-3.8690294785e-01,-1.2709748802e+00,-1.3213109224e+00,-3.3702819974e+00,-5.4619910742e-01
0.4150,0.6850,-5.4677958094e-01,-3.7401989196e-01,-1.1504818327e+00,-1.2047497149e+00,-3.3576341978e+00,-5.2825077542e-01
0.4150,0.6950,-5.4226370994e-01,-3.6197321780e-01,-1.0354161096e+00,-1.0932124900e+00,-3.3477806578e+00,-5.1135548060e-01
0.4150,0.7050,-5.3849329834e-01,-3.5075379560e-01,-9.2558970963e-01,-9.8655275916e-01,-3.3406224560e+00,-4.9549554942e-01
0.4150,0.7150,-5.3544014631e-01,-3.4035046336e-01,-8.2082783099e-01,-8.8463348041e-01,-3.3360624475e+00,-4.8065175032e-01
0.4150,0.7250,-5.3307577864e-01,-3.3075025790e-01,-7.2096793300e-01,-7.8732639346e-01,-3.3340053502e+00,-4.6680351259e-01
0.4150,0.7350,-5.3137158060e-01,-3.2193864076e-01,-6.2585885850e-01,-6.9451140306e-01,-3.3343578127e+00,-4.5392912641e-01
0.4150,0.7450,-5.3029891769e-01,-3.1389969401e-01,-5.3536004135e-01,-6.0607601734e-01,-3.3370284694e+00,-4.4200592423e-01
0.4150,0.7550,-5.2982924113e-01,-3.0661630173e-01,-4.4934076928e-01,-5.2191482827e-01,-3.3419279814e+00,-4.3101044501e-01
0.4150,0.7650,-5.2993418179e-01,-3.0007031807e-01,-3.6767950864e-01,-4.4192903377e-01,-3.3489690668e+00,-4.2091858408e-01
0.4150,0.7750,-5.3058563079e-01,-2.9424270981e-01,-2.9026328467e-01,-3.6602599906e-01,-3.3580665207e+00,-4.1170572708e-01
0.4150,0.7850,-5.3175581232e-01,-2.8911370300e-01,-2.1698710314e-01,-2.9411884749e-01,-3.3691372265e+00,-4.0334687328e-01
0.4150,0.7950,-5.3341734404e-01,-2.8466289441e-01,-1.4775342717e-01,-2.2612608872e-01,-3.3821001599e+00,-3.9581674410e-01
0.4150,0.8050,-5.3554329239e-01,-2.8086937576e-01,-8.2471680073e-02,-1.6197126765e-01,-3.3968763854e+00,-3.8908988379e-01
0.4150,0.8150,-5.3810721681e-01,-2.7771182216e-01,-2.1057800765e-02,-1.0158264725e-01,-3.4133890480e+00,-3.8314074686e-01
0.4150,0.8250,-5.4108321056e-01,-2.7516859586e-01,3.6566183234e-02,-4.4892906803e-02,-3.4315633586e+00,-3.7794377956e-01
0.4150,0.8350,-5.4444593220e-01,-2.7321781882e-01,9.0472536442e-02,8.1611305202e-03,-3.4513265763e+00,-3.7347348998e-01
0.4150,0.8450,-5.4817063414e-01,-2.7183745773e-01,1.4072818153e-01,5.7638757378e-02,-3.4726079856e+00,-3.6970451279e-01
0.4150,0.8550,-5.5223318450e-01,-2.7100538429e-01,1.8739502951e-01,1.0359561776e-01,-3.4953388713e+00,-3.6661166556e-01
0.4150,0.8650,-5.5661008477e-01,-2.7069943650e-01,2.3053029211e-01,1.4608392915e-01,-3.5194524904e+00,-3.6416999879e-01
0.4150,0.8750,-5.6127848479e-01,-2.7089747973e-01,2.7018677082e-01,1.8515268976e-01,-3.5448840412e+00,-3.6235484128e-01
0.4150,0.8850,-5.6621619162e-01,-2.7157744810e-01,3.0641312245e-01,2.2084786830e-01,-3.5715706311e+00,-3.6114183775e-01
0.4150,0.8950,-5.7140167833e-01,-2.7271739719e-01,3.3925411397e-01,2.5321258547e-01,-3.5994512421e+00,-3.6050698472e-01
0.4150,0.9050,-5.7681408654e-01,-2.7429553170e-01,3.6875085046e-01,2.8228727742e-01,-3.6284666958e+00,-3.6042665847e-01
0.4150,0.9150,-5.8243322985e-01,-2.7629025640e-01,3.9494099721e-01,3.0810985584e-01,-3.6585596164e+00,-3.6087764224e-01
0.4150,0.9250,-5.8823959200e-01,-2.7868019402e-01,4.1785897852e-01,3.3071584954e-01,-3.6896743933e+00,-3.6183714701e-01
0.4150,0.9350,-5.9421432482e-01,-2.8144421749e-01,4.3753616999e-01,3.5013854240e-01,-3.7217571440e+00,-3.6328283057e-01
0.4150,0.9450,-6.0033924448e-01,-2.8456148114e-01,4.5400107472e-01,3.6640910157e-01,-3.7547556741e+00,-3.6519281341e-01
0.4150,0.9550,-6.0659682434e-01,-2.8801143033e-01,4.6727948783e-01,3.7955669397e-01,-3.7886194403e+00,-3.6754569030e-01
0.4150,0.9650,-6.1297018940e-01,-2.9177383139e-01,4.7739465393e-01,3.8960860085e-01,-3.8232995104e+00,-3.7032054227e-01
0.4150,0.9750,-6.1944310632e-01,-2.9582878200e-01,4.8436740961e-01,3.9659032040e-01,-3.8587485252e+00,-3.7349694265e-01
0.4150,0.9850,-6.2599997528e-01,-3.0015672804e-01,4.8821632178e-01,4.0052566714e-01,-3.8949206593e+00,-3.7705496466e-01
0.4150,0.9950,-6.3262581895e-01,-3.0473847563e-01,4.8895781376e-01,4.0143686359e-01,-3.9317715831e+00,-3.8097518447e-01
0.4250,0.5850,-5.9772590054e-01,-5.0858834203e-01,-2.4742855818e+00,-2.4768246633e+00,-3.4669877923e+00,-7.1933772131e-01
0.4250,0.5950,-5.8382449134e-01,-4.8790652836e-01,-2.3027153340e+00,-2.3143830980e+00,-3.4227493818e+00,-6.9154309309e-01
0.4250,0.6050,-5.7093314833e-01,-4.6803112185e-01,-2.1386414078e+00,-2.1585068502e+00,-3.3823241407e+00,-6.6485812622e-01
0.4250,0.6150,-5.5903895470e-01,-4.4898628078e-01,-1.9817178527e+00,-2.0089375669e+00,-3.3456046543e+00,-6.3929392705e-01
0.4250,0.6250,-5.4812593775e-01,-4.3079061476e-01,-1.8316241900e+00,-1.8654349932e+00,-3.3124832258e+00,-6.1485675206e-01
0.4250,0.6350,-5.3817549196e-01,-4.1345772118e-01,-1.6880633745e+00,-1.7277755280e+00,-3.2828522555e+00,-5.9154850889e-01
0.4250,0.6450,-5.2916675811e-01,-3.9699669799e-01,-1.5507599143e+00,-1.5957509062e+00,-3.2566045721e+00,-5.6936721119e-01
0.4250,0.6550,-5.2107696672e-01,-3.8141258928e-01,-1.4194581951e+00,-1.4691670105e+00,-3.2336337181e+00,-5.4830740091e-01
0.4250,0.6650,-5.1388174465e-01,-3.6670681506e-01,-1.2939209268e+00,-1.3478427834e+00,-3.2138341970e+00,-5.2836053017e-01
0.4250,0.6750,-5.0755539271e-01,-3.5287754105e-01,-1.1739277584e+00,-1.2316092441e+00,-3.1971016850e+00,-5.0951531585e-01
0.4250,0.6850,-5.0207113244e-01,-3.3992003789e-01,-1.0592739877e+00,-1.1203085842e+00,-3.1833332130e+00,-4.9175805903e-01
0.4250,0.6950,-4.9740132940e-01,-3.2782698799e-01,-9.4976940929e-01,-1.0137933504e+00,-3.1724273194e+00,-4.7507294172e-01
0.4250,0.7050,-4.9351769060e-01,-3.1658878421e-01,-8.4523723802e-01,-9.1192568896e-01,-3.1642841811e+00,-4.5944229294e-01
0.4250,0.7150,-4.9039144305e-01,-3.0619378545e-01,-7.4551314497e-01,-8.1457666110e-01,-3.1588057205e+00,-4.4484683614e-01
0.4250,0.7250,-4.8799349064e-01,-2.9662856261e-01,-6.5044435636e-01,-7.2162561018e-01,-3.1558956957e+00,-4.3126591017e-01
0.4250,0.7350,-4.8629455574e-01,-2.8787811383e-01,-5.5988884071e-01,-6.3295958461e-01,-3.1554597725e+00,-4.1867767431e-01
0.4250,0.7450,-4.8526530303e-01,-2.7992606360e-01,-4.7371455372e-01,-5.4847280555e-01,-3.1574055821e+00,-4.0705929162e-01
0.4250,0.7550,-4.8487645040e-01,-2.7275484659e-01,-3.9179874704e-01,-4.6806617735e-01,-3.1616427655e+00,-3.9638709742e-01
0.4250,0.7650,-4.8509886604e-01,-2.6634586645e-01,-3.1402733505e-01,-3.9164683865e-01,-3.1680830065e+00,-3.8663675143e-01
0.4250,0.7750,-4.8590365385e-01,-2.6067965311e-01,-2.4029430314e-01,-3.1912774483e-01,-3.1766400545e+00,-3.7778337478e-01
0.4250,0.7850,-4.8726222885e-01,-2.5573598832e-01,-1.7050117425e-01,-2.5042728779e-01,-3.1872297379e+00,-3.6980167613e-01
0.4250,0.7950,-4.8914638164e-01,-2.5149404014e-01,-1.0455650187e-01,-1.8546893851e-01,-3.1997699703e+00,-3.6266606219e-01
0.4250,0.8050,-4.9152833608e-01,-2.4793246241e-01,-4.2375416948e-02,-1.2418092326e-01,-3.2141807497e+00,-3.5635074155e-01
0.4250,0.8150,-4.9438079686e-01,-2.4502950784e-01,1.6120806476e-02,-6.6495916883e-02,-3.2303841507e+00,-3.5082981348e-01
0.4250,0.8250,-4.9767699249e-01,-2.4276311042e-01,7.1005138561e-02,-1.2350765097e-02,-3.2483043128e+00,-3.4607735240e-01
0.4250,0.8350,-5.0139070928e-01,-2.4111097393e-01,1.2234516639e-01,3.8313778264e-02,-3.2678674237e+00,-3.4206747893e-01
0.4250,0.8450,-5.0549632207e-01,-2.4005064330e-01,1.7020342871e-01,8.5553291399e-02,-3.2890016979e+00,-3.3877442747e-01
0.4250,0.8550,-5.0996881776e-01,-2.3955957159e-01,2.1463773290e-01,1.2941990961e-01,-3.3116373534e+00,-3.3617260340e-01
0.4250,0.8650,-5.1478381561e-01,-2.3961518762e-01,2.5570144830e-01,1.6996253546e-01,-3.3357065839e+00,-3.3423663534e-01
0.4250,0.8750,-5.1991758284e-01,-2.4019494054e-01,2.9344377545e-01,2.0722703067e-01,-3.3611435296e+00,-3.3294142170e-01
0.4250,0.8850,-5.2534704584e-01,-2.4127635813e-01,3.2791000406e-01,2.4125639969e-01,-3.3878842459e+00,-3.3226216960e-01
0.4250,0.8950,-5.3104979985e-01,-2.4283708290e-01,3.5914174352e-01,2.7209095620e-01,-3.4158666699e+00,-3.3217443256e-01
0.4250,0.9050,-5.3700411327e-01,-2.4485492154e-01,3.8717714773e-01,2.9976848321e-01,-3.4450305855e+00,-3.3265413892e-01
0.4250,0.9150,-5.4318893173e-01,-2.4730786948e-01,4.1205111607e-01,3.2432437717e-01,-3.4753175880e+00,-3.3367762099e-01
0.4250,0.9250,-5.4958387753e-01,-2.5017414782e-01,4.3379548747e-01,3.4579178715e-01,-3.5066710472e+00,-3.3522163620e-01
0.4250,0.9350,-5.5616924892e-01,-2.5343223474e-01,4.5243921843e-01,3.6420174352e-01,-3.5390360698e+00,-3.3726338755e-01
0.4250,0.9450,-5.6292601637e-01,-2.5706087994e-01,4.6800854885e-01,3.7958327594e-01,-3.5723594621e+00,-3.3978054027e-01
0.4250,0.9550,-5.6983581710e-01,-2.6103913729e-01,4.8052716106e-01,3.9196352862e-01,-3.6065896910e+00,-3.4275123414e-01
0.4250,0.9650,-5.7688094962e-01,-2.6534637687e-01,4.9001632314e-01,4.0136786357e-01,-3.6416768464e+00,-3.4615409641e-01
0.4250,0.9750,-5.8404436461e-01,-2.6996230401e-01,4.9649502844e-01,4.0781996047e-01,-3.6775726020e+00,-3.4996824835e-01
0.4250,0.9850,-5.9130965747e-01,-2.7486697443e-01,4.9998012253e-01,4.1134190926e-01,-3.7142301778e+00,-3.5417331382e-01
0.4250,0.9950,-5.9866105745e-01,-2.8004080452e-01,5.0048642419e-01,4.1195429669e-01,-3.7516043011e+00,-3.5874942240e-01
0.4350,0.5750,-5.7215859931e-01,-4.9741515449e-01,-2.4884245923e+00,-2.4950665067e+00,-3.3620219806e+00,-7.0972775731e-01
0.4350,0.5850,-5.5657937706e-01,-4.7557101315e-01,-2.3179154265e+00,-2.3336338463e+00,-3.3119917235e+00,-6.8082133410e-01
0.4350,0.5950,-5.4205966725e-01,-4.5453426121e-01,-2.1548535724e+00,-2.1786979974e+00,-3.2659520700e+00,-6.5302262049e-01
0.4350,0.6050,-5.2859061416e-01,-4.3433470154e-01,-1.9988872126e+00,-2.0299970531e+00,-3.2237961942e+00,-6.2634889565e-01
0.4350,0.6150,-5.1615969838e-01,-4.1499600634e-01,-1.8496906680e+00,-1.8872876837e+00,-3.1854164522e+00,-6.0081195451e-01
0.4350,0.6250,-5.0475121572e-01,-3.9653629875e-01,-1.7069622744e+00,-1.7503436321e+00,-3.1507048283e+00,-5.7641865544e-01
0.4350,0.6350,-4.9434671030e-01,-3.7896871503e-01,-1.5704224338e+00,-1.6189543429e+00,-3.1195533228e+00,-5.5317142270e-01
0.4350,0.6450,-4.8492536430e-01,-3.6230188921e-01,-1.4398118741e+00,-1.4929237282e+00,-3.0918542903e+00,-5.3106870910e-01
0.4350,0.6550,-4.7646435017e-01,-3.4654042462e-01,-1.3148900439e+00,-1.3720690388e+00,-3.0675007325e+00,-5.1010542003e-01
0.4350,0.6650,-4.6893914627e-01,-3.3168529566e-01,-1.1954336773e+00,-1.2562198471e+00,-3.0463865520e+00,-4.9027330229e-01
0.4350,0.6750,-4.6232382237e-01,-3.1773424333e-01,-1.0812354642e+00,-1.1452171109e+00,-3.0284067695e+00,-4.7156130090e-01
0.4350,0.6850,-4.5659129393e-01,-3.0468210802e-01,-9.7210285947e-01,-1.0389123300e+00,-3.0134577120e+00,-4.5395588455e-01
0.4350,0.6950,-4.5171355256e-01,-2.9252115933e-01,-8.6785697647e-01,-9.3716676664e-01,-3.0014371702e+00,-4.3744134490e-01
0.4350,0.7050,-4.4766186962e-01,-2.8124137312e-01,-7.6833159299e-01,-8.3985074104e-01,-2.9922445343e+00,-4.2200006777e-01
0.4350,0.7150,-4.4440698120e-01,-2.7083070378e-01,-6.7337222666e-01,-7.4684297955e-01,-2.9857809058e+00,-4.0761278347e-01
0.4350,0.7250,-4.4191925018e-01,-2.6127531754e-01,-5.8283529927e-01,-6.5803002261e-01,-2.9819491912e+00,-3.9425879176e-01
0.4350,0.7350,-4.4016881350e-01,-2.5255981321e-01,-4.9658736315e-01,-5.7330567768e-01,-2.9806541776e+00,-3.8191617048e-01
0.4350,0.7450,-4.3912571019e-01,-2.4466742151e-01,-4.1450439228e-01,-4.9257051822e-01,-2.9818025946e+00,-3.7056196133e-01
0.4350,0.7550,-4.3875999756e-01,-2.3758018125e-01,-3.3647113454e-01,-4.1573142342e-01,-2.9853031609e+00,-3.6017234305e-01
0.4350,0.7650,-4.3904185148e-01,-2.3127911112e-01,-2.6238050668e-01,-3.4270115151e-01,-2.9910666211e+00,-3.5072278420e-01
0.4350,0.7750,-4.3994165658e-01,-2.2574434801e-01,-1.9213304900e-01,-2.7339795118e-01,-2.9990057703e+00,-3.4218818581e-01
0.4350,0.7850,-4.4143008434e-01,-2.2095529482e-01,-1.2563640829e-01,-2.0774519663e-01,-3.0090354707e+00,-3.3454300708e-01
0.4350,0.7950,-4.4347816162e-01,-2.1689073085e-01,-6.2804875621e-02,-1.4567105748e-01,-3.0210726599e+00,-3.2776138143e-01
0.4350,0.8050,-4.4605733083e-01,-2.1352893634e-01,-3.5589439346e-03,-8.7108186096e-02,-3.0350363514e+00,-3.2181722006e-01
0.4350,0.8150,-4.4913950048e-01,-2.1084777978e-01,5.2175087094e-02,-3.1993435809e-02,-3.0508476301e+00,-3.1668430493e-01
0.4350,0.8250,-4.5269709081e-01,-2.0882482082e-01,1.0446548907e-01,1.9732407490e-02,-3.0684296414e+00,-3.1233637403e-01
0.4350,0.8350,-4.5670306995e-01,-2.0743738473e-01,1.5337544586e-01,6.8124868230e-02,-3.0877075763e+00,-3.0874719512e-01
0.4350,0.8450,-4.6113098733e-01,-2.0666264188e-01,1.9896337488e-01,1.1323601092e-01,-3.1086086518e+00,-3.0589063523e-01
0.4350,0.8550,-4.6595499862e-01,-2.0647767616e-01,2.4128322549e-01,1.5511465177e-01,-3.1310620881e+00,-3.0374071862e-01
0.4350,0.8650,-4.7114988849e-01,-2.0685953849e-01,2.8038475172e-01,1.9380655420e-01,-3.1549990834e+00,-3.0227168241e-01
0.4350,0.8750,-4.7669108725e-01,-2.0778531066e-01,3.1631377365e-01,2.2935461454e-01,-3.1803527849e+00,-3.0145802248e-01
0.4350,0.8850,-4.8255468443e-01,-2.0923214692e-01,3.4911241082e-01,2.6179903051e-01,-3.2070582587e+00,-3.0127453609e-01
0.4350,0.8950,-4.8871743935e-01,-2.1117732604e-01,3.7881931005e-01,2.9117746292e-01,-3.2350524570e+00,-3.0169635887e-01
0.4350,0.9050,-4.9515678669e-01,-2.1359828028e-01,4.0546984844e-01,3.1752518109e-01,-3.2642741850e+00,-3.0269899594e-01
0.4350,0.9150,-5.0185084228e-01,-2.1647264003e-01,4.2909632966e-01,3.4087520448e-01,-3.2946640653e+00,-3.0425835159e-01
0.4350,0.9250,-5.0877840317e-01,-2.1977826314e-01,4.4972816364e-01,3.6125843103e-01,-3.3261645019e+00,-3.0635075122e-01
0.4350,0.9350,-5.1591894821e-01,-2.2349325549e-01,4.6739203417e-01,3.7870375709e-01,-3.3587196442e+00,-3.0895296401e-01
0.4350,0.9450,-5.2325263492e-01,-2.2759600815e-01,4.8211205929e-01,3.9323819365e-01,-3.3922753485e+00,-3.1204221863e-01
0.4350,0.9550,-5.3076029531e-01,-2.3206520788e-01,4.9390993562e-01,4.0488696952e-01,-3.4267791414e+00,-3.1559621839e-01
0.4350,0.9650,-5.3842343066e-01,-2.3687986234e-01,5.0280507934e-01,4.1367363277e-01,-3.4621801812e+00,-3.1959315348e-01
0.4350,0.9750,-5.4622420345e-01,-2.4201931579e-01,5.0881475370e-01,4.1962014318e-01,-3.4984292205e+00,-3.2401170900e-01
0.4350,0.9850,-5.5414543041e-01,-2.4746326152e-01,5.1195419103e-01,4.2274695972e-01,-3.5354785674e+00,-3.2883107413e-01
0.4350,0.9950,-5.6217057197e-01,-2.5319175624e-01,5.1223670662e-01,4.2307312286e-01,-3.5732820485e+00,-3.3403094549e-01
0.4450,0.5650,-5.4903214755e-01,-4.8707261373e-01,-2.5005967455e+00,-2.5107805564e+00,-3.2700334714e+00,-7.0063049253e-01
0.4450,0.5750,-5.3165847785e-01,-4.6403951924e-01,-2.3311253780e+00,-2.3503724233e+00,-3.2139445102e+00,-6.7057774050e-01
0.4450,0.5850,-5.1538632540e-01,-4.4180680580e-01,-2.1690605447e+00,-2.1963981461e+00,-3.1620185627e+00,-6.4162193314e-01
0.4450,0.5950,-5.0021181715e-01,-4.2041063847e-01,-2.0140441764e+00,-2.0485920121e+00,-3.1141502603e+00,-6.1378736336e-01
0.4450,0.6050,-4.8612673334e-01,-3.9988041274e-01,-1.8657450562e+00,-1.9067074001e+00,-3.0702327943e+00,-5.8709214970e-01
0.4450,0.6150,-4.7311904849e-01,-3.8023938904e-01,-1.7238566074e+00,-1.7705152104e+00,-3.0301584367e+00,-5.6154883390e-01
0.4450,0.6250,-4.6117342333e-01,-3.6150530570e-01,-1.5880948687e+00,-1.6398024355e+00,-2.9938189934e+00,-5.3716493345e-01
0.4450,0.6350,-4.5027164636e-01,-3.4369090779e-01,-1.4581966862e+00,-1.5143708778e+00,-2.9611062015e+00,-5.1394344796e-01
0.4450,0.6450,-4.4039303537e-01,-3.2680446182e-01,-1.3339180502e+00,-1.3940359763e+00,-2.9319120743e+00,-4.9188332690e-01
0.4450,0.6550,-4.3151479663e-01,-3.1085019513e-01,-1.2150326082e+00,-1.2786257519e+00,-2.9061292023e+00,-4.7097989701e-01
0.4450,0.6650,-4.2361235127e-01,-2.9582872707e-01,-1.1013302905e+00,-1.1679798388e+00,-2.8836510122e+00,-4.5122525666e-01
0.4450,0.6750,-4.1665962634e-01,-2.8173743455e-01,-9.9261608076e-01,-1.0619486119e+00,-2.8643719918e+00,-4.3260863536e-01
0.4450,0.6850,-4.1062931894e-01,-2.6857081109e-01,-8.8870887416e-01,-9.6039238217e-01,-2.8481878817e+00,-4.1511672498e-01
0.4450,0.6950,-4.0549313113e-01,-2.5632077236e-01,-7.8944045402e-01,-8.6318067020e-01,-2.8349958403e+00,-3.9873398112e-01
0.4450,0.7050,-4.0122198225e-01,-2.4497695193e-01,-6.9465453990e-01,-7.7019153500e-01,-2.8246945822e+00,-3.8344290010e-01
0.4450,0.7150,-3.9778619786e-01,-2.3452695953e-01,-6.0420592927e-01,-6.8131096494e-01,-2.8171844956e+00,-3.6922427097e-01
0.4450,0.7250,-3.9515567892e-01,-2.2495662028e-01,-5.1795970248e-01,-5.9643231623e-01,-2.8123677401e+00,-3.5605740582e-01
0.4450,0.7350,-3.9330005316e-01,-2.1625019643e-01,-4.3579049673e-01,-5.1545579823e-01,-2.8101483255e+00,-3.4392035020e-01
0.4450,0.7450,-3.9218880851e-01,-2.0839057755e-01,-3.5758184130e-01,-4.3828800255e-01,-2.8104321778e+00,-3.3279007347e-01
0.4450,0.7550,-3.9179141356e-01,-2.0135947178e-01,-2.8322553929e-01,-3.6484146547e-01,-2.8131271885e+00,-3.2264264386e-01
0.4450,0.7650,-3.9207742172e-01,-1.9513755675e-01,-2.1262110946e-01,-2.9503427122e-01,-2.8181432549e+00,-3.1345338516e-01
0.4450,0.7750,-3.9301656607e-01,-1.8970464277e-01,-1.4567525831e-01,-2.2878967857e-01,-2.8253923068e+00,-3.0519702155e-01
0.4450,0.7850,-3.9457883964e-01,-1.8503979294e-01,-8.2301407890e-02,-1.6603578481e-01,-2.8347883266e+00,-2.9784780598e-01
0.4450,0.7950,-3.9673456903e-01,-1.8112146053e-01,-2.2419244848e-02,-1.0670520632e-01,-2.8462473585e+00,-2.9137963929e-01
0.4450,0.8050,-3.9945447550e-01,-1.7792758684e-01,3.4045681917e-02,-5.0734791867e-02,-2.8596875130e+00,-2.8576617490e-01
0.4450,0.8150,-4.0270973064e-01,-1.7543571217e-01,8.7162346504e-02,1.9346504589e-03,-2.8750289630e+00,-2.8098091576e-01
0.4450,0.8250,-4.0647200259e-01,-1.7362306266e-01,1.3699459209e-01,5.1358600763e-02,-2.8921939350e+00,-2.7699729990e-01
0.4450,0.8350,-4.1071349614e-01,-1.7246663233e-01,1.8360145850e-01,9.7589059564e-02,-2.9111066962e+00,-2.7378877774e-01
0.4450,0.8450,-4.1540698742e-01,-1.7194326243e-01,2.2703748466e-01,1.4067476367e-01,-2.9316935363e+00,-2.7132888215e-01
0.4450,0.8550,-4.2052585111e-01,-1.7202969859e-01,2.6735298559e-01,1.8066138334e-01,-2.9538827467e+00,-2.6959128914e-01
0.4450,0.8650,-4.2604408570e-01,-1.7270266590e-01,3.0459431715e-01,2.1759171197e-01,-2.9776045952e+00,-2.6854987469e-01
0.4450,0.8750,-4.3193633076e-01,-1.7393891032e-01,3.3880411291e-01,2.5150583498e-01,-3.0027912995e+00,-2.6817876200e-01
0.4450,0.8850,-4.3817788365e-01,-1.7571525815e-01,3.7002151489e-01,2.8244129437e-01,-3.0293769976e+00,-2.6845236644e-01
0.4450,0.8950,-4.4474470962e-01,-1.7800865016e-01,3.9828237879e-01,3.1043323561e-01,-3.0572977168e+00,-2.6934543250e-01
0.4450,0.9050,-4.5161345091e-01,-1.8079619034e-01,4.2361947258e-01,3.3551455058e-01,-3.0864913403e+00,-2.7083306780e-01
0.4450,0.9150,-4.5876143207e-01,-1.8405517793e-01,4.4606265823e-01,3.5771600711e-01,-3.1168975731e+00,-2.7289077241e-01
0.4450,0.9250,-4.6616666180e-01,-1.8776313152e-01,4.6563906085e-01,3.7706636972e-01,-3.1484579075e+00,-2.7549446310e-01
0.4450,0.9350,-4.7380783514e-01,-1.9189783237e-01,4.8237323082e-01,3.9359251771e-01,-3.1811155860e+00,-2.7862049641e-01
0.4450,0.9450,-4.8166433000e-01,-1.9643733355e-01,4.9628728903e-01,4.0731954783e-01,-3.2148155654e+00,-2.8224568523e-01
0.4450,0.9550,-4.8971620545e-01,-2.0135999065e-01,5.0740106958e-01,4.1827087737e-01,-3.2495044794e+00,-2.8634731580e-01
0.4450,0.9650,-4.9794419576e-01,-2.0664448002e-01,5.1573224775e-01,4.2646833696e-01,-3.2851306014e+00,-2.9090315918e-01
0.4450,0.9750,-5.0632970420e-01,-2.1226981110e-01,5.2129646318e-01,4.3193225802e-01,-3.3216438067e+00,-2.9589148170e-01
0.4450,0.9850,-5.1485479609e-01,-2.1821534621e-01,5.2410743466e-01,4.3468155652e-01,-3.3589955351e+00,-3.0129105368e-01
0.4450,0.9950,-5.2350218897e-01,-2.2446080900e-01,5.2417706663e-01,4.3473380919e-01,-3.3971387538e+00,-3.0708115382e-01
0.4550,0.5550,-5.2876256290e-01,-4.7784389142e-01,-2.5108374551e+00,-2.5240080978e+00,-3.1914656210e+00,-6.9237249684e-01
0.4550,0.5650,-5.0949575227e-01,-4.5360813749e-01,-2.3423817274e+00,-2.3646415563e+00,-3.1290699379e+00,-6.6115375026e-01
0.4550,0.5750,-4.9136360526e-01,-4.3015686788e-01,-2.1812995766e+00,-2.2116510859e+00,-3.0710033260e+00,-6.3101119987e-01
0.4550,0.5850,-4.7436824314e-01,-4.0753338604e-01,-2.0272262865e+00,-2.0647669115e+00,-3.0171628500e+00,-6.0197705199e-01
0.4550,0.5950,-4.5850667545e-01,-3.8577352652e-01,-1.8798247584e+00,-1.9237389012e+00,-2.9674434163e+00,-5.7407658953e-01
0.4550,0.6050,-4.4377141138e-01,-3.6490635089e-01,-1.7387832058e+00,-1.7883349246e+00,-2.9217383769e+00,-5.4732882550e-01
0.4550,0.6150,-4.3015101384e-01,-3.4495481078e-01,-1.6038130443e+00,-1.6583393618e+00,-2.8799400571e+00,-5.2174710479e-01
0.4550,0.6250,-4.1763060059e-01,-3.2593632812e-01,-1.4746470131e+00,-1.5335517675e+00,-2.8419402200e+00,-4.9733966046e-01
0.4550,0.6350,-4.0619229743e-01,-3.0786335249e-01,-1.3510374462e+00,-1.4137856510e+00,-2.8076304704e+00,-4.7411012434e-01
0.4550,0.6450,-3.9581564797e-01,-2.9074384625e-01,-1.2327547338e+00,-1.2988673812e+00,-2.7769026087e+00,-4.5205799915e-01
0.4550,0.6550,-3.8647798279e-01,-2.7458175022e-01,-1.1195858969e+00,-1.1886351823e+00,-2.7496489381e+00,-4.3117908962e-01
0.4550,0.6650,-3.7815475333e-01,-2.5937738844e-01,-1.0113333178e+00,-1.0829382304e+00,-2.7257625307e+00,-4.1146590159e-01
0.4550,0.6750,-3.7081983135e-01,-2.4512785637e-01,-9.0781356014e-01,-9.8163582210e-01,-2.7051374582e+00,-3.9290800475e-01
0.4550,0.6850,-3.6444577999e-01,-2.3182735911e-01,-8.0885631397e-01,-8.8459662439e-01,-2.6876689897e+00,-3.7549236873e-01
0.4550,0.6950,-3.5900409547e-01,-2.1946753198e-01,-7.1430341484e-01,-7.9169798309e-01,-2.6732537611e+00,-3.5920366714e-01
0.4550,0.7050,-3.5446542610e-01,-2.0803772593e-01,-6.2400796113e-01,-7.0282529532e-01,-2.6617899192e+00,-3.4402455962e-01
0.4550,0.7150,-3.5079976634e-01,-1.9752526825e-01,-5.3783349658e-01,-6.1787143267e-01,-2.6531772435e+00,-3.2993594585e-01
0.4550,0.7250,-3.4797663279e-01,-1.8791570642e-01,-4.5565326526e-01,-5.3673621227e-01,-2.6473172471e+00,-3.1691720111e-01
0.4550,0.7350,-3.4596521885e-01,-1.7919301714e-01,-3.7734952970e-01,-4.5932591403e-01,-2.6441132611e+00,-3.0494638795e-01
0.4550,0.7450,-3.4473453514e-01,-1.7133981507e-01,-3.0281293744e-01,-3.8555283225e-01,-2.6434705022e+00,-2.9400045192e-01
0.4550,0.7550,-3.4425353197e-01,-1.6433752011e-01,-2.3194194989e-01,-3.1533486960e-01,-2.6452961274e+00,-2.8405539745e-01
0.4550,0.7650,-3.4449121004e-01,-1.5816653468e-01,-1.6464230236e-01,-2.4859515563e-01,-2.6494992752e+00,-2.7508644938e-01
0.4550,0.7750,-3.4541671692e-01,-1.5280637924e-01,-1.0082652219e-01,-1.8526170310e-01,-2.6559910972e+00,-2.6706819906e-01
0.4550,0.7850,-3.4699943271e-01,-1.4823583887e-01,-4.0413467799e-02,-1.2526708296e-01,-2.6646847788e+00,-2.5997473619e-01
0.4550,0.7950,-3.4920904564e-01,-1.4443307635e-01,1.6672080727e-02,-6.8548131101e-02,-2.6754955527e+00,-2.5377977023e-01
0.4550,0.8050,-3.5201561708e-01,-1.4137575133e-01,7.0499814560e-02,-1.5045671169e-02,-2.6883407042e+00,-2.4845673714e-01
0.4550,0.8150,-3.5538963983e-01,-1.3904111642e-01,1.2113424862e-01,3.5295737545e-02,-2.7031395697e+00,-2.4397889930e-01
0.4550,0.8250,-3.5930208635e-01,-1.3740610787e-01,1.6863505454e-01,8.2528035894e-02,-2.7198135309e+00,-2.4031943189e-01
0.4550,0.8350,-3.6372445275e-01,-1.3644743284e-01,2.1305736811e-01,1.2669988413e-01,-2.7382860018e+00,-2.3745150400e-01
0.4550,0.8450,-3.6862879369e-01,-1.3614163601e-01,2.5445207027e-01,1.6785686241e-01,-2.7584824139e+00,-2.3534834846e-01
0.4550,0.8550,-3.7398775417e-01,-1.3646517914e-01,2.9286605612e-01,2.0604166242e-01,-2.7803301953e+00,-2.3398332638e-01
0.4550,0.8650,-3.7977459427e-01,-1.3739448820e-01,3.2834247510e-01,2.4129425874e-01,-2.8037587482e+00,-2.3332998398e-01
0.4550,0.8750,-3.8596320998e-01,-1.3890601811e-01,3.6092096477e-01,2.7365207488e-01,-2.8286994228e+00,-2.3336210229e-01
0.4550,0.8850,-3.9252815069e-01,-1.4097629610e-01,3.9063785838e-01,3.0315013315e-01,-2.8550854893e+00,-2.3405374357e-01
0.4550,0.8950,-3.9944463099e-01,-1.4358196969e-01,4.1752638615e-01,3.2982119748e-01,-2.8828521075e+00,-2.3537928890e-01
0.4550,0.9050,-4.0668854170e-01,-1.4669984536e-01,4.4161685898e-01,3.5369590517e-01,-2.9119362947e+00,-2.3731347488e-01
0.4550,0.9150,-4.1423645503e-01,-1.5030691747e-01,4.6293683929e-01,3.7480288874e-01,-2.9422768931e+00,-2.3983142232e-01
0.4550,0.9250,-4.2206562991e-01,-1.5438041367e-01,4.8151130489e-01,3.9316889458e-01,-2.9738145345e+00,-2.4290866355e-01
0.4550,0.9350,-4.3015401278e-01,-1.5889780748e-01,4.9736279549e-01,4.0881888672e-01,-3.0064916059e+00,-2.4652116495e-01
0.4550,0.9450,-4.3848023690e-01,-1.6383685248e-01,5.1051155681e-01,4.2177615052e-01,-3.0402522129e+00,-2.5064534543e-01
0.4550,0.9550,-4.4702362094e-01,-1.6917560346e-01,5.2097566946e-01,4.3206238626e-01,-3.0750421435e+00,-2.5525809426e-01
0.4550,0.9650,-4.5576416332e-01,-1.7489242993e-01,5.2877117302e-01,4.3969779673e-01,-3.1108088315e+00,-2.6033678270e-01
0.4550,0.9750,-4.6468253826e-01,-1.8096604014e-01,5.3391218205e-01,4.4470117195e-01,-3.1475013190e+00,-2.6585927684e-01
0.4550,0.9850,-4.7376008757e-01,-1.8737549014e-01,5.3641099268e-01,4.4708996533e-01,-3.1850702197e+00,-2.7180394482e-01
0.4550,0.9950,-4.8297881320e-01,-1.9410019912e-01,5.3627818571e-01,4.4688036786e-01,-3.2234676820e+00,-2.7814966405e-01
0.4650,0.5450,-5.1170104863e-01,-4.6996810664e-01,-2.5191763638e+00,-2.5347838059e+00,-3.1266881497e+00,-6.8523233942e-01
0.4650,0.5550,-4.9046222631e-01,-4.4453006294e-01,-2.3517154445e+00,-2.3764775857e+00,-3.0577580633e+00,-6.5284451418e-01
0.4650,0.5650,-4.7038085822e-01,-4.1985076610e-01,-2.1916025866e+00,-2.2244944674e+00,-2.9933153076e+00,-6.2150094132e-01
0.4650,0.5750,-4.5146616596e-01,-3.9598149562e-01,-2.0384660201e+00,-2.0785603511e+00,-2.9332604761e+00,-5.9124269731e-01
0.4650,0.5850,-4.3372140724e-01,-3.7296530190e-01,-1.8919624138e+00,-1.9384213711e+00,-2.8774911776e+00,-5.6210312752e-01
0.4650,0.5950,-4.1714456389e-01,-3.5083776442e-01,-1.7517744676e+00,-1.8038421768e+00,-2.8259027337e+00,-5.3410855784e-01
0.4650,0.6050,-4.0172896429e-01,-3.2962770995e-01,-1.6176087108e+00,-1.6746043757e+00,-2.7783887922e+00,-5.0727894832e-01
0.4650,0.6150,-3.8746384940e-01,-3.0935784875e-01,-1.4891935472e+00,-1.5505051383e+00,-2.7348418652e+00,-4.8162850182e-01
0.4650,0.6250,-3.7433488368e-01,-2.9004537953e-01,-1.3662774583e+00,-1.4313559288e+00,-2.6951538020e+00,-4.5716622090e-01
0.4650,0.6350,-3.6232461918e-01,-2.7170252084e-01,-1.2486274055e+00,-1.3169813661e+00,-2.6592162016e+00,-4.3389642583e-01
0.4650,0.6450,-3.5141291334e-01,-2.5433701809e-01,-1.1360273528e+00,-1.2072181818e+00,-2.6269207742e+00,-4.1181922682e-01
0.4650,0.6550,-3.4157730825e-01,-2.3795258678e-01,-1.0282769530e+00,-1.1019142831e+00,-2.5981596550e+00,-3.9093096302e-01
0.4650,0.6650,-3.3279337112e-01,-2.2254933580e-01,-9.2519032709e-01,-1.0009278936e+00,-2.5728256779e+00,-3.7122460144e-01
0.4650,0.6750,-3.2503500314e-01,-2.0812413827e-01,-8.2659497583e-01,-9.0412677735e-01,-2.5508126116e+00,-3.5269010763e-01
0.4650,0.6850,-3.1827471577e-01,-1.9467098226e-01,-7.3233076797e-01,-8.1138752537e-01,-2.5320153634e+00,-3.3531478157e-01
0.4650,0.6950,-3.1248388113e-01,-1.8218128290e-01,-6.4224903108e-01,-7.2259490920e-01,-2.5163301536e+00,-3.1908356916e-01
0.4650,0.7050,-3.0763295528e-01,-1.7064416927e-01,-5.5621171094e-01,-6.3764128703e-01,-2.5036546649e+00,-3.0397934451e-01
0.4650,0.7150,-3.0369167995e-01,-1.6004674963e-01,-4.7409060549e-01,-5.5642606033e-01,-2.4938881681e+00,-2.8998317011e-01
0.4650,0.7250,-3.0062926229e-01,-1.5037434357e-01,-3.9576666542e-01,-4.7885517782e-01,-2.4869316282e+00,-2.7707453392e-01
0.4650,0.7350,-2.9841453606e-01,-1.4161070757e-01,-3.2112934410e-01,-4.0484067630e-01,-2.4826877917e+00,-2.6523156517e-01
0.4650,0.7450,-2.9701610570e-01,-1.3373822280e-01,-2.5007601317e-01,-3.3430026414e-01,-2.4810612586e+00,-2.5443123318e-01
0.4650,0.7550,-2.9640247381e-01,-1.2673808564e-01,-1.8251140938e-01,-2.6715693182e-01,-2.4819585398e+00,-2.4464952542e-01
0.4650,0.7650,-2.9654215589e-01,-1.2059046049e-01,-1.1834714241e-01,-2.0333859989e-01,-2.4852881020e+00,-2.3586161346e-01
0.4650,0.7750,-2.9740378018e-01,-1.1527463913e-01,-5.7501224071e-02,-1.4277778780e-01,-2.4909604016e+00,-2.2804199948e-01
0.4650,0.7850,-2.9895617793e-01,-1.1076916620e-01,1.0234968867e-04,-8.5411314479e-02,-2.4988879087e+00,-2.2116465374e-01
0.4650,0.7950,-3.0116846075e-01,-1.0705196841e-01,5.4533999536e-02,-3.1180016427e-02,-2.5089851226e+00,-2.1520313484e-01
0.4650,0.8050,-3.0401009051e-01,-1.0410046269e-01,1.0585892145e-01,1.9971509329e-02,-2.5211685796e+00,-2.1013070250e-01
0.4650,0.8150,-3.0745093860e-01,-1.0189165551e-01,1.5413742581e-01,6.8095144701e-02,-2.5353568538e+00,-2.0592041650e-01
0.4650,0.8250,-3.1146133861e-01,-1.0040223959e-01,1.9942524995e-01,1.1323947348e-01,-2.5514705527e+00,-2.0254522745e-01
0.4650,0.8350,-3.1601213145e-01,-9.9608669842e-02,2.4177384349e-01,1.5544998512e-01,-2.5694323069e+00,-1.9997805881e-01
0.4650,0.8450,-3.2107470328e-01,-9.9487245345e-02,2.8123064221e-01,1.9476926798e-01,-2.5891667559e+00,-1.9819187841e-01
0.4650,0.8550,-3.2662101917e-01,-1.0001416774e-01,3.1783931103e-01,2.3123718407e-01,-2.6106005297e+00,-1.9715976610e-01
0.4650,0.8650,-3.3262364942e-01,-1.0116561054e-01,3.5163998134e-01,2.6489103673e-01,-2.6336622273e+00,-1.9685496997e-01
0.4650,0.8750,-3.3905579354e-01,-1.0291776945e-01,3.8266946117e-01,2.9576572249e-01,-2.6582823921e+00,-1.9725096078e-01
0.4650,0.8850,-3.4589129741e-01,-1.0524691229e-01,4.1096143919e-01,3.2389387487e-01,-2.6843934847e+00,-1.9832147633e-01
0.4650,0.8950,-3.5310466862e-01,-1.0812942376e-01,4.3654667048e-01,3.4930599770e-01,-2.7119298543e+00,-2.0004056353e-01
0.4650,0.9050,-3.6067108737e-01,-1.1154184210e-01,4.5945314922e-01,3.7203058895e-01,-2.7408277075e+00,-2.0238261449e-01
0.4650,0.9150,-3.6856641411e-01,-1.1546090258e-01,4.7970627435e-01,3.9209425891e-01,-2.7710250757e+00,-2.0532239693e-01
0.4650,0.9250,-3.7676719547e-01,-1.1986355704e-01,4.9732899746e-01,4.0952183584e-01,-2.8024617822e+00,-2.0883508353e-01
0.4650,0.9350,-3.8525066593e-01,-1.2472701235e-01,5.1234196849e-01,4.2433647040e-01,-2.8350794077e+00,-2.1289627360e-01
0.4650,0.9450,-3.9399474954e-01,-1.3002875130e-01,5.2476366532e-01,4.3655972926e-01,-2.8688212542e+00,-2.1748201529e-01
0.4650,0.9550,-4.0297805728e-01,-1.3574655121e-01,5.3461051919e-01,4.4621168372e-01,-2.9036323106e+00,-2.2256882148e-01
0.4650,0.9650,-4.1217988445e-01,-1.4185851024e-01,5.4189703156e-01,4.5331099475e-01,-2.9394592154e+00,-2.2813368453e-01
0.4650,0.9750,-4.2158020601e-01,-1.4834305788e-01,5.4663588121e-01,4.5787498952e-01,-2.9762502206e+00,-2.3415408881e-01
0.4650,0.9850,-4.3115966959e-01,-1.5517897295e-01,5.4883802833e-01,4.5991973581e-01,-3.0139551556e+00,-2.4060801859e-01
0.4650,0.9950,-4.4089958939e-01,-1.6234539597e-01,5.4851280903e-01,4.5946011085e-01,-3.0525253899e+00,-2.4747396744e-01
0.4750,0.5350,-4.9813435218e-01,-4.6364051433e-01,-2.5256375059e+00,-2.5431358748e+00,-3.0759998957e+00,-6.7943940482e-01
0.4750,0.5450,-4.7486636813e-01,-4.3701580192e-01,-2.3591520926e+00,-2.3859105959e+00,-3.0003296744e+00,-6.4589766787e-01
0.4750,0.5550,-4.5276669097e-01,-4.1111324798e-01,-2.1999963183e+00,-2.2349599309e+00,-2.9292956705e+00,-6.1335579432e-01
0.4750,0.5650,-4.3185284852e-01,-3.8599301223e-01,-2.0477909401e+00,-2.0900051855e+00,-2.8628032337e+00,-5.8186474379e-01
0.4750,0.5750,-4.1213545923e-01,-3.6170619803e-01,-1.9021860339e+00,-1.9507885330e+00,-2.8007537813e+00,-5.5146687813e-01
0.4750,0.5850,-3.9361900253e-01,-3.3829567626e-01,-1.7628584748e+00,-1.8170712115e+00,-2.7430456024e+00,-5.2219673153e-01
0.4750,0.5950,-3.7630251740e-01,-3.1579686580e-01,-1.6295096388e+00,-1.6886318944e+00,-2.6895745671e+00,-4.9408172032e-01
0.4750,0.6050,-3.6018023822e-01,-2.9423842792e-01,-1.5018633646e+00,-1.5652652328e+00,-2.6402347490e+00,-4.6714280475e-01
0.4750,0.6150,-3.4524216985e-01,-2.7364292376e-01,-1.3796640835e+00,-1.4467805323e+00,-2.5949189742e+00,-4.4139509604e-01
0.4750,0.6250,-3.3147461029e-01,-2.5402739320e-01,-1.2626751570e+00,-1.3330005666e+00,-2.5535193023e+00,-4.1684842132e-01
0.4750,0.6350,-3.1886062279e-01,-2.3540390890e-01,-1.1506773455e+00,-1.2237604955e+00,-2.5159274472e+00,-3.9350784068e-01
0.4750,0.6450,-3.0738046432e-01,-2.1778005983e-01,-1.0434674453e+00,-1.1189068917e+00,-2.4820351468e+00,-3.7137412751e-01
0.4750,0.6550,-2.9701197182e-01,-2.0115941446e-01,-9.4085702648e-01,-1.0182968512e+00,-2.4517344835e+00,-3.5044420711e-01
0.4750,0.6650,-2.8773091202e-01,-1.8554192524e-01,-8.4267130696e-01,-9.2179718986e-01,-2.4249181645e+00,-3.3071156299e-01
0.4750,0.6750,-2.7951129661e-01,-1.7092431373e-01,-7.4874810902e-01,-8.2928370745e-01,-2.4014797643e+00,-3.1216660818e-01
0.4750,0.6850,-2.7232566646e-01,-1.5730041012e-01,-6.5893692097e-01,-7.4064052014e-01,-2.3813139339e+00,-2.9479702701e-01
0.4750,0.6950,-2.6614534797e-01,-1.4466146995e-01,-5.7309803251e-01,-6.5575944873e-01,-2.3643165812e+00,-2.7858808881e-01
0.4750,0.7050,-2.6094068274e-01,-1.3299646210e-01,-4.9110174595e-01,-5.7453946014e-01,-2.3503850243e+00,-2.6352293393e-01
0.4750,0.7150,-2.5668123519e-01,-1.2229232586e-01,-4.1282765834e-01,-4.9688615717e-01,-2.3394181229e+00,-2.4958283820e-01
0.4750,0.7250,-2.5333597719e-01,-1.1253421638e-01,-3.3816399394e-01,-4.2271130793e-01,-2.3313163878e+00,-2.3674745124e-01
0.4750,0.7350,-2.5087345516e-01,-1.0370571253e-01,-2.6700700528e-01,-3.5193241843e-01,-2.3259820725e+00,-2.2499501847e-01
0.4750,0.7450,-2.4926193754e-01,-9.5789024962e-02,-1.9926040665e-01,-2.8447233419e-01,-2.3233192489e+00,-2.1430257917e-01
0.4750,0.7550,-2.4846954831e-01,-8.8765164835e-02,-1.3483487042e-01,-2.2025888016e-01,-2.3232338681e+00,-2.0464615174e-01
0.4750,0.7650,-2.4846438393e-01,-8.2614118031e-02,-7.3647545848e-02,-1.5922452253e-01,-2.3256338085e+00,-1.9600089798e-01
0.4750,0.7750,-2.4921461889e-01,-7.7314984136e-02,-1.5621632277e-02,-1.0130606317e-01,-2.3304289125e+00,-1.8834127661e-01
0.4750,0.7850,-2.5068859781e-01,-7.2846119266e-02,3.9314029509e-02,-4.6444352128e-02,-2.3375310134e+00,-1.8164117949e-01
0.4750,0.7950,-2.5285491742e-01,-6.9185253070e-02,9.1225323425e-02,5.4159736565e-03,-2.3468539536e+00,-1.7587405719e-01
0.4750,0.8050,-2.5568249886e-01,-6.6309602406e-02,1.4017320268e-01,5.4326734820e-02,-2.3583135941e+00,-1.7101303265e-01
0.4750,0.8150,-2.5914064991e-01,-6.4195975004e-02,1.8621400834e-01,1.0033643534e-01,-2.3718278181e+00,-1.6703100219e-01
0.4750,0.8250,-2.6319912077e-01,-6.2820852915e-02,2.2939975964e-01,1.4349046961e-01,-2.3873165284e+00,-1.6390073000e-01
0.4750,0.8350,-2.6782815058e-01,-6.2160485280e-02,2.6977843177e-01,1.8383131872e-01,-2.4047016391e+00,-1.6159492921e-01
0.4750,0.8450,-2.7299850926e-01,-6.2190951660e-02,3.0739420282e-01,2.2139872733e-01,-2.4239070631e+00,-1.6008633927e-01
0.4750,0.8550,-2.7868153163e-01,-6.2888242017e-02,3.4228769423e-01,2.5622987415e-01,-2.4448586952e+00,-1.5934779111e-01
0.4750,0.8650,-2.8484914728e-01,-6.4228307542e-02,3.7449618431e-01,2.8835952445e-01,-2.4674843921e+00,-1.5935226881e-01
0.4750,0.8750,-2.9147390506e-01,-6.6187120373e-02,4.0405381449e-01,3.1782017648e-01,-2.4917139493e+00,-1.6007296290e-01
0.4750,0.8850,-2.9852899266e-01,-6.8740721355e-02,4.3099177765e-01,3.4464219554e-01,-2.5174790754e+00,-1.6148331753e-01
0.4750,0.8950,-3.0598825382e-01,-7.1865264252e-02,4.5533849253e-01,3.6885393976e-01,-2.5447133641e+00,-1.6355707444e-01
0.4750,0.9050,-3.1382619964e-01,-7.5537059436e-02,4.7711977151e-01,3.9048187829e-01,-2.5733522642e+00,-1.6626830815e-01
0.4750,0.9150,-3.2201801897e-01,-7.9732599584e-02,4.9635896981e-01,4.0955069848e-01,-2.6033330491e+00,-1.6959146113e-01
0.4750,0.9250,-3.3053958416e-01,-8.4428603794e-02,5.1307713275e-01,4.2608341138e-01,-2.6345947831e+00,-1.7350137048e-01
0.4750,0.9350,-3.3936745524e-01,-8.9602037220e-02,5.2729312640e-01,4.4010144502e-01,-2.6670782887e+00,-1.7797329386e-01
0.4750,0.9450,-3.4847888157e-01,-9.5230136059e-02,5.3902376410e-01,4.5162473443e-01,-2.7007261120e+00,-1.8298293097e-01
0.4750,0.9550,-3.5785180078e-01,-1.0129043642e-01,5.4828392438e-01,4.6067180690e-01,-2.7354824872e+00,-1.8850644050e-01
0.4750,0.9650,-3.6746483745e-01,-1.0776078559e-01,5.5508665859e-01,4.6725985869e-01,-2.7712933017e+00,-1.9452045738e-01
0.4750,0.9750,-3.7729729792e-01,-1.1461936396e-01,5.5944329601e-01,4.7140483003e-01,-2.8081060599e+00,-2.0100210337e-01
0.4750,0.9850,-3.8732916597e-01,-1.2184469882e-01,5.6136353873e-01,4.7312147403e-01,-2.8458698472e+00,-2.0792899899e-01
0.4750,0.9950,-3.9754109561e-01,-1.2941567607e-01,5.6085555283e-01,4.7242342142e-01,-2.8845352943e+00,-2.1527927082e-01
0.4850,0.5250,-4.8828510219e-01,-4.5901271022e-01,-2.5302394389e+00,-2.5490861237e+00,-3.0396310313e+00,-6.7517298254e-01
0.4850,0.5350,-4.6295445016e-01,-4.3123340344e-01,-2.3647119626e+00,-2.3929645234e+00,-2.9570386406e+00,-6.4051237531e-01
0.4850,0.5450,-4.3878934853e-01,-4.0412774468e-01,-2.2065024738e+00,-2.2430732146e+00,-2.8792202626e+00,-6.0679351375e-01
0.4850,0.5550,-4.1581694269e-01,-3.7776574644e-01,-2.0552238225e+00,-2.0991286303e+00,-2.8060873764e+00,-5.7407830848e-01
0.4850,0.5650,-3.9405642259e-01,-3.5220746623e-01,-1.9105191202e+00,-1.9608687503e+00,-2.7375464457e+00,-5.4241914555e-01
0.4850,0.5750,-3.7351988285e-01,-3.2750390157e-01,-1.7720590993e+00,-1.8280512069e+00,-2.6734998443e+00,-5.1185971699e-01
0.4850,0.5850,-3.5421310441e-01,-3.0369783918e-01,-1.6395397113e+00,-1.7004515774e+00,-2.6138466715e+00,-4.8243578911e-01
0.4850,0.5950,-3.3613626603e-01,-2.8082460709e-01,-1.5126799970e+00,-1.5778618588e+00,-2.5584834724e+00,-4.5417591863e-01
0.4850,0.6050,-3.1928458962e-01,-2.5891279063e-01,-1.3912201374e+00,-1.4600890865e+00,-2.5073048715e+00,-4.2710211264e-01
0.4850,0.6150,-3.0364892705e-01,-2.3798486339e-01,-1.2749197237e+00,-1.3469540969e+00,-2.4602041304e+00,-4.0123044270e-01
0.4850,0.6250,-2.8921629187e-01,-2.1805779145e-01,-1.1635561668e+00,-1.2382904020e+00,-2.4170736376e+00,-3.7657160946e-01
0.4850,0.6350,-2.7597034141e-01,-1.9914356048e-01,-1.0569232818e+00,-1.1339431782e+00,-2.3778053382e+00,-3.5313146619e-01
0.4850,0.6450,-2.6389181362e-01,-1.8124968222e-01,-9.5482998179e-01,-1.0337683432e+00,-2.3422911105e+00,-3.3091149990e-01
0.4850,0.6550,-2.5295892171e-01,-1.6437963500e-01,-8.5709911139e-01,-9.3763172508e-01,-2.3104230943e+00,-3.0990927532e-01
0.4850,0.6650,-2.4314771199e-01,-1.4853328602e-01,-7.6356636943e-01,-8.4540829982e-01,-2.2820939777e+00,-2.9011884369e-01
0.4850,0.6750,-2.3443238575e-01,-1.3370726186e-01,-6.7407933995e-01,-7.5698150336e-01,-2.2571972453e+00,-2.7153111758e-01
0.4850,0.6850,-2.2678559139e-01,-1.1989529628e-01,-5.8849660162e-01,-6.7224260007e-01,-2.2356273938e+00,-2.5413421726e-01
0.4850,0.6950,-2.2017868582e-01,-1.0708854458e-01,-5.0668691531e-01,-5.9109010810e-01,-2.2172801173e+00,-2.3791378562e-01
0.4850,0.7050,-2.1458197188e-01,-9.5275866339e-02,-4.2852848605e-01,-5.1342927450e-01,-2.2020524660e+00,-2.2285328073e-01
0.4850,0.7150,-2.0996490977e-01,-8.4444093605e-02,-3.5390827746e-01,-4.3917159206e-01,-2.1898429817e+00,-2.0893423962e-01
0.4850,0.7250,-2.0629630892e-01,-7.4578259965e-02,-2.8272139707e-01,-3.6823436086e-01,-2.1805518119e+00,-1.9613652422e-01
0.4850,0.7350,-2.0354449811e-01,-6.5661828019e-02,-2.1487051588e-01,-3.0054028029e-01,-2.1740808057e+00,-1.8443854176e-01
0.4850,0.7450,-2.0167747942e-01,-5.7676875403e-02,-1.5026535243e-01,-2.3601708051e-01,-2.1703335927e+00,-1.7381745042e-01
0.4850,0.7550,-2.0066306453e-01,-5.0604286336e-02,-8.8822181034e-02,-1.7459717671e-01,-2.1692156473e+00,-1.6424934327e-01
0.4850,0.7650,-2.0046899688e-01,-4.4423903606e-02,-3.0463395015e-02,-1.1621735750e-01,-2.1706343406e+00,-1.5570941871e-01
0.4850,0.7750,-2.0106306043e-01,-3.9114687572e-02,2.4882909747e-02,-6.0818491150e-02,-2.1744989794e+00,-1.4817213438e-01
0.4850,0.7850,-2.0241317522e-01,-3.4654844198e-02,7.7283308673e-02,-8.3452598188e-03,-2.1807208366e+00,-1.4161134676e-01
0.4850,0.7950,-2.0448748347e-01,-3.1021950313e-02,1.2679939965e-01,4.1254089395e-02,-2.1892131708e+00,-1.3600043991e-01
0.4850,0.8050,-2.0725442345e-01,-2.8193066583e-02,1.7348812750e-01,8.8027973764e-02,-2.1998912399e+00,-1.3131243905e-01
0.4850,0.8150,-2.1068279649e-01,-2.6144832739e-02,2.1740207901e-01,1.3202168565e-01,-2.2126723056e+00,-1.2752011743e-01
0.4850,0.8250,-2.1474182347e-01,-2.4853567114e-02,2.5858976555e-01,1.7327759137e-01,-2.2274756333e+00,-1.2459608862e-01
0.4850,0.8350,-2.1940119571e-01,-2.4295340773e-02,2.9709587365e-01,2.1183531108e-01,-2.2442224860e+00,-1.2251289395e-01
0.4850,0.8450,-2.2463111771e-01,-2.4446062540e-02,3.3296150923e-01,2.4773189088e-01,-2.2628361129e+00,-1.2124307789e-01
0.4850,0.8550,-2.3040234404e-01,-2.5281536005e-02,3.6622441426e-01,2.8100195726e-01,-2.2832417349e+00,-1.2075925768e-01
0.4850,0.8650,-2.3668621140e-01,-2.6777526449e-02,3.9691917560e-01,3.1167786534e-01,-2.3053665261e+00,-1.2103418576e-01
0.4850,0.8750,-2.4345466411e-01,-2.8909816527e-02,4.2507741569e-01,3.3978983479e-01,-2.3291395916e+00,-1.2204080373e-01
0.4850,0.8850,-2.5068027712e-01,-3.1654251820e-02,4.5072796917e-01,3.6536607600e-01,-2.3544919434e+00,-1.2375229369e-01
0.4850,0.8950,-2.5833627257e-01,-3.4986790918e-02,4.7389705254e-01,3.8843290982e-01,-2.3813564735e+00,-1.2614211984e-01
0.4850,0.9050,-2.6639653466e-01,-3.8883535403e-02,4.9460841506e-01,4.0901487558e-01,-2.4096679259e+00,-1.2918406912e-01
0.4850,0.9150,-2.7483562025e-01,-4.3320779586e-02,5.1288348726e-01,4.2713483765e-01,-2.4393628655e+00,-1.3285228417e-01
0.4850,0.9250,-2.8362876605e-01,-4.8275030100e-02,5.2874151300e-01,4.4281407862e-01,-2.4703796472e+00,-1.3712129320e-01
0.4850,0.9350,-2.9275189456e-01,-5.3723037063e-02,5.4219967713e-01,4.5607239063e-01,-2.5026583829e+00,-1.4196603710e-01
0.4850,0.9450,-3.0218161582e-01,-5.9641826308e-02,5.5327322430e-01,4.6692816093e-01,-2.5361409079e+00,-1.4736188997e-01
0.4850,0.9550,-3.1189522883e-01,-6.6008710805e-02,5.6197556736e-01,4.7539844859e-01,-2.5707707465e+00,-1.5328468044e-01
0.4850,0.9650,-3.2187071932e-01,-7.2801317823e-02,5.6831839348e-01,4.8149906037e-01,-2.6064930778e+00,-1.5971070609e-01
0.4850,0.9750,-3.3208675714e-01,-7.9997603577e-02,5.7231175933e-01,4.8524461946e-01,-2.6432546998e+00,-1.6661674793e-01
0.4850,0.9850,-3.4252269182e-01,-8.7575867453e-02,5.7396418306e-01,4.8664863067e-01,-2.6810039945e+00,-1.7398008171e-01
0.4850,0.9950,-3.5315854580e-01,-9.5514765739e-02,5.7328272961e-01,4.8572354166e-01,-2.7196908923e+00,-1.8177848551e-01
0.4950,0.5150,-4.8231209699e-01,-4.5619282226e-01,-2.5329953456e+00,-2.5526500790e+00,-3.0177447640e+00,-6.7256159468e-01
0.4950,0.5250,-4.5491086980e-01,-4.2730868032e-01,-2.3684101804e+00,-2.3976572445e+00,-2.9280737660e+00,-6.3683860578e-01
0.4950,0.5350,-4.2865706389e-01,-3.9903662007e-01,-2.2111378215e+00,-2.2488542442e+00,-2.8433016057e+00,-6.0198420532e-01
0.4950,0.5450,-4.0358886367e-01,-3.7145754932e-01,-2.0607827617e+00,-2.1059523507e+00,-2.7633474269e+00,-5.6807237384e-01
0.4950,0.5550,-3.7973534512e-01,-3.4464144920e-01,-1.9169807649e+00,-1.9686851110e+00,-2.6881241236e+00,-5.3516658150e-01
0.4950,0.5650,-3.5711743300e-01,-3.1864834526e-01,-1.7793960952e+00,-1.8368063539e+00,-2.6175394022e+00,-5.0332068016e-01
0.4950,0.5750,-3.3574877242e-01,-2.9352922570e-01,-1.6477190024e+00,-1.7100883969e+00,-2.5514967185e+00,-4.7257973103e-01
0.4950,0.5850,-3.1563652248e-01,-2.6932685800e-01,-1.5216634925e+00,-1.5883204488e+00,-2.4898961061e+00,-4.4298077718e-01
0.4950,0.5950,-2.9678207848e-01,-2.4607656710e-01,-1.4009652954e+00,-1.4713071645e+00,-2.4326349069e+00,-4.1455355840e-01
0.4950,0.6050,-2.7918172861e-01,-2.2380692353e-01,-1.2853800617e+00,-1.3588673539e+00,-2.3796084149e+00,-3.8732117683e-01
0.4950,0.6150,-2.6282725057e-01,-2.0254039974e-01,-1.1746817079e+00,-1.2508328084e+00,-2.3307104431e+00,-3.6130071099e-01
0.4950,0.6250,-2.4770645251e-01,-1.8229394419e-01,-1.0686609450e+00,-1.1470472502e+00,-2.2858338230e+00,-3.3650378494e-01
0.4950,0.6350,-2.3380366494e-01,-1.6307953500e-01,-9.6712392510e-01,-1.0473653734e+00,-2.2448708415e+00,-3.1293709390e-01
0.4950,0.6450,-2.2110018501e-01,-1.4490466027e-01,-8.6989103154e-01,-9.5165198198e-01,-2.2077136262e+00,-2.9060288876e-01
0.4950,0.6550,-2.0957468069e-01,-1.2777277986e-01,-7.7679576604e-01,-8.5978120149e-01,-2.1742544798e+00,-2.6949942403e-01
0.4950,0.6650,-1.9920355454e-01,-1.1168373039e-01,-6.8768374688e-01,-7.7163576744e-01,-2.1443861741e+00,-2.4962136843e-01
0.4950,0.6750,-1.8996127464e-01,-9.6634105541e-02,-6.0241179034e-01,-6.8710637375e-01,-2.1180022046e+00,-2.3096018536e-01
0.4950,0.6850,-1.8182067137e-01,-8.2617600139e-02,-5.2084707353e-01,-6.0609108060e-01,-2.0949970113e+00,-2.1350447947e-01
0.4950,0.6950,-1.7475320732e-01,-6.9625320265e-02,-4.4286637483e-01,-5.2849477420e-01,-2.0752661699e+00,-1.9724031866e-01
0.4950,0.7050,-1.6872921849e-01,-5.7646076522e-02,-3.6835536916e-01,-4.5422867035e-01,-2.0587065551e+00,-1.8215152558e-01
0.4950,0.7150,-1.6371813338e-01,-4.6666636026e-02,-2.9720799678e-01,-3.8320986432e-01,-2.0452164812e+00,-1.6821994912e-01
0.4950,0.7250,-1.5968866818e-01,-3.6671971280e-02,-2.2932586809e-01,-3.1536091267e-01,-2.0346958201e+00,-1.5542570890e-01
0.4950,0.7350,-1.5660900340e-01,-2.7645465226e-02,-1.6461773482e-01,-2.5060945591e-01,-2.0270461014e+00,-1.4374742290e-01
0.4950,0.7450,-1.5444694139e-01,-1.9569121337e-02,-1.0299898698e-01,-1.8888786487e-01,-2.0221705953e+00,-1.3316241248e-01
0.4950,0.7550,-1.5317004724e-01,-1.2423731090e-02,-4.4391205969e-02,-1.3013292250e-01,-2.0199743804e+00,-1.2364689157e-01
0.4950,0.7650,-1.5274577546e-01,-6.1890483081e-03,1.1278260693e-02,-7.4285524059e-02,-2.0203643980e+00,-1.1517613884e-01
0.4950,0.7750,-1.5314158125e-01,-8.4393000355e-04,6.4076681110e-02,-2.1290406405e-02,-2.0232494958e+00,-1.0772465351e-01
0.4950,0.7850,-1.5432502145e-01,3.6335245214e-03,1.1406629678e-01,2.8904105766e-02,-2.0285404593e+00,-1.0126629970e-01
0.4950,0.7950,-1.5626384172e-01,7.2658502058e-03,1.6130465337e-01,7.6346332872e-02,-2.0361500357e+00,-9.5774434122e-02
0.4950,0.8050,-1.5892605583e-01,1.0076110242e-02,2.0584490091e-01,1.2108145478e-01,-2.0459929486e+00,-9.1222026163e-02
0.4950,0.8150,-1.6228001342e-01,1.2087785223e-02,2.4773608106e-01,1.6315171288e-01,-2.0579859056e+00,-8.7581762526e-02
0.4950,0.8250,-1.6629446082e-01,1.3324692701e-02,2.8702338206e-01,2.0259659200e-01,-2.0720476003e+00,-8.4826145585e-02
0.4950,0.8350,-1.7093859352e-01,1.3810893631e-02,3.2374838668e-01,2.3945299509e-01,-2.0880987074e+00,-8.2927579808e-02
0.4950,0.8450,-1.7618210109e-01,1.3570627656e-02,3.5794929191e-01,2.7375539942e-01,-2.1060618745e+00,-8.1858450442e-02
0.4950,0.8550,-1.8199520750e-01,1.2628237994e-02,3.8966112070e-01,3.0553600706e-01,-2.1258617081e+00,-8.1591195466e-02
0.4950,0.8650,-1.8834870340e-01,1.1008110132e-02,4.1891591512e-01,3.3482488188e-01,-2.1474247570e+00,-8.2098367454e-02
0.4950,0.8750,-1.9521397554e-01,8.7346231650e-03,4.4574291540e-01,3.6165007670e-01,-2.1706794920e+00,-8.3352692651e-02
0.4950,0.8850,-2.0256302935e-01,5.8320921205e-03,4.7016873140e-01,3.8603775439e-01,-2.1955562828e+00,-8.5327119708e-02
0.4950,0.8950,-2.1036850900e-01,2.3247318939e-03,4.9221749516e-01,4.0801229729e-01,-2.2219873728e+00,-8.7994866614e-02
0.4950,0.9050,-2.1860371304e-01,-1.7633938958e-03,5.1191101105e-01,4.2759641378e-01,-2.2499068511e+00,-9.1329460018e-02
0.4950,0.9150,-2.2724260574e-01,-6.4083973194e-03,5.2926888901e-01,4.4481123236e-01,-2.2792506244e+00,-9.5304770206e-02
0.4950,0.9250,-2.3625982724e-01,-1.1586602511e-02,5.4430867358e-01,4.5967639395e-01,-2.3099563855e+00,-9.9895043651e-02
0.4950,0.9350,-2.4563069887e-01,-1.7274580021e-02,5.5704596349e-01,4.7221013753e-01,-2.3419635818e+00,-1.0507492809e-01
0.4950,0.9450,-2.5533122767e-01,-2.3449160489e-02,5.6749452099e-01,4.8242937711e-01,-2.3752133828e+00,-1.1081949808e-01
0.4950,0.9550,-2.6533810747e-01,-3.0087466930e-02,5.7566637900e-01,4.9034977851e-01,-2.4096486465e+00,-1.1710427370e-01
0.4950,0.9650,-2.7562871852e-01,-3.7166929853e-02,5.8157193647e-01,4.9598582768e-01,-2.4452138854e+00,-1.2390523817e-01
0.4950,0.9750,-2.8618112580e-01,-4.4665304621e-02,5.8522005138e-01,4.9935089652e-01,-2.4818552320e+00,-1.3119885303e-01
0.4950,0.9850,-2.9697407428e-01,-5.2560688058e-02,5.8661812638e-01,5.0045730424e-01,-2.5195204039e+00,-1.3896206851e-01
0.4950,0.9950,-3.0798698494e-01,-6.0831529802e-02,5.8577218904e-01,4.9931637483e-01,-2.5581586693e+00,-1.4717233507e-01
0.5050,0.5050,-4.8031052405e-01,-4.5524566203e-01,-2.5339131072e+00,-2.5538370330e+00,-3.0104385407e+00,-6.7168253412e-01
0.5050,0.5150,-4.5085840762e-01,-4.2532539547e-01,-2.3702567859e+00,-2.4000006401e+00,-2.9135601635e+00,-6.3497661595e-01
0.5050,0.5250,-4.2251835146e-01,-3.9594138937e-01,-2.2139142796e+00,-2.2523172028e+00,-2.8216904229e+00,-5.9904975867e-01
0.5050,0.5350,-3.9534111580e-01,-3.6718656351e-01,-2.0644812552e+00,-2.1104925331e+00,-2.7347578414e+00,-5.6398917863e-01
0.5050,0.5450,-3.6936708562e-01,-3.3914186252e-01,-1.9215857330e+00,-1.9742554992e+00,-2.6526832891e+00,-5.2987053864e-01
0.5050,0.5550,-3.4462733292e-01,-3.1187730730e-01,-1.7848851746e+00,-1.8433559236e+00,-2.5753811990e+00,-4.9675890206e-01
0.5050,0.5650,-3.2114458463e-01,-2.8545298454e-01,-1.6540638433e+00,-1.7175626994e+00,-2.5027606415e+00,-4.6470961962e-01
0.5050,0.5750,-2.9893410617e-01,-2.5991993401e-01,-1.5288304707e+00,-1.5966621125e+00,-2.4347262754e+00,-4.3376916037e-01
0.5050,0.5850,-2.7800450669e-01,-2.3532099391e-01,-1.4089161339e+00,-1.4804563289e+00,-2.3711791860e+00,-4.0397588296e-01
0.5050,0.5950,-2.5835847171e-01,-2.1169154624e-01,-1.2940723714e+00,-1.3687620445e+00,-2.3120176278e+00,-3.7536075416e-01
0.5050,0.6050,-2.3999343014e-01,-1.8906023098e-01,-1.1840694611e+00,-1.2614092619e+00,-2.2571376774e+00,-3.4794801410e-01
0.5050,0.6150,-2.2290216011e-01,-1.6744957236e-01,-1.0786948890e+00,-1.1582401952e+00,-2.2064338111e+00,-3.2175579406e-01
0.5050,0.6250,-2.0707334035e-01,-1.4687658106e-01,-9.7775194413e-01,-1.0591082734e+00,-2.1597994112e+00,-2.9679668790e-01
0.5050,0.6350,-1.9249204933e-01,-1.2735327965e-01,-8.8105846465e-01,-9.6387724593e-01,-2.1171272136e+00,-2.7307827997e-01
0.5050,0.6450,-1.7914021968e-01,-1.0888720526e-01,-7.8844568473e-01,-8.7242036557e-01,-2.0783096980e+00,-2.5060363376e-01
0.5050,0.6550,-1.6699704811e-01,-9.1481852161e-02,-6.9975719876e-01,-7.8461965258e-01,-2.0432394319e+00,-2.2937174087e-01
0.5050,0.6650,-1.5603936879e-01,-7.5137087896e-02,-6.1484801301e-01,-7.0036522158e-01,-2.0118093697e+00,-2.0937793746e-01
0.5050,0.6750,-1.4624198910e-01,-5.9849529457e-02,-5.3358368225e-01,-6.1955467082e-01,-1.9839131139e+00,-1.9061428452e-01
0.5050,0.6850,-1.3757799518e-01,-4.5612883237e-02,-4.5583952735e-01,-5.4209252572e-01,-1.9594451422e+00,-1.7306992149e-01
0.5050,0.6950,-1.3001902593e-01,-3.2418265508e-02,-3.8149991038e-01,-4.6788972836e-01,-1.9383010030e+00,-1.5673138717e-01
0.5050,0.7050,-1.2353552204e-01,-2.0254479578e-02,-3.1045758579e-01,-3.9686317516e-01,-1.9203774852e+00,-1.4158291871e-01
0.5050,0.7150,-1.1809694878e-01,-9.1082876574e-03,-2.4261308975e-01,-3.2893528789e-01,-1.9055727618e+00,-1.2760672184e-01
0.5050,0.7250,-1.1367199780e-01,1.0353629289e-03,-1.7787419774e-01,-2.6403362714e-01,-1.8937865139e+00,-1.1478322229e-01
0.5050,0.7350,-1.1022876775e-01,1.0193110195e-02,-1.1615540948e-01,-2.0209053048e-01,-1.8849200339e+00,-1.0309129317e-01
0.5050,0.7450,-1.0773492636e-01,1.8382992370e-02,-5.7377491570e-02,-1.4304278721e-01,-1.8788763124e+00,-9.2508464828e-02
0.5050,0.7550,-1.0615785647e-01,2.5624257042e-02,-1.4670429319e-03,-8.6831332384e-02,-1.8755601095e+00,-8.3011116245e-02
0.5050,0.7650,-1.0546478508e-01,3.1937205489e-02,5.1643895098e-02,-3.3400970736e-02,-1.8748780130e+00,-7.4574648797e-02
0.5050,0.7750,-1.0562290052e-01,3.7343040176e-02,1.0201820378e-01,1.7299881755e-02,-1.8767384840e+00,-6.7173647167e-02
0.5050,0.7850,-1.0659945456e-01,4.1863727548e-02,1.4971402391e-01,6.5319435076e-02,-1.8810518927e+00,-6.0782022537e-02
0.5050,0.7950,-1.0836185522e-01,4.5521880919e-02,1.9478506166e-01,1.1070274298e-01,-1.8877305435e+00,-5.5373146901e-02
0.5050,0.8050,-1.1087774697e-01,4.8340640389e-02,2.3728088102e-01,1.5349190784e-01,-1.8966886931e+00,-5.0919970963e-02
0.5050,0.8150,-1.1411508295e-01,5.0343581895e-02,2.7724716288e-01,1.9372626559e-01,-1.9078425605e+00,-4.7395134872e-02
0.5050,0.8250,-1.1804218780e-01,5.1554614727e-02,3.1472595686e-01,2.3144256252e-01,-1.9211103303e+00,-4.4771065947e-02
0.5050,0.8350,-1.2262781220e-01,5.1997908317e-02,3.4975590427e-01,2.6667511375e-01,-1.9364121512e+00,-4.3020068040e-02
0.5050,0.8450,-1.2784118178e-01,5.1697808563e-02,3.8237245280e-01,2.9945595552e-01,-1.9536701281e+00,-4.2114403152e-02
0.5050,0.8550,-1.3365203726e-01,5.0678773512e-02,4.1260805263e-01,3.2981498297e-01,-1.9728083113e+00,-4.2026362338e-02
0.5050,0.8650,-1.4003067116e-01,4.8965315104e-02,4.4049233737e-01,3.5778007928e-01,-1.9937526804e+00,-4.2728333177e-02
0.5050,0.8750,-1.4694795699e-01,4.6581937176e-02,4.6605229785e-01,3.8337723766e-01,-2.0164311265e+00,-4.4192856264e-02
0.5050,0.8850,-1.5437537539e-01,4.3553091949e-02,4.8931243620e-01,4.0663067198e-01,-2.0407734297e+00,-4.6392679220e-02
0.5050,0.8950,-1.6228503501e-01,3.9903128051e-02,5.1029491780e-01,4.2756292345e-01,-2.0667112354e+00,-4.9300802630e-02
0.5050,0.9050,-1.7064968900e-01,3.5656259331e-02,5.2901970570e-01,4.4619495581e-01,-2.0941780287e+00,-5.2890521136e-02
0.5050,0.9150,-1.7944274975e-01,3.0836522708e-02,5.4550469100e-01,4.6254624865e-01,-2.1231091051e+00,-5.7135461571e-02
0.5050,0.9250,-1.8863829813e-01,2.5467743863e-02,5.5976581338e-01,4.7663488258e-01,-2.1534415421e+00,-6.2009613235e-02
0.5050,0.9350,-1.9821109186e-01,1.9573518301e-02,5.7181717129e-01,4.8847761711e-01,-2.1851141681e+00,-6.7487358223e-02
0.5050,0.9450,-2.0813657000e-01,1.3177174621e-02,5.8167113023e-01,4.9808996802e-01,-2.2180675306e+00,-7.3543494508e-02
0.5050,0.9550,-2.1839085556e-01,6.3017592841e-03,5.8933841829e-01,5.0548627525e-01,-2.2522438633e+00,-8.0153257655e-02
0.5050,0.9650,-2.2895075662e-01,-1.0299849320e-03,5.9482822011e-01,5.1067976932e-01,-2.2875870534e+00,-8.7292339664e-02
0.5050,0.9750,-2.3979376411e-01,-8.7956384024e-03,5.9814826303e-01,5.1368263298e-01,-2.3240426076e+00,-9.4936902794e-02
0.5050,0.9850,-2.5089805002e-01,-1.6973116716e-02,5.9930489749e-01,5.1450605836e-01,-2.3615576177e+00,-1.0306359425e-01
0.5050,0.9950,-2.6224246205e-01,-2.5540686301e-02,5.9830317420e-01,5.1316030164e-01,-2.4000807271e+00,-1.1164955496e-01
0.5150,0.5150,-4.2046222835e-01,-3.9490289013e-01,-2.2148389750e+00,-2.2534705801e+00,-2.8144767186e+00,-5.9806345872e-01
0.5150,0.5250,-3.9118855167e-01,-3.6503142922e-01,-2.0663282663e+00,-2.1127599385e+00,-2.7204342442e+00,-5.6192378186e-01
0.5150,0.5350,-3.6309060778e-01,-3.3580403311e-01,-1.9243445262e+00,-1.9775926493e+00,-2.6313633111e+00,-5.2664659347e-01
0.5150,0.5450,-3.3621103946e-01,-3.0730175359e-01,-1.7885380678e+00,-1.8477143217e+00,-2.5471866344e+00,-4.9230926571e-01
0.5150,0.5550,-3.1058297370e-01,-2.7959473921e-01,-1.6585868779e+00,-1.7228902564e+00,-2.4678203035e+00,-4.5897848088e-01
0.5150,0.5650,-2.8623100277e-01,-2.5274319960e-01,-1.5341941707e+00,-1.6029036819e+00,-2.3931748693e+00,-4.2671112179e-01
0.5150,0.5750,-2.6317207832e-01,-2.2679831596e-01,-1.4150861653e+00,-1.4875541679e+00,-2.3231563065e+00,-3.9555509928e-01
0.5150,0.5850,-2.4141632705e-01,-2.0180305303e-01,-1.3010101169e+00,-1.3766562126e+00,-2.2576668653e+00,-3.6555012603e-01
0.5150,0.5950,-2.2096779386e-01,-1.7779293209e-01,-1.1917325213e+00,-1.2700379642e+00,-2.1966058226e+00,-3.3672843407e-01
0.5150,0.6050,-2.0182511864e-01,-1.5479671615e-01,-1.0870375210e+00,-1.1675400791e+00,-2.1398701464e+00,-3.0911544378e-01
0.5150,0.6150,-1.8398215195e-01,-1.3283706109e-01,-9.8672544365e-01,-1.0690146847e+00,-2.0873550813e+00,-2.8273038221e-01
0.5150,0.6250,-1.6742851416e-01,-1.1193109029e-01,-8.9061150011e-01,-9.7432445016e-01,-2.0389546654e+00,-2.5758685697e-01
0.5150,0.6350,-1.5215010466e-01,-9.2090941926e-02,-7.9852459017e-01,-8.8334173900e-01,-1.9945621841e+00,-2.3369338736e-01
0.5150,0.6450,-1.3812956247e-01,-7.3324253025e-02,-7.1030623010e-01,-7.9594784673e-01,-1.9540705695e+00,-2.1105389417e-01
0.5150,0.6550,-1.2534668592e-01,-5.5634613539e-02,-6.2580957263e-01,-7.1203230525e-01,-1.9173727504e+00,-1.8966815394e-01
0.5150,0.6650,-1.1377881112e-01,-3.9021977363e-02,-5.4489851575e-01,-6.3149225226e-01,-1.8843619588e+00,-1.6953221514e-01
0.5150,0.6750,-1.0340115654e-01,-2.3483034744e-02,-4.6744689606e-01,-5.5423185780e-01,-1.8549319969e+00,-1.5063878519e-01
0.5150,0.6850,-9.4187133099e-02,-9.0115621680e-03,-3.9333774256e-01,-4.8016179882e-01,-1.8289774700e+00,-1.3297758286e-01
0.5150,0.6950,-8.6108626072e-02,4.4012727854e-03,-3.2246260944e-01,-4.0919878388e-01,-1.8063939876e+00,-1.1653566662e-01
0.5150,0.7050,-7.9136248145e-02,1.6766614989e-02,-2.5472094876e-01,-3.4126511307e-01,-1.7870783379e+00,-1.0129773217e-01
0.5150,0.7150,-7.3239569072e-02,2.8097671868e-02,-1.9001955408e-01,-2.7628828150e-01,-1.7709286370e+00,-8.7246389784e-02
0.5150,0.7250,-6.8387321514e-02,3.8409463480e-02,-1.2827203250e-01,-2.1420060919e-01,-1.7578444559e+00,-7.4362415135e-02
0.5150,0.7350,-6.4547586789e-02,4.7718617263e-02,-6.9398336506e-02,-1.5493890821e-01,-1.7477269292e+00,-6.2624981894e-02
0.5150,0.7450,-6.1687961946e-02,5.6043159740e-02,-1.3324319524e-02,-9.8444170419e-02,-1.7404788448e+00,-5.2011873394e-02
0.5150,0.7550,-5.9775708705e-02,6.3402344042e-02,4.0018662391e-02,-4.4661285635e-02,-1.7360047197e+00,-4.2499676063e-02
0.5150,0.7650,-5.8777888375e-02,6.9816482552e-02,9.0694123146e-02,6.4612215552e-03,-1.7342108604e+00,-3.4063957978e-02
0.5150,0.7750,-5.8661480511e-02,7.5306796466e-02,1.3876079030e-01,5.4971433169e-02,-1.7350054130e+00,-2.6679428842e-02
0.5150,0.7850,-5.9393490734e-02,7.9895286143e-02,1.8427291664e-01,1.0091425932e-01,-1.7382984007e+00,-2.0320089775e-02
0.5150,0.7950,-6.0941044773e-02,8.3604598490e-02,2.2728057772e-01,1.4433164641e-01,-1.7440017524e+00,-1.4959365534e-02
0.5150,0.8050,-6.3271473358e-02,8.6457926621e-02,2.6782993551e-01,1.8526276456e-01,-1.7520293231e+00,-1.0570228757e-02
0.5150,0.8150,-6.6352386422e-02,8.8478896434e-02,3.0596349416e-01,2.2374418711e-01,-1.7622969060e+00,-7.1253097448e-03
0.5150,0.8250,-7.0151738569e-02,8.9691483947e-02,3.4172032638e-01,2.5981005118e-01,-1.7747222387e+00,-4.5969977382e-03
0.5150,0.8350,-7.4637887183e-02,9.0119926371e-02,3.7513629151e-01,2.9349221115e-01,-1.7892250027e+00,-2.9575326611e-03
0.5150,0.8450,-7.9779641752e-02,8.9788647796e-02,4.0624423409e-01,3.2482037855e-01,-1.8057268187e+00,-2.1790862716e-03
0.5150,0.8550,-8.5546308474e-02,8.8722195860e-02,4.3507416731e-01,3.5382225209e-01,-1.8241512368e+00,-2.2338385700e-03
0.5150,0.8650,-9.1907726986e-02,8.6945170081e-02,4.6165344881e-01,3.8052364147e-01,-1.8444237221e+00,-3.0940427531e-03
0.5150,0.8750,-9.8834303152e-02,8.4482176386e-02,4.8600693656e-01,4.0494857810e-01,-1.8664716386e+00,-4.7320871861e-03
0.5150,0.8850,-1.0629703593e-01,8.1357768628e-02,5.0815714262e-01,4.2711942294e-01,-1.8902242282e+00,-7.1205482062e-03
0.5150,0.8950,-1.1426753977e-01,7.7596412390e-02,5.2812436884e-01,4.4705696243e-01,-1.9156125888e+00,-1.0232238380e-02
0.5150,0.9050,-1.2271806426e-01,7.3222436485e-02,5.4592683846e-01,4.6478050259e-01,-1.9425696486e+00,-1.4040250381e-02
0.5150,0.9150,-1.3162150800e-01,6.8259998614e-02,5.6158081778e-01,4.8030795395e-01,-1.9710301397e+00,-1.8517993176e-02
0.5150,0.9250,-1.4095143133e-01,6.2733060052e-02,5.7510072716e-01,4.9365591032e-01,-2.0009305697e+00,-2.3639227664e-02
0.5150,0.9350,-1.5068206452e-01,5.6665344570e-02,5.8649925040e-01,5.0483972669e-01,-2.0322091918e+00,-2.9378094333e-02
0.5150,0.9450,-1.6078831405e-01,5.0080322945e-02,5.9578743067e-01,5.1387358672e-01,-2.0648059741e+00,-3.5709139895e-02
0.5150,0.9550,-1.7124576666e-01,4.3001186839e-02,6.0297476522e-01,5.2077056968e-01,-2.0986625677e+00,-4.2607339790e-02
0.5150,0.9650,-1.8203069019e-01,3.5450825974e-02,6.0806929219e-01,5.2554271244e-01,-2.1337222746e+00,-5.0048116089e-02
0.5150,0.9750,-1.9312003434e-01,2.7451815548e-02,6.1107767110e-01,5.2820106624e-01,-2.1699300143e+00,-5.8007355630e-02
0.5150,0.9850,-2.0449142750e-01,1.9026397194e-02,6.1200526088e-01,5.2875575175e-01,-2.2072322909e+00,-6.6461421858e-02
0.5150,0.9950,-2.1612317396e-01,1.0196466680e-02,6.1085619070e-01,5.2721600986e-01,-2.2455771592e+00,-7.5387167246e-02
0.5250,0.5250,-3.6098919939e-01,-3.3468508092e-01,-1.9252634268e+00,-1.9787041863e+00,-2.6242474247e+00,-5.2556421889e-01
0.5250,0.5350,-3.3197604270e-01,-3.0499553376e-01,-1.7903625695e+00,-1.8498911289e+00,-2.5330626966e+00,-4.9006188912e-01
0.5250,0.5450,-3.0419403200e-01,-2.7604403052e-01,-1.6612971070e+00,-1.7260823042e+00,-2.4468047327e+00,-4.5549589200e-01
0.5250,0.5550,-2.7767840548e-01,-2.4790091150e-01,-1.5377644883e+00,-1.6070577478e+00,-2.3653913897e+00,-4.2193455652e-01
0.5250,0.5650,-2.5245567890e-01,-2.2062659357e-01,-1.4194858672e+00,-1.4926143277e+00,-2.2887348086e+00,-3.8943632473e-01
0.5250,0.5750,-2.2854455115e-01,-1.9427245373e-01,-1.3062040446e+00,-1.3825642626e+00,-2.2167423895e+00,-3.5805058211e-01
0.5250,0.5850,-2.0595673004e-01,-1.6888166577e-01,-1.1976815926e+00,-1.2767337846e+00,-2.1493176531e+00,-3.2781842890e-01
0.5250,0.5950,-1.8469768528e-01,-1.4448994420e-01,-1.0936991930e+00,-1.1749619474e+00,-2.0863610041e+00,-2.9877340077e-01
0.5250,0.6050,-1.6476733436e-01,-1.2112625058e-01,-9.9405411569e-01,-1.0770995457e+00,-2.0277704046e+00,-2.7094213633e-01
0.5250,0.6150,-1.4616066728e-01,-9.8813421851e-02,-8.9855886671e-01,-9.8300814792e-01,-1.9734419695e+00,-2.4434499900e-01
0.5250,0.6250,-1.2886831494e-01,-7.7568764027e-02,-8.0703994842e-01,-8.9255921720e-01,-1.9232704911e+00,-2.1899665223e-01
0.5250,0.6350,-1.1287706549e-01,-5.7404582268e-02,-7.1933674921e-01,-8.0563332055e-01,-1.8771499019e+00,-1.9490659254e-01
0.5250,0.6450,-9.8170334097e-02,-3.8328674170e-02,-6.3530052894e-01,-7.2211940947e-01,-1.8349736810e+00,-1.7207964300e-01
0.5250,0.6550,-8.4728588361e-02,-2.0344779455e-02,-5.5479349860e-01,-6.4191416835e-01,-1.7966352120e+00,-1.5051640779e-01
0.5250,0.6650,-7.2529735619e-02,-3.4529874798e-03,-4.7768798815e-01,-5.6492142289e-01,-1.7620280948e+00,-1.3021369431e-01
0.5250,0.6750,-6.1549472430e-02,1.2349880780e-02,-4.0386567770e-01,-4.9105159901e-01,-1.7310464203e+00,-1.1116489919e-01
0.5250,0.6850,-5.1761602647e-02,2.7069938147e-02,-3.3321691078e-01,-4.2022123386e-01,-1.7035850078e+00,-9.3360367741e-02
0.5250,0.6950,-4.3138323621e-02,4.0715907836e-02,-2.6564004975e-01,-3.5235252407e-01,-1.6795396127e+00,-7.6787720744e-02
0.5250,0.7050,-3.5650486478e-02,5.3298847654e-02,-2.0104090459e-01,-2.8737291882e-01,-1.6588071050e+00,-6.1432159287e-02
0.5250,0.7150,-2.9267829638e-02,6.4831878291e-02,-1.3933219130e-01,-2.2521474104e-01,-1.6412856237e+00,-4.7276740744e-02
0.5250,0.7250,-2.3959190705e-02,7.5329955329e-02,-8.0433052739e-02,-1.6581484658e-01,-1.6268747085e+00,-3.4302635910e-02
0.5250,0.7350,-1.9692696464e-02,8.4809643185e-02,-2.4268603436e-02,-1.0911430557e-01,-1.6154754122e+00,-2.2489361976e-02
0.5250,0.7450,-1.6435934079e-02,9.3288923410e-02,2.9230477252e-02,-5.5058114448e-02,-1.6069903944e+00,-1.1814997674e-02
0.5250,0.7550,-1.4156105264e-02,1.0078701181e-01,8.0128325776e-02,-3.5949279966e-03,-1.6013240010e+00,-2.2563802881e-03
0.5250,0.7650,-1.2820163469e-02,1.0732419256e-01,1.2848424496e-01,4.5323186583e-02,-1.5983823281e+00,6.2107158468e-03
0.5250,0.7750,-1.2394938145e-02,1.1292167487e-01,1.7435302156e-01,9.1740974805e-02,-1.5980732748e+00,1.3611413159e-02
0.5250,0.7850,-1.2847244081e-02,1.1760144830e-01,2.1778522937e-01,1.3570020640e-01,-1.6003065840e+00,1.9971583002e-02
0.5250,0.7950,-1.4143980503e-02,1.2138616876e-01,2.5882749709e-01,1.7723986587e-01,-1.6049938740e+00,2.5317706734e-02
0.5250,0.8050,-1.6252217631e-02,1.2429903634e-01,2.9752276875e-01,2.1639633402e-01,-1.6120486608e+00,2.9676753159e-02
0.5250,0.8150,-1.9139274364e-02,1.2636370331e-01,3.3391053347e-01,2.5320355066e-01,-1.6213863732e+00,3.3076063987e-02
0.5250,0.8250,-2.2772786663e-02,1.2760417487e-01,3.6802704678e-01,2.8769317003e-01,-1.6329243609e+00,3.5543251372e-02
0.5250,0.8350,-2.7120767059e-02,1.2804472826e-01,3.9990553205e-01,3.1989470205e-01,-1.6465818967e+00,3.7106105404e-02
0.5250,0.8450,-3.2151658134e-02,1.2770983889e-01,4.2957636612e-01,3.4983564415e-01,-1.6622801728e+00,3.7792508117e-02
0.5250,0.8550,-3.7834377423e-02,1.2662410404e-01,4.5706725759e-01,3.7754160575e-01,-1.6799422933e+00,3.7630359327e-02
0.5250,0.8650,-4.4138357857e-02,1.2481219187e-01,4.8240340445e-01,4.0303641985e-01,-1.6994932621e+00,3.6647505819e-02
0.5250,0.8750,-5.1033581128e-02,1.2229877641e-01,5.0560764957e-01,4.2634225170e-01,-1.7208599675e+00,3.4871681323e-02
0.5250,0.8850,-5.8490607059e-02,1.1910849349e-01,5.2670061778e-01,4.4747969610e-01,-1.7439711634e+00,3.2330449998e-02
0.5250,0.8950,-6.6480598264e-02,1.1526589071e-01,5.4570084868e-01,4.6646787107e-01,-1.7687574480e+00,2.9051156755e-02
0.5250,0.9050,-7.4975339623e-02,1.1079538797e-01,5.6262491961e-01,4.8332450364e-01,-1.7951512402e+00,2.5060884205e-02
0.5250,0.9150,-8.3947255726e-02,1.0572124721e-01,5.7748755744e-01,4.9806600906e-01,-1.8230867541e+00,2.0386411413e-02
0.5250,0.9250,-9.3369423298e-02,1.0006752692e-01,5.9030174892e-01,5.1070756905e-01,-1.8524999716e+00,1.5054181136e-02
0.5250,0.9350,-1.0321558172e-01,9.3858065375e-02,6.0107883713e-01,5.2126319917e-01,-1.8833286137e+00,9.0902676344e-03
0.5250,0.9450,-1.1346014014e-01,8.7116450161e-02,6.0982861701e-01,5.2974581609e-01,-1.9155121110e+00,2.5203504772e-03
0.5250,0.9550,-1.2407818220e-01,7.9865991303e-02,6.1655942274e-01,5.3616730001e-01,-1.9489915722e+00,-4.6303082861e-03
0.5250,0.9650,-1.3504546925e-01,7.2129708400e-02,6.2127820834e-01,5.4053855088e-01,-1.9837097533e+00,-1.2336885738e-02
0.5250,0.9750,-1.4633844009e-01,6.3930307486e-02,6.2399062659e-01,5.4286954403e-01,-2.0196110250e+00,-2.0575013490e-02
0.5250,0.9850,-1.5793421079e-01,5.5290166574e-02,6.2470109973e-01,5.4316938077e-01,-2.0566413400e+00,-2.9320793854e-02
0.5250,0.9950,-1.6981057138e-01,4.6231323013e-02,6.2341288802e-01,5.4144633611e-01,-2.0947482004e+00,-3.8550811089e-02
0.5350,0.5350,-3.0205572672e-01,-2.7485450479e-01,-1.6621999188e+00,-1.7271455729e+00,-2.4397909985e+00,-4.5432770619e-01
0.5350,0.5450,-2.7337696586e-01,-2.4546244396e-01,-1.5395480044e+00,-1.6091326885e+00,-2.3514749533e+00,-4.1952489264e-01
0.5350,0.5550,-2.4597715888e-01,-2.1688996136e-01,-1.4221227064e+00,-1.4956465373e+00,-2.2680342903e+00,-3.8572344352e-01
0.5350,0.5650,-2.1988479967e-01,-1.8919773828e-01,-1.3096622000e+00,-1.3864969794e+00,-2.1893828451e+00,-3.5298338784e-01
0.5350,0.5750,-1.9512039129e-01,-1.6243742732e-01,-1.2019249930e+00,-1.2815082733e+00,-2.1154295452e+00,-3.2135561361e-01
0.5350,0.5850,-1.7169728203e-01,-1.3665246293e-01,-1.0986881916e+00,-1.1805178300e+00,-2.0460792839e+00,-2.9088264178e-01
0.5350,0.5950,-1.4962242717e-01,-1.1187882490e-01,-9.9974591553e-01,-1.0833750850e+00,-1.9812336936e+00,-2.6159934420e-01
0.5350,0.6050,-1.2889708485e-01,-8.8145725895e-02,-9.0490789235e-01,-9.8994049179e-01,-1.9207918284e+00,-2.3353361531e-01
0.5350,0.6150,-1.0951744846e-01,-6.5476251228e-02,-8.1399816819e-01,-9.0008460776e-01,-1.8646507696e+00,-2.0670699241e-01
0.5350,0.6250,-9.1475223898e-02,-4.3887941129e-02,-7.2685395801e-01,-8.1368727388e-01,-1.8127061587e+00,-1.8113523439e-01
0.5350,0.6350,-7.4758153558e-02,-2.3393324784e-02,-6.4332459384e-01,-7.3063686994e-01,-1.7648526680e+00,-1.5682885581e-01
0.5350,0.6450,-5.9350493606e-02,-4.0004143449e-03,-5.6327057465e-01,-6.5082964013e-01,-1.7209844148e+00,-1.3379362258e-01
0.5350,0.6550,-4.5233447138e-02,1.4286852425e-02,-4.8656270598e-01,-5.7416908298e-01,-1.6809953257e+00,-1.1203101016e-01
0.5350,0.6650,-3.2385557355e-02,3.1468193819e-02,-4.1308130803e-01,-5.0056539319e-01,-1.6447794562e+00,-9.1538625837e-02
0.5350,0.6750,-2.0783064721e-02,4.7546618130e-02,-3.4271550798e-01,-4.2993495876e-01,-1.6122312705e+00,-7.2310600521e-02
0.5350,0.6850,-1.0400229784e-02,6.2528070516e-02,-2.7536257730e-01,-3.6219989650e-01,-1.5832458853e+00,-5.4337947069e-02
0.5350,0.6950,-1.2096267337e-03,7.6421129764e-02,-2.1092734493e-01,-2.9728763458e-01,-1.5577192826e+00,-3.7608894005e-02
0.5350,0.7050,6.8175924228e-03,8.9236712062e-02,-1.4932164156e-01,-2.3513052438e-01,-1.5355484936e+00,-2.2109188742e-02
0.5350,0.7150,1.3711457574e-02,1.0098781879e-01,-9.0463808702e-02,-1.7566549152e-01,-1.5166317575e+00,-7.8223804764e-03
0.5350,0.7250,1.9502965109e-02,1.1168929109e-01,-3.4278232387e-02,-1.1883371051e-01,-1.5008686579e+00,5.2699236919e-03
0.5350,0.7350,2.4223882243e-02,1.2135759639e-01,1.9305072428e-02,-6.4580310304e-02,-1.4881602392e+00,1.7187820384e-02
0.5350,0.7450,2.7906571963e-02,1.3001063027e-01,7.0350851250e-02,-1.2854101763e-02,-1.4784091044e+00,2.7952893513e-02
0.5350,0.7550,3.0583834918e-02,1.3766753181e-01,1.1891896738e-01,3.6392673480e-02,-1.4715194979e+00,3.7588015160e-02
0.5350,0.7650,3.2288767502e-02,1.4434852633e-01,1.6506472587e-01,8.3204571567e-02,-1.4673973732e+00,4.6117162452e-02
0.5350,0.7750,3.3054635282e-02,1.5007476644e-01,2.0883918231e-01,1.2762316152e-01,-1.4659504484e+00,5.3565252391e-02
0.5350,0.7850,3.2914758650e-02,1.5486820585e-01,2.5028941539e-01,1.6968721848e-01,-1.4670882507e+00,5.9957987620e-02
0.5350,0.7950,3.1902412196e-02,1.5875146642e-01,2.8945879190e-01,2.0943290768e-01,-1.4707221500e+00,6.5321719472e-02
0.5350,0.8050,3.0050733557e-02,1.6174773260e-01,3.2638719976e-01,2.4689394975e-01,-1.4767653843e+00,6.9683319390e-02
0.5350,0.8150,2.7392644016e-02,1.6388064656e-01,3.6111127312e-01,2.8210177712e-01,-1.4851330773e+00,7.3070065074e-02
0.5350,0.8250,2.3960776999e-02,1.6517421341e-01,3.9366459627e-01,3.1508567799e-01,-1.4957422485e+00,7.5509534956e-02
0.5350,0.8350,1.9787415541e-02,1.6565272196e-01,4.2407789195e-01,3.4587292857e-01,-1.5085118175e+00,7.7029512721e-02
0.5350,0.8450,1.4904437837e-02,1.6534066239e-01,4.5237920212e-01,3.7448891868e-01,-1.5233626026e+00,7.7657902405e-02
0.5350,0.8550,9.3432684315e-03,1.6426266515e-01,4.7859404708e-01,4.0095726470e-01,-1.5402173151e+00,7.7422648511e-02
0.5350,0.8650,3.1348374071e-03,1.6244343184e-01,5.0274558307e-01,4.2529991877e-01,-1.5590005489e+00,7.6351667588e-02
0.5350,0.8750,-3.6904565828e-03,1.5990768178e-01,5.2485474050e-01,4.4753726731e-01,-1.5796387665e+00,7.4472783043e-02
0.5350,0.8850,-1.1102776369e-02,1.5668010242e-01,5.4494035828e-01,4.6768822401e-01,-1.6020602821e+00,7.1813669296e-02
0.5350,0.8950,-1.9072872588e-02,1.5278530082e-01,5.6301930781e-01,4.8577031704e-01,-1.6261952414e+00,6.8401800611e-02
0.5350,0.9050,-2.7572105883e-02,1.4824776874e-01,5.7910660583e-01,5.0179976857e-01,-1.6519756001e+00,6.4264404434e-02
0.5350,0.9150,-3.6572464330e-02,1.4309183499e-01,5.9321552556e-01,5.1579157277e-01,-1.6793350982e+00,5.9428422494e-02
0.5350,0.9250,-4.6046578677e-02,1.3734164408e-01,6.0535769376e-01,5.2775956370e-01,-1.7082092353e+00,5.3920472813e-02
0.5350,0.9350,-5.5967732908e-02,1.3102112234e-01,6.1554318721e-01,5.3771648264e-01,-1.7385352422e+00,4.7766819459e-02
0.5350,0.9450,-6.6309873493e-02,1.2415394675e-01,6.2378062036e-01,5.4567404086e-01,-1.7702520521e+00,4.0993343871e-02
0.5350,0.9550,-7.7047615154e-02,1.1676353148e-01,6.3007722635e-01,5.5164297529e-01,-1.8033002712e+00,3.3625520093e-02
0.5350,0.9650,-8.8156244097e-02,1.0887299996e-01,6.3443893669e-01,5.5563310478e-01,-1.8376221477e+00,2.5688394879e-02
0.5350,0.9750,-9.9611720711e-02,1.0050516849e-01,6.3687045180e-01,5.5765338043e-01,-1.8731615403e+00,1.7206567730e-02
0.5350,0.9850,-1.1139067819e-01,9.1682532528e-02,6.3737531015e-01,5.5771193303e-01,-1.9098638868e+00,8.2041770856e-03
0.5350,0.9950,-1.2347042140e-01,8.2427250674e-02,6.3595595199e-01,5.5581611858e-01,-1.9476761714e+00,-1.2951135895e-03
0.5450,0.5450,-2.4380954311e-01,-2.1563882142e-01,-1.4230011561e+00,-1.4966566265e+00,-2.2611261967e+00,-3.8447887591e-01
0.5450,0.5550,-2.1553137054e-01,-1.8664410173e-01,-1.3113899397e+00,-1.3884615438e+00,-2.1756801643e+00,-3.5042952491e-01
0.5450,0.5650,-1.8857296910e-01,-1.5853930441e-01,-1.2044686596e+00,-1.2843696722e+00,-2.0950524846e+00,-3.1743847657e-01
0.5450,0.5750,-1.6295669897e-01,-1.3137640903e-01,-1.1020107348e+00,-1.1842167443e+00,-2.0191537104e+00,-2.8555814887e-01
0.5450,0.5850,-1.3869760390e-01,-1.0519918241e-01,-1.0038070467e+00,-1.0878508164e+00,-1.9478902038e+00,-2.5483251118e-01
0.5450,0.5950,-1.1580418270e-01,-8.0043922625e-02,-9.0966447392e-01,-9.9513121831e-01,-1.8811649190e+00,-2.2529780495e-01
0.5450,0.6050,-9.4279092316e-02,-5.5940154844e-02,-8.1940455259e-01,-9.0592760334e-01,-1.8188780965e+00,-1.9698321239e-01
0.5450,0.6150,-7.4119790153e-02,-3.2911265782e-02,-7.3286228357e-01,-8.2011909540e-01,-1.7609278755e+00,-1.6991148121e-01
0.5450,0.6250,-5.5319117811e-02,-1.0975083821e-02,-6.4988504198e-01,-7.3759351748e-01,-1.7072108370e+00,-1.4409950200e-01
0.5450,0.6350,-3.7865834157e-02,9.8555807378e-03,-5.7033159484e-01,-6.5824669330e-01,-1.6576224814e+00,-1.1955884608e-01
0.5450,0.6450,-2.1745098450e-02,2.9572456507e-02,-4.9407121050e-01,-5.8198181778e-01,-1.6120576510e+00,-9.6296261702e-02
0.5450,0.6550,-6.9389115776e-03,4.8171350149e-02,-4.2098284344e-01,-5.0870888053e-01,-1.5704109006e+00,-7.4314134914e-02
0.5450,0.6650,6.5734847651e-03,6.5651749586e-02,-3.5095440350e-01,-4.3834414870e-01,-1.5325768246e+00,-5.3610914737e-02
0.5450,0.6750,1.8815244502e-02,8.2016435802e-02,-2.8388207510e-01,-3.7080968881e-01,-1.4984503418e+00,-3.4181505833e-02
0.5450,0.6850,2.9811587942e-02,9.7271151975e-02,-2.1966971325e-01,-3.0603293858e-01,-1.4679269460e+00,-1.6017631844e-02
0.5450,0.6950,3.9589503447e-02,1.1142427905e-01,-1.5822827360e-01,-2.4394630878e-01,-1.4409029236e+00,8.9183155775e-04
0.5450,0.7050,4.8177476603e-02,1.2448655866e-01,-9.9475308829e-02,-1.8448682596e-01,-1.4172755431e+00,1.6560547148e-02
0.5450,0.7150,5.5605246376e-02,1.3647082513e-01,-4.3334491067e-02,-1.2759579997e-01,-1.3969432181e+00,3.1004434495e-02
0.5450,0.7250,6.1903583204e-02,1.4739176951e-01,1.0264813081e-02,-7.3218522995e-02,-1.3798056484e+00,4.4241407636e-02
0.5450,0.7350,6.7104090497e-02,1.5726572413e-01,6.1387940932e-02,-2.1303992102e-02,-1.3657639407e+00,5.6291137154e-02
0.5450,0.7450,7.1239023725e-02,1.6611045722e-01,1.1009529792e-01,2.8195347179e-02,-1.3547207102e+00,6.7174829205e-02
0.5450,0.7550,7.4341129408e-02,1.7394500251e-01,1.5644268871e-01,7.5323832575e-02,-1.3465801670e+00,7.6915024662e-02
0.5450,0.7650,7.6443498881e-02,1.8078948230e-01,2.0048163124e-01,1.2012280445e-01,-1.3412481872e+00,8.5535414310e-02
0.5450,0.7750,7.7579437831e-02,1.8666496899e-01,2.4225963450e-01,1.6263080134e-01,-1.3386323722e+00,9.3060669203e-02
0.5450,0.7850,7.7782349570e-02,1.9159333926e-01,2.8182046802e-01,2.0288374675e-01,-1.3386420950e+00,9.9516287340e-02
0.5450,0.7950,7.7085629680e-02,1.9559715631e-01,3.1920439852e-01,2.4091511660e-01,-1.3411885377e+00,1.0492845078e-01
0.5450,0.8050,7.5522573611e-02,1.9869955424e-01,3.5444841860e-01,2.7675609747e-01,-1.3461847195e+00,1.0932389853e-01
0.5450,0.8150,7.3126292608e-02,2.0092413255e-01,3.8758645340e-01,3.1043573231e-01,-1.3535455157e+00,1.1272980769e-01
0.5450,0.8250,6.9929641180e-02,2.0229487201e-01,4.1864955193e-01,3.4198105312e-01,-1.3631876715e+00,1.1517368772e-01
0.5450,0.8350,6.5965151232e-02,2.0283603873e-01,4.4766606965e-01,3.7141720888e-01,-1.3750298076e+00,1.1668328303e-01
0.5450,0.8450,6.1264975044e-02,2.0257211960e-01,4.7466182985e-01,3.9876757843e-01,-1.3889924211e+00,1.1728648441e-01
0.5450,0.8550,5.5860835268e-02,2.0152774219e-01,4.9966028286e-01,4.2405388130e-01,-1.4049978818e+00,1.1701125051e-01
0.5450,0.8650,4.9783980422e-02,1.9972761826e-01,5.2268264572e-01,4.4729627611e-01,-1.4229704231e+00,1.1588553414e-01
0.5450,0.8750,4.3065147989e-02,1.9719648806e-01,5.4374803807e-01,4.6851345423e-01,-1.4428361305e+00,1.1393721885e-01
0.5450,0.8850,3.5734530779e-02,1.9395906492e-01,5.6287360711e-01,4.8772272773e-01,-1.4645229253e+00,1.1119405921e-01
0.5450,0.8950,2.7821749696e-02,1.9003999476e-01,5.8007464141e-01,5.0494010910e-01,-1.4879605471e+00,1.0768362871e-01
0.5450,0.9050,1.9355830157e-02,1.8546380711e-01,5.9536468300e-01,5.2018038911e-01,-1.5130805318e+00,1.0343327321e-01
0.5450,0.9150,1.0365182253e-02,1.8025488725e-01,6.0875562504e-01,5.3345720515e-01,-1.5398161894e+00,9.8470067768e-02
0.5450,0.9250,8.7758555663e-04,1.7443743809e-01,6.2025780921e-01,5.4478310893e-01,-1.5681025790e+00,9.2820780837e-02
0.5450,0.9350,-9.0798247169e-03,1.6803544654e-01,6.2988011352e-01,5.5416962895e-01,-1.5978764815e+00,8.6511839777e-02
0.5450,0.9450,-1.9480566316e-02,1.6107266791e-01,6.3763003396e-01,5.6162732598e-01,-1.6290763729e+00,7.9569302805e-02
0.5450,0.9550,-3.0298817728e-02,1.5357259206e-01,6.4351376481e-01,5.6716585011e-01,-1.6616423951e+00,7.2018833281e-02
0.5450,0.9650,-4.1509423210e-02,1.4555842699e-01,6.4753626901e-01,5.7079399019e-01,-1.6955163255e+00,6.3885676806e-02
0.5450,0.9750,-5.3087894496e-02,1.3705308206e-01,6.4970134797e-01,5.7251972151e-01,-1.7306415474e+00,5.5194643439e-02
0.5450,0.9850,-6.5010412751e-02,1.2807914778e-01,6.5001170540e-01,5.7235025163e-01,-1.7669630186e+00,4.5970089695e-02
0.5450,0.9950,-7.7253826589e-02,1.1865888586e-01,6.4846900703e-01,5.7029206132e-01,-1.8044272397e+00,3.6235905971e-02
0.5550,0.5550,-1.8638289601e-01,-1.5723467059e-01,-1.2053161529e+00,-1.2853229230e+00,-2.0882527793e+00,-3.1612618584e-01
0.5550,0.5650,-1.5856432938e-01,-1.2872307808e-01,-1.1036709696e+00,-1.1860646996e+00,-2.0056696495e+00,-2.8287669271e-01
0.5550,0.5750,-1.3209993647e-01,-1.0116170072e-01,-1.0062419480e+00,-1.0905335363e+00,-1.9278430454e+00,-2.5073501602e-01
0.5550,0.5850,-1.0700650784e-01,-7.4594686688e-02,-9.1283305254e-01,-9.9858763802e-01,-1.8546808890e+00,-2.1974660078e-01
0.5550,0.5950,-8.3294138560e-02,-4.9058712659e-02,-8.2326326145e-01,-9.1009576183e-01,-1.7860875472e+00,-1.8994908528e-01
0.5550,0.6050,-6.0966940485e-02,-2.4583671631e-02,-7.3736532670e-01,-8.2493633056e-01,-1.7219645346e+00,-1.6137297232e-01
0.5550,0.6150,-4.0023690867e-02,-1.1933025311e-03,-6.5498464271e-01,-7.4299663247e-01,-1.6622111366e+00,-1.3404225176e-01
0.5550,0.6250,-2.0458425503e-02,2.1094220574e-02,-5.7597822968e-01,-6.6417209788e-01,-1.6067249588e+00,-1.0797498148e-01
0.5550,0.6350,-2.2609771535e-03,4.2265766684e-02,-5.0021381236e-01,-5.8836564829e-01,-1.5554024151e+00,-8.3183824507e-02
0.5550,0.6450,1.4582531987e-02,6.2312744616e-02,-4.2756897896e-01,-5.1548710121e-01,-1.5081391548e+00,-5.9676548965e-02
0.5550,0.6550,3.0089244601e-02,8.1230671447e-02,-3.5793042668e-01,-4.4545263763e-01,-1.4648304432e+00,-3.7456489297e-02
0.5550,0.6650,4.4279160607e-02,9.9018745879e-02,-2.9119326201e-01,-3.7818430949e-01,-1.4253714921e+00,-1.6522974614e-02
0.5550,0.6750,5.7174769165e-02,1.1567949006e-01,-2.2726037812e-01,-3.1360960076e-01,-1.3896577536e+00,3.1282768688e-03
0.5550,0.6850,6.8800712404e-02,1.3121839087e-01,-1.6604187094e-01,-2.5166101803e-01,-1.3575851746e+00,2.1504792327e-02
0.5550,0.6950,7.9183482133e-02,1.4564359983e-01,-1.0745452127e-01,-1.9227572565e-01,-1.3290504208e+00,3.8617007876e-02
0.5550,0.7050,8.8351143875e-02,1.5896563704e-01,-5.1421306401e-02,-1.3539520483e-01,-1.3039510706e+00,5.4477958308e-02
0.5550,0.7150,9.6333087203e-02,1.7119713382e-01,2.1290353734e-03,-8.0964946853e-02,-1.2821857832e+00,6.9102990672e-02
0.5550,0.7250,1.0315980060e-01,1.8235259568e-01,5.3262411898e-02,-2.8934169738e-02,-1.2636544446e+00,8.2509502040e-02
0.5550,0.7350,1.0886266649e-01,1.9244817674e-01,1.0203974893e-01,2.0744442882e-02,-1.2482582914e+00,9.4716696574e-02
0.5550,0.7450,1.1347377838e-01,2.0150149308e-01,1.4851732836e-01,6.8114977354e-02,-1.2359000175e+00,1.0574536437e-01
0.5550,0.7550,1.1702577358e-01,2.0953142681e-01,1.9274710766e-01,1.1321851335e-01,-1.2264838630e+00,1.1561767645e-01
0.5550,0.7650,1.1955168509e-01,2.1655797592e-01,2.3477700346e-01,1.5609332169e-01,-1.2199156903e+00,1.2435699863e-01
0.5550,0.7750,1.2108480644e-01,2.2260209037e-01,2.7465116497e-01,1.9677505462e-01,-1.2161030448e+00,1.3198771959e-01
0.5550,0.7850,1.2165857170e-01,2.2768554477e-01,3.1241021495e-01,2.3529691458e-01,-1.2149552055e+00,1.3853509410e-01
0.5550,0.7950,1.2130644790e-01,2.3183081028e-01,3.4809148188e-01,2.7168981466e-01,-1.2163832254e+00,1.4402510025e-01
0.5550,0.8050,1.2006183794e-01,2.3506093830e-01,3.8172920952e-01,3.0598252575e-01,-1.2202999608e+00,1.4848430749e-01
0.5550,0.8150,1.1795799596e-01,2.3739946646e-01,4.1335475096e-01,3.3820181051e-01,-1.2266200951e+00,1.5193975848e-01
0.5550,0.8250,1.1502794969e-01,2.3887031305e-01,4.4299675343e-01,3.6837255264e-01,-1.2352601523e+00,1.5441885904e-01
0.5550,0.8350,1.1130443412e-01,2.3949770443e-01,4.7068132176e-01,3.9651787037e-01,-1.2461385069e+00,1.5594928029e-01
0.5550,0.8450,1.0681983094e-01,2.3930608675e-01,4.9643217932e-01,4.2265922837e-01,-1.2591753858e+00,1.5655886818e-01
0.5550,0.8550,1.0160611650e-01,2.3832006492e-01,5.2027080929e-01,4.4681653605e-01,-1.2742928667e+00,1.5627556198e-01
0.5550,0.8650,9.5694816364e-02,2.3656433868e-01,5.4221659182e-01,4.6900824216e-01,-1.2914148714e+00,1.5512732129e-01
0.5550,0.8750,8.9116964275e-02,2.3406363926e-01,5.6228693009e-01,4.8925142357e-01,-1.3104671549e+00,1.5314205809e-01
0.5550,0.8850,8.1903069007e-02,2.3084268696e-01,5.8049736519e-01,5.0756186434e-01,-1.3313772918e+00,1.5034757814e-01
0.5550,0.8950,7.4083083623e-02,2.2692613538e-01,5.9686168905e-01,5.2395413453e-01,-1.3540746591e+00,1.4677152580e-01
0.5550,0.9050,6.5686381320e-02,2.2233854064e-01,6.1139204274e-01,5.3844165785e-01,-1.3784904172e+00,1.4244133625e-01
0.5550,0.9150,5.6741734026e-02,2.1710431541e-01,6.2409901479e-01,5.5103678069e-01,-1.4045574876e+00,1.3738419231e-01
0.5550,0.9250,4.7277294566e-02,2.1124769553e-01,6.3499172909e-01,5.6175083334e-01,-1.4322105292e+00,1.3162698501e-01
0.5550,0.9350,3.7320583846e-02,2.0479271980e-01,6.4407792729e-01,5.7059418594e-01,-1.4613859137e+00,1.2519628070e-01
0.5550,0.9450,2.6898478324e-02,1.9776318961e-01,6.5136404957e-01,5.7757630620e-01,-1.4920216979e+00,1.1811828934e-01
0.5550,0.9550,1.6037202798e-02,1.9018265484e-01,6.5685530494e-01,5.8270580734e-01,-1.5240575965e+00,1.1041883903e-01
0.5550,0.9650,4.7623242923e-03,1.8207439085e-01,6.6055574171e-01,5.8599049684e-01,-1.5574349532e+00,1.0212335254e-01
0.5550,0.9750,-6.9012522611e-03,1.7346137584e-01,6.6246831136e-01,5.8743742177e-01,-1.5920967109e+00,9.3256826449e-02
0.5550,0.9850,-1.8929284579e-02,1.6436628086e-01,6.6259492833e-01,5.8705290922e-01,-1.6279873817e+00,8.3843815173e-02
0.5550,0.9950,-3.1298194132e-02,1.5481145022e-01,6.6093652786e-01,5.8484260732e-01,-1.6650530160e+00,7.3908414782e-02
0.5650,0.5650,-1.2989358909e-01,-9.9810928191e-02,-1.0070532854e+00,-1.0914273230e+00,-1.9211538279e+00,-2.4936294871e-01
0.5650,0.5750,-1.0258696377e-01,-7.1855673680e-02,-9.1441659790e-01,-1.0003146282e+00,-1.8414190957e+00,-2.1695278802e-01
0.5650,0.5850,-7.6663038576e-02,-4.4901908196e-02,-8.2557728563e-01,-9.1259449104e-01,-1.7663750207e+00,-1.8569315499e-01
0.5650,0.5950,-5.2133554660e-02,-1.8986737588e-02,-7.4036582186e-01,-8.2814465761e-01,-1.6959274678e+00,-1.5562311157e-01
0.5650,0.6050,-2.9004129638e-02,5.8595283871e-03,-6.5862560370e-01,-7.4685191087e-01,-1.6299793108e+00,-1.2677450864e-01
0.5650,0.6150,-7.2749142147e-03,2.9612742210e-02,-5.8021189602e-01,-6.6861132241e-01,-1.5684310636e+00,-9.9172609256e-02
0.5650,0.6250,1.3058808091e-02,5.2254344539e-02,-5.0499088022e-01,-5.9332557760e-01,-1.5111814393e+00,-7.2836670214e-02
0.5650,0.6350,3.2006074378e-02,7.3770822179e-02,-4.3283878358e-01,-5.2090436220e-01,-1.4581278444e+00,-4.7780480588e-02
0.5650,0.6450,4.9579744811e-02,9.4153233690e-02,-3.6364110156e-01,-4.5126381245e-01,-1.4091668158e+00,-2.4012862478e-02
0.5650,0.6550,6.5796048289e-02,1.1339674561e-01,-2.9729187710e-01,-3.8432600858e-01,-1.3641944053e+00,-1.5381350418e-03
0.5650,0.6650,8.0674170952e-02,1.3150024056e-01,-2.3369305947e-01,-3.2001852347e-01,-1.3231065197e+00,1.9643456535e-02
0.5650,0.6750,9.4235879775e-02,1.4846592479e-01,-1.7275390507e-01,-2.5827400261e-01,-1.2857992179e+00,3.9535343055e-02
0.5650,0.6850,1.0650518297e-01,1.6429900153e-01,-1.1439044499e-01,-1.9902979058e-01,-1.2521689738e+00,5.8144265039e-02
0.5650,0.6950,1.1750801926e-01,1.7900734366e-01,-5.8524985537e-02,-1.4222758160e-01,-1.2221129032e+00,7.5479932706e-02
0.5650,0.7050,1.2727197831e-01,1.9260121645e-01,-5.0856611335e-03,-8.7813107241e-02,-1.1955289646e+00,9.1554714423e-02
0.5650,0.7150,1.3582604541e-01,2.0509301239e-01,4.5993980894e-02,-3.5735846075e-02,-1.1723161316e+00,1.0638334729e-01
0.5650,0.7250,1.4320037156e-01,2.1649700854e-01,9.4775360939e-02,1.4051241118e-02,-1.1523745425e+00,1.1998267262e-01
0.5650,0.7350,1.4942606523e-01,2.2682915774e-01,1.4131521178e-01,6.1591952029e-02,-1.1356056299e+00,1.3237139118e-01
0.5650,0.7450,1.5453500341e-01,2.3610687575e-01,1.8566590435e-01,1.0692706920e-01,-1.1219122292e+00,1.4356983854e-01
0.5650,0.7550,1.5855966286e-01,2.4434887505e-01,2.2787573668e-01,1.5009456097e-01,-1.1111986740e+00,1.5359977939e-01
0.5650,0.7650,1.6153296570e-01,2.5157498422e-01,2.6798921167e-01,1.9112977458e-01,-1.1033708723e+00,1.6248421726e-01
0.5650,0.7750,1.6348814299e-01,2.5780600974e-01,3.0604728271e-01,2.3006560645e-01,-1.0983363735e+00,1.7024722207e-01
0.5650,0.7850,1.6445860988e-01,2.6306359059e-01,3.4208758860e-01,2.6693266556e-01,-1.0960044206e+00,1.7691376997e-01
0.5650,0.7950,1.6447785545e-01,2.6737007510e-01,3.7614466693e-01,3.0175942077e-01,-1.0962859930e+00,1.8250959893e-01
0.5650,0.8050,1.6357934324e-01,2.7074841252e-01,4.0825015038e-01,3.3457233728e-01,-1.0990938401e+00,1.8706107510e-01
0.5650,0.8150,1.6179642211e-01,2.7322203800e-01,4.3843295393e-01,3.6539600646e-01,-1.1043425055e+00,1.9059507140e-01
0.5650,0.8250,1.5916224841e-01,2.7481479269e-01,4.6671944052e-01,3.9425325994e-01,-1.1119483452e+00,1.9313885754e-01
0.5650,0.8350,1.5570971461e-01,2.7555082583e-01,4.9313358365e-01,4.2116528266e-01,-1.1218295376e+00,1.9471999806e-01
0.5650,0.8450,1.5147138863e-01,2.7545452749e-01,5.1769711027e-01,4.4615171109e-01,-1.1339060892e+00,1.9536626205e-01
0.5650,0.8550,1.4647945825e-01,2.7455045471e-01,5.4042963914e-01,4.6923072935e-01,-1.1480998338e+00,1.9510553865e-01
0.5650,0.8650,1.4076568341e-01,2.7286326301e-01,5.6134880813e-01,4.9041915745e-01,-1.1643344277e+00,1.9396576248e-01
0.5650,0.8750,1.3436135488e-01,2.7041766048e-01,5.8047039008e-01,5.0973253057e-01,-1.1825353415e+00,1.9197484538e-01
0.5650,0.8850,1.2729725691e-01,2.6723834309e-01,5.9780840649e-01,5.2718517844e-01,-1.2026298471e+00,1.8916061420e-01
0.5650,0.8950,1.1960363729e-01,2.6334996128e-01,6.1337522681e-01,5.4279029283e-01,-1.2245470029e+00,1.8555075641e-01
0.5650,0.9050,1.1131017921e-01,2.5877706598e-01,6.2718166699e-01,5.5655999718e-01,-1.2482176348e+00,1.8117276900e-01
0.5650,0.9150,1.0244597976e-01,2.5354407638e-01,6.3923707818e-01,5.6850540663e-01,-1.2735743166e+00,1.7605391502e-01
0.5650,0.9250,9.3039531029e-02,2.4767525212e-01,6.4954942950e-01,5.7863668493e-01,-1.3005513477e+00,1.7022118329e-01
0.5650,0.9350,8.3118703835e-02,2.4119464832e-01,6.5812538922e-01,5.8696310205e-01,-1.3290847279e+00,1.6370125247e-01
0.5650,0.9450,7.2710736783e-02,2.3412610266e-01,6.6497039520e-01,5.9349308117e-01,-1.3591121329e+00,1.5652046088e-01
0.5650,0.9550,6.1842225515e-02,2.2649320493e-01,6.7008872574e-01,5.9823424830e-01,-1.3905728871e+00,1.4870477731e-01
0.5650,0.9650,5.0539116447e-02,2.1831927384e-01,6.7348356371e-01,6.0119347681e-01,-1.4234079352e+00,1.4027977802e-01
0.5650,0.9750,3.8826702056e-02,2.0962734462e-01,6.7515705630e-01,6.0237692789e-01,-1.4575598146e+00,1.3127062520e-01
0.5650,0.9850,2.6729617567e-02,2.0044014588e-01,6.7511037315e-01,6.0179009141e-01,-1.4929726250e+00,1.2170204814e-01
0.5650,0.9950,1.4271841080e-02,1.9078008886e-01,6.7334375894e-01,5.9943782175e-01,-1.5295919991e+00,1.1159832887e-01
0.5750,0.5750,-7.4445987779e-02,-4.3511654270e-02,-8.2634842655e-01,-9.1342703958e-01,-1.7597978239e+00,-1.8426860002e-01
0.5750,0.5850,-4.7697430656e-02,-1.6174724098e-02,-7.4186560743e-01,-8.2974787118e-01,-1.6828905267e+00,-1.5273091529e-01
0.5750,0.5950,-2.2354726073e-02,1.0117527968e-02,-6.6080953013e-01,-7.4916343884e-01,-1.6106046478e+00,-1.2238024371e-01
0.5750,0.6050,1.5749546911e-03,3.5334322571e-02,-5.8303370356e-01,-6.7156849763e-01,-1.5428444997e+00,-9.3249809828e-02
0.5750,0.6150,2.4090037816e-02,5.9451062075e-02,-5.0840277203e-01,-5.9686554275e-01,-1.4795119042e+00,-6.5366178544e-02
0.5750,0.6250,4.5193941167e-02,8.2448746089e-02,-4.3679161400e-01,-5.2496417623e-01,-1.4205067594e+00,-3.8749834560e-02
0.5750,0.6350,6.4894520239e-02,1.0431344753e-01,-3.6808454100e-01,-4.5578053845e-01,-1.3657275419e+00,-1.3415724519e-02
0.5750,0.6450,8.3203564192e-02,1.2503581552e-01,-3.0217455281e-01,-3.8923678799e-01,-1.3150717504e+00,1.0626243076e-02
0.5750,0.6550,1.0013633569e-01,1.4461063963e-01,-2.3896267930e-01,-3.2526063607e-01,-1.2684362985e+00,3.3370730857e-02
0.5750,0.6650,1.1571115251e-01,1.6303642863e-01,-1.7835736296e-01,-2.6378491682e-01,-1.2257178595e+00,5.4816542749e-02
0.5750,0.6750,1.2994900671e-01,1.8031504823e-01,-1.2027391319e-01,-2.0474720337e-01,-1.1868131716e+00,7.4966223952e-02
0.5750,0.6850,1.4287321780e-01,1.9645136649e-01,-6.4633993778e-02,-1.4808945111e-01,-1.1516193044e+00,9.3825691955e-02
0.5750,0.6950,1.5450911873e-01,2.1145294880e-01,-1.1365165025e-02,-9.3757678101e-02,-1.1200338934e+00,1.1140389593e-01
0.5750,0.7050,1.6488376931e-01,2.2532976660e-01,3.9599540614e-02,-4.1701668946e-02,-1.0919553437e+00,1.2771250067e-01
0.5750,0.7150,1.7402569789e-01,2.3809393461e-01,8.8322008077e-02,8.1252946587e-03,-1.0672830088e+00,1.4276559768e-01
0.5750,0.7250,1.8196466566e-01,2.4975947644e-01,1.3485939061e-01,5.5766679608e-02,-1.0459173441e+00,1.5657943563e-01
0.5750,0.7350,1.8873145466e-01,2.6034209755e-01,1.7926444287e-01,1.0126293023e-01,-1.0277600398e+00,1.6917217567e-01
0.5750,0.7450,1.9435767498e-01,2.6985899599e-01,2.2158581435e-01,1.4465167357e-01,-1.0127141356e+00,1.8056366299e-01
0.5750,0.7550,1.9887559119e-01,2.7832866916e-01,2.6186833262e-01,1.8596791389e-01,-1.0006841167e+00,1.9077521935e-01
0.5750,0.7650,2.0231796584e-01,2.8577075847e-01,3.0015325268e-01,2.2524420592e-01,-9.9157599678e-01,1.9982945131e-01
0.5750,0.7750,2.0471791764e-01,2.9220589017e-01,3.3647849560e-01,2.6251081964e-01,-9.8529738557e-01,2.0775007384e-01
0.5750,0.7850,2.0610879525e-01,2.9765554020e-01,3.7087886515e-01,2.9779588921e-01,-9.8175754558e-01,2.1456175058e-01
0.5750,0.7950,2.0652406241e-01,3.0214191117e-01,4.0338624639e-01,3.3112555110e-01,-9.8086743741e-01,2.2028994447e-01
0.5750,0.8050,2.0599719649e-01,3.0568781186e-01,4.3402979597e-01,3.6252407372e-01,-9.8253975580e-01,2.2496078468e-01
0.5750,0.8150,2.0456159661e-01,3.0831656230e-01,4.6283610926e-01,3.9201397381e-01,-9.8668895712e-01,2.2860094168e-01
0.5750,0.8250,2.0225050224e-01,3.1005188974e-01,4.8982938490e-01,4.1961612889e-01,-9.9323127884e-01,2.3123751557e-01
0.5750,0.8350,1.9909692106e-01,3.1091785197e-01,5.1503156937e-01,4.4534987680e-01,-1.0020847531e+00,2.3289793348e-01
0.5750,0.8450,1.9513356381e-01,3.1093875336e-01,5.3846249634e-01,4.6923311226e-01,-1.0131692131e+00,2.3360985514e-01
0.5750,0.8550,1.9039278842e-01,3.1013907472e-01,5.6014001547e-01,4.9128237439e-01,-1.0264062954e+00,2.3340108966e-01
0.5750,0.8650,1.8490654922e-01,3.0854341543e-01,5.8008010899e-01,5.1151292753e-01,-1.0417194367e+00,2.3229951663e-01
0.5750,0.8750,1.7870635371e-01,3.0617642781e-01,5.9829700641e-01,5.2993883926e-01,-1.0590338670e+00,2.3033301794e-01
0.5750,0.8850,1.7182322420e-01,3.0306277225e-01,6.1480328445e-01,5.4657304964e-01,-1.0782765986e+00,2.2752941385e-01
0.5750,0.8950,1.6428766442e-01,2.9922706341e-01,6.2960996607e-01,5.6142743930e-01,-1.0993764123e+00,2.2391640587e-01
0.5750,0.9050,1.5612963209e-01,2.9469383217e-01,6.4272660987e-01,5.7451288994e-01,-1.1222638413e+00,2.1952152683e-01
0.5750,0.9150,1.4737851388e-01,2.8948749076e-01,6.5416139316e-01,5.8583934180e-01,-1.1468711514e+00,2.1437209306e-01
0.5750,0.9250,1.3806310571e-01,2.8363228707e-01,6.6392119354e-01,5.9541585008e-01,-1.1731323200e+00,2.0849516509e-01
0.5750,0.9350,1.2821159603e-01,2.7715228714e-01,6.7201165959e-01,6.0325063246e-01,-1.2009830136e+00,2.0191750999e-01
0.5750,0.9450,1.1785155184e-01,2.7007134119e-01,6.7843728193e-01,6.0935111828e-01,-1.2303605629e+00,1.9466556874e-01
0.5750,0.9550,1.0700990864e-01,2.6241305733e-01,6.8320145771e-01,6.1372399292e-01,-1.2612039371e+00,1.8676542853e-01
0.5750,0.9650,9.5712961498e-02,2.5420078619e-01,6.8630655008e-01,6.1637523827e-01,-1.2934537170e+00,1.7824279585e-01
0.5750,0.9750,8.3986360068e-02,2.4545759656e-01,6.8775394693e-01,6.1731017285e-01,-1.3270520677e+00,1.6912297587e-01
0.5750,0.9850,7.1855104494e-02,2.3620626041e-01,6.8754411319e-01,6.1653348804e-01,-1.3619427093e+00,1.5943085247e-01
0.5750,0.9950,5.9343543478e-02,2.2646923787e-01,6.8567664164e-01,6.1404928264e-01,-1.3980708884e+00,1.4919087152e-01
0.5850,0.5850,-2.0131983983e-02,1.1541241010e-02,-6.6153739666e-01,-7.4993367467e-01,-1.6041405094e+00,-1.2090988337e-01
0.5850,0.5950,6.0181334858e-03,3.8207867404e-02,-5.8444441390e-01,-6.7304639116e-01,-1.5300340677e+00,-9.0272037007e-02
0.5850,0.6050,3.0744152239e-02,6.3793864987e-02,-5.1044977978e-01,-5.9898838057e-01,-1.4604770294e+00,-6.0851998531e-02
0.5850,0.6150,5.4043029521e-02,8.8274133253e-02,-4.3942704494e-01,-5.2766921687e-01,-1.3953725990e+00,-3.2677658954e-02
0.5850,0.6250,7.5916836451e-02,1.1162919481e-01,-3.7125936098e-01,-4.5900510218e-01,-1.3346219336e+00,-5.7707598225e-03
0.5850,0.6350,9.6372198418e-02,1.3384465484e-01,-3.0583871280e-01,-3.9291833059e-01,-1.2781246525e+00,1.9852567053e-02
0.5850,0.6450,1.1541978381e-01,1.5491072346e-01,-2.4306524103e-01,-3.2933680913e-01,-1.2257792886e+00,4.4181295274e-02
0.5850,0.6550,1.3307383878e-01,1.7482176062e-01,-1.8284660648e-01,-2.6819361706e-01,-1.1774836873e+00,6.7209038909e-02
0.5850,0.6650,1.4935176224e-01,1.9357587475e-01,-1.2509743070e-01,-2.0942661140e-01,-1.1331353586e+00,8.8933617977e-02
0.5850,0.6750,1.6427371991e-01,2.1117454219e-01,-6.9738769017e-02,-1.5297806304e-01,-1.0926317875e+00,1.0935665921e-01
0.5850,0.6850,1.7786229199e-01,2.2762226652e-01,-1.6697642978e-02,-9.8794328712e-02,-1.0558707067e+00,1.2848322354e-01
0.5850,0.6950,1.9014215396e-01,2.4292626672e-01,3.4093395314e-02,-4.6825550401e-02,-1.0227503363e+00,1.4632146413e-01
0.5850,0.7050,2.0113978546e-01,2.5709618390e-01,8.2696660061e-02,2.9746205999e-03,-9.9316959290e-01,1.6288230881e-01
0.5850,0.7150,2.1088320671e-01,2.7014382771e-01,1.2916969076e-01,5.0649272558e-02,-9.6702827248e-01,1.7817916737e-01
0.5850,0.7250,2.1940173925e-01,2.8208292656e-01,1.7356559150e-01,9.6238466443e-02,-9.4422720886e-01,1.9222766247e-01
0.5850,0.7350,2.2672578870e-01,2.9292891806e-01,2.1593332978e-01,1.3977944412e-01,-9.2466841087e-01,2.0504537958e-01
0.5850,0.7450,2.3288664901e-01,3.0269874054e-01,2.5631802504e-01,1.8130682508e-01,-9.0825518037e-01,2.1665163964e-01
0.5850,0.7550,2.3791632420e-01,3.1141065669e-01,2.9476120157e-01,2.2085278262e-01,-8.9489221283e-01,2.2706728663e-01
0.5850,0.7650,2.4184736879e-01,3.1908408465e-01,3.3130103155e-01,2.5844720926e-01,-8.8448568299e-01,2.3631449546e-01
0.5850,0.7750,2.4471274248e-01,3.2573944402e-01,3.6597255421e-01,2.9411786832e-01,-8.7694331617e-01,2.4441659310e-01
0.5850,0.7850,2.4654568038e-01,3.3139802393e-01,3.9880787764e-01,3.2789053211e-01,-8.7217444802e-01,2.5139789565e-01
0.5850,0.7950,2.4737957581e-01,3.3608184794e-01,4.2983637119e-01,3.5978911344e-01,-8.7009007265e-01,2.5728355936e-01
0.5850,0.8050,2.4724787494e-01,3.3981356922e-01,4.5908483462e-01,3.8983578224e-01,-8.7060288151e-01,2.6209944248e-01
0.5850,0.8150,2.4618398320e-01,3.4261635776e-01,4.8657766476e-01,4.1805107862e-01,-8.7362729327e-01,2.6587198150e-01
0.5850,0.8250,2.4422118038e-01,3.4451380995e-01,5.1233700104e-01,4.4445401370e-01,-8.7907947580e-01,2.6862807510e-01
0.5850,0.8350,2.4139254651e-01,3.4552986278e-01,5.3638286669e-01,4.6906216490e-01,-8.8687736192e-01,2.7039498109e-01
0.5850,0.8450,2.3773089464e-01,3.4568871146e-01,5.5873329850e-01,4.9189176512e-01,-8.9694065814e-01,2.7120022062e-01
0.5850,0.8550,2.3326871209e-01,3.4501474645e-01,5.7940446413e-01,5.1295778269e-01,-9.0919084880e-01,2.7107149134e-01
0.5850,0.8650,2.2803810852e-01,3.4353248002e-01,5.9841077806e-01,5.3227400018e-01,-9.2355119480e-01,2.7003658979e-01
0.5850,0.8750,2.2207076956e-01,3.4126649373e-01,6.1576500167e-01,5.4985308367e-01,-9.3994672812e-01,2.6812333851e-01
0.5850,0.8850,2.1539791772e-01,3.3824138501e-01,6.3147834334e-01,5.6570664957e-01,-9.5830424328e-01,2.6535952304e-01
0.5850,0.8950,2.0805027692e-01,3.3448171828e-01,6.4556054806e-01,5.7984532648e-01,-9.7855228462e-01,2.6177283255e-01
0.5850,0.9050,2.0005804290e-01,3.3001198659e-01,6.5801998097e-01,5.9227881190e-01,-1.0006211314e+00,2.5739080743e-01
0.5850,0.9150,1.9145085760e-01,3.2485656408e-01,6.6886370933e-01,6.0301592816e-01,-1.0244427799e+00,2.5224079284e-01
0.5850,0.9250,1.8225778710e-01,3.1903968163e-01,6.7809757317e-01,6.1206467035e-01,-1.0499509235e+00,2.4634989488e-01
0.5850,0.9350,1.7250730427e-01,3.1258539177e-01,6.8572625708e-01,6.1943225465e-01,-1.0770809315e+00,2.3974494429e-01
0.5850,0.9450,1.6222727296e-01,3.0551753599e-01,6.9175335439e-01,6.2512516333e-01,-1.1057698250e+00,2.3245246164e-01
0.5850,0.9550,1.5144493685e-01,2.9785972991e-01,6.9618142684e-01,6.2914918388e-01,-1.1359562528e+00,2.2449862782e-01
0.5850,0.9650,1.4018691015e-01,2.8963533395e-01,6.9901206372e-01,6.3150944964e-01,-1.1675804655e+00,2.1590925829e-01
0.5850,0.9750,1.2847916999e-01,2.8086743483e-01,7.0024593374e-01,6.3221047582e-01,-1.2005842881e+00,2.0670977859e-01
0.5850,0.9850,1.1634705289e-01,2.7157883165e-01,6.9988283612e-01,6.3125619295e-01,-1.2349110933e+00,1.9692520575e-01
0.5850,0.9950,1.0381525119e-01,2.6179201771e-01,6.9792174789e-01,6.2864997986e-01,-1.2705057726e+00,1.8658012976e-01
0.5950,0.5950,3.2968083120e-02,6.5245591374e-02,-5.1113209366e-01,-5.9969580255e-01,-1.4541265551e+00,-5.9341955850e-02
0.5950,0.6050,5.8484713531e-02,9.1198843438e-02,-4.4074482057e-01,-5.2902128433e-01,-1.3827895241e+00,-2.9626041295e-02
0.5950,0.6150,8.2563470410e-02,1.1604198893e-01,-3.7316461812e-01,-4.6093916670e-01,-1.3159276336e+00,-1.1535340793e-03
0.5950,0.6250,1.0520503386e-01,1.3975502082e-01,-3.0828249261e-01,-3.9537194478e-01,-1.2534433695e+00,2.6052543554e-02
0.5950,0.6350,1.2641475342e-01,1.6232304737e-01,-2.4599773240e-01,-3.3224778716e-01,-1.1952375639e+00,5.1974846866e-02
0.5950,0.6450,1.4620213017e-01,1.8373578886e-01,-1.8621725675e-01,-2.7150008163e-01,-1.1412098517e+00,7.6601204635e-02
0.5950,0.6550,1.6458034612e-01,2.0398714688e-01,-1.2885503882e-01,-2.1306703231e-01,-1.0912590777e+00,9.9924151816e-02
0.5950,0.6650,1.8156583352e-01,2.2307478442e-01,-7.3831566572e-02,-1.5689128588e-01,-1.0452836547e+00,1.2194049527e-01
0.5950,0.6750,1.9717788317e-01,2.4099975639e-01,-2.1073362955e-02,-1.0291959732e-01,-1.0031818794e+00,1.4265091123e-01
0.5950,0.6850,2.1143828777e-01,2.5776616778e-01,2.9487459713e-02,-5.1102522644e-02,-9.6485221201e-01,1.6205957285e-01
0.5950,0.6950,2.2437101642e-01,2.7338085175e-01,7.7913604913e-02,-1.3941377572e-03,-9.3019351959e-01,1.8017380474e-01
0.5950,0.7050,2.3600192028e-01,2.8785309510e-01,1.2426295933e-01,4.6248214130e-02,-8.9910529194e-01,1.9700376475e-01
0.5950,0.7150,2.4635846301e-01,3.0119435967e-01,1.6858893760e-01,9.1864160429e-02,-8.7148782759e-01,2.1256214857e-01
0.5950,0.7250,2.5546947836e-01,3.1341805841e-01,2.1094078791e-01,1.3549050893e-01,-8.4724239815e-01,2.2686391862e-01
0.5950,0.7350,2.6336494807e-01,3.2453932100e-01,2.5136388460e-01,1.7716144861e-01,-8.2627138851e-01,2.3992605255e-01
0.5950,0.7450,2.7007580235e-01,3.3457480438e-01,2.8989998579e-01,2.1690872658e-01,-8.0847841954e-01,2.5176731258e-01
0.5950,0.7550,2.7563373844e-01,3.4354250477e-01,3.2658748003e-01,2.5476181610e-01,-7.9376845225e-01,2.6240803278e-01
0.5950,0.7650,2.8007105631e-01,3.5146158825e-01,3.6146160839e-01,2.9074806927e-01,-7.8204787637e-01,2.7186992285e-01
0.5950,0.7750,2.8342051158e-01,3.5835224775e-01,3.9455466951e-01,3.2489285595e-01,-7.7322458615e-01,2.8017588907e-01
0.5950,0.7850,2.8571518088e-01,3.6423555028e-01,4.2589621377e-01,3.5721969714e-01,-7.6720804163e-01,2.8734986808e-01
0.5950,0.7950,2.8698834297e-01,3.6913332516e-01,4.5551321500e-01,3.8775038113e-01,-7.6390932121e-01,2.9341667638e-01
0.5950,0.8050,2.8727336971e-01,3.7306803550e-01,4.8343023857e-01,4.1650507829e-01,-7.6324116203e-01,2.9840187062e-01
0.5950,0.8150,2.8660362986e-01,3.7606268257e-01,5.0966958853e-01,4.4350244097e-01,-7.6511799310e-01,3.0233162091e-01
0.5950,0.8250,2.8501240246e-01,3.7814070852e-01,5.3425145030e-01,4.6875969990e-01,-7.6945595996e-01,3.0523259470e-01
0.5950,0.8350,2.8253279871e-01,3.7932590443e-01,5.5719402107e-01,4.9229275342e-01,-7.7617294167e-01,3.0713184992e-01
0.5950,0.8450,2.7919769422e-01,3.7964234244e-01,5.7851362850e-01,5.1411624699e-01,-7.8518856313e-01,3.0805673905e-01
0.5950,0.8550,2.7503966640e-01,3.7911428969e-01,5.9822484709e-01,5.3424365331e-01,-7.9642419956e-01,3.0803481985e-01
0.5950,0.8650,2.7009094160e-01,3.7776615712e-01,6.1634059914e-01,5.5268733944e-01,-8.0980297852e-01,3.0709377601e-01
0.5950,0.8750,2.6438334686e-01,3.7562243406e-01,6.3287225535e-01,5.6945863519e-01,-8.2524977587e-01,3.0526134389e-01
0.5950,0.8850,2.5794826788e-01,3.7270763542e-01,6.4782972478e-01,5.8456789420e-01,-8.4269120834e-01,3.0256524620e-01
0.5950,0.8950,2.5081661335e-01,3.6904625837e-01,6.6122153897e-01,5.9802455039e-01,-8.6205562327e-01,2.9903313300e-01
0.5950,0.9050,2.4301878217e-01,3.6466272975e-01,6.7305493389e-01,6.0983717402e-01,-8.8327308412e-01,2.9469252674e-01
0.5950,0.9150,2.3458463755e-01,3.5958137956e-01,6.8333592102e-01,6.2001351843e-01,-9.0627535518e-01,2.8957077470e-01
0.5950,0.9250,2.2554348313e-01,3.5382639764e-01,6.9206935948e-01,6.2856056955e-01,-9.3099588238e-01,2.8369500479e-01
0.5950,0.9350,2.1592404332e-01,3.4742180066e-01,6.9925901988e-01,6.3548458944e-01,-9.5736977264e-01,2.7709208637e-01
0.5950,0.9450,2.0575444824e-01,3.4039141467e-01,7.0490764443e-01,6.4079115512e-01,-9.8533377264e-01,2.6978859629e-01
0.5950,0.9550,1.9506221915e-01,3.3275883783e-01,7.0901700619e-01,6.4448520024e-01,-1.0148262441e+00,2.6181078656e-01
0.5950,0.9650,1.8387425919e-01,3.2454742497e-01,7.1158796055e-01,6.4657104889e-01,-1.0457871395e+00,2.5318455820e-01
0.5950,0.9750,1.7221684513e-01,3.1578026781e-01,7.1262049675e-01,6.4705245010e-01,-1.0781579767e+00,2.4393543664e-01
0.5950,0.9850,1.6011562122e-01,3.0648017362e-01,7.1211378495e-01,6.4593261026e-01,-1.1118818110e+00,2.3408855012e-01
0.5950,0.9950,1.4759559649e-01,2.9666965445e-01,7.1006622014e-01,6.4321422179e-01,-1.1469032093e+00,2.2366861257e-01
0.6050,0.6050,8.4784552546e-02,1.1751680793e-01,-3.7379976378e-01,-4.6158374200e-01,-1.3096910531e+00,3.9058377077e-04
0.6050,0.6150,1.0963756304e-01,1.4272153303e-01,-3.0950468043e-01,-3.9659852522e-01,-1.2410877960e+00,2.9167265507e-02
0.6050,0.6250,1.3304299329e-01,1.6679245698e-01,-2.4775805317e-01,-3.3399413730e-01,-1.1768836356e+00,5.6679677890e-02
0.6050,0.6350,1.5500487374e-01,1.8971413745e-01,-1.8846610589e-01,-2.7370434743e-01,-1.1169806813e+00,8.2909239025e-02
0.6050,0.6450,1.7553149507e-01,2.1147578141e-01,-1.3154221067e-01,-2.1566777698e-01,-1.0612797360e+00,1.0784260691e-01
0.6050,0.6550,1.9463493018e-01,2.3207078553e-01,-7.6906335522e-02,-1.5982751676e-01,-1.0096807078e+00,1.3147121043e-01
0.6050,0.6650,2.1233059967e-01,2.5149633771e-01,-2.4484551354e-02,-1.0613078607e-01,-9.6208297533e-01,1.5379081487e-01
0.6050,0.6750,2.2863687378e-01,2.6975303701e-01,2.5791422444e-02,-5.4528617996e-02,-9.1838570953e-01,1.7480111690e-01
0.6050,0.6850,2.4357471128e-01,2.8684455033e-01,7.3984633828e-02,-4.9755746576e-03,-8.7848815839e-01,1.9450537179e-01
0.6050,0.6950,2.5716732932e-01,3.0277730343e-01,1.2015327163e-01,4.2570511500e-02,-8.4228989676e-01,2.1291004516e-01
0.6050,0.7050,2.6943990369e-01,3.1756018374e-01,1.6435101821e-01,8.8148777641e-02,-8.0969104566e-01,2.3002449372e-01
0.6050,0.7150,2.8041929617e-01,3.3120428934e-01,2.0662736011e-01,1.3179554457e-01,-7.8059246481e-01,2.4586066782e-01
0.6050,0.7250,2.9013380612e-01,3.4372267468e-01,2.4702788571e-01,1.7354451938e-01,-7.5489591938e-01,2.6043283791e-01
0.6050,0.7350,2.9861294634e-01,3.5513014350e-01,2.8559454763e-01,2.1342697436e-01,-7.3250422644e-01,2.7375734213e-01
0.6050,0.7450,3.0588723791e-01,3.6544303835e-01,3.2236591219e-01,2.5147191743e-01,-7.1332137991e-01,2.8585235232e-01
0.6050,0.7550,3.1198802628e-01,3.7467906063e-01,3.5737738576e-01,2.8770624489e-01,-6.9725265935e-01,2.9673766056e-01
0.6050,0.7650,3.1694731313e-01,3.8285710566e-01,3.9066142145e-01,3.2215488301e-01,-6.8420472207e-01,3.0643447999e-01
0.6050,0.7750,3.2079760548e-01,3.8999710170e-01,4.2224771655e-01,3.5484092057e-01,-6.7408568119e-01,3.1496526429e-01
0.6050,0.7850,3.2357177917e-01,3.9611988198e-01,4.5216338575e-01,3.8578572674e-01,-6.6680517183e-01,3.2235353975e-01
0.6050,0.7950,3.2530295525e-01,4.0124704532e-01,4.8043313102e-01,4.1500906582e-01,-6.6227440447e-01,3.2862375187e-01
0.6050,0.8050,3.2602439004e-01,4.0540085053e-01,5.0707939052e-01,4.4252919732e-01,-6.6040621004e-01,3.3380112532e-01
0.6050,0.8150,3.2576937464e-01,4.0860410607e-01,5.3212248195e-01,4.6836297318e-01,-6.6111507433e-01,3.3791153369e-01
0.6050,0.8250,3.2457114652e-01,4.1088007296e-01,5.5558073463e-01,4.9252592608e-01,-6.6431716540e-01,3.4098138295e-01
0.6050,0.8350,3.2246280920e-01,4.1225238322e-01,5.7747060864e-01,5.1503235030e-01,-6.6993035342e-01,3.4303750213e-01
0.6050,0.8450,3.1947726108e-01,4.1274495128e-01,5.9780681211e-01,5.3589538013e-01,-6.7787422382e-01,3.4410704566e-01
0.6050,0.8550,3.1564713269e-01,4.1238191348e-01,6.1660240291e-01,5.5512705782e-01,-6.8807008584e-01,3.4421740352e-01
0.6050,0.8650,3.1100472960e-01,4.1118755480e-01,6.3386888940e-01,5.7273840173e-01,-7.0044097450e-01,3.4339611853e-01
0.6050,0.8750,3.0558198369e-01,4.0918625151e-01,6.4961632127e-01,5.8873946684e-01,-7.1491164943e-01,3.4167081331e-01
0.6050,0.8850,2.9941040878e-01,4.0640242054e-01,6.6385337354e-01,6.0313940152e-01,-7.3140858896e-01,3.3906912129e-01
0.6050,0.8950,2.9252106283e-01,4.0286046470e-01,6.7658742902e-01,6.1594650228e-01,-7.4985998092e-01,3.3561862671e-01
0.6050,0.9050,2.8494451508e-01,3.9858474017e-01,6.8782464956e-01,6.2716826089e-01,-7.7019571113e-01,3.3134680902e-01
0.6050,0.9150,2.7671081628e-01,3.9359950483e-01,6.9757004828e-01,6.3681141414e-01,-7.9234734744e-01,3.2628099229e-01
0.6050,0.9250,2.6784947528e-01,3.8792888907e-01,7.0582755346e-01,6.4488198530e-01,-8.1624812338e-01,3.2044830171e-01
0.6050,0.9350,2.5838943746e-01,3.8159686793e-01,7.1260006874e-01,6.5138532446e-01,-8.4183291882e-01,3.1387562190e-01
0.6050,0.9450,2.4835906746e-01,3.7462722283e-01,7.1788953251e-01,6.5632614877e-01,-8.6903823851e-01,3.0658956188e-01
0.6050,0.9550,2.3778613519e-01,3.6704352474e-01,7.2169696922e-01,6.5970857597e-01,-8.9780219023e-01,2.9861642299e-01
0.6050,0.9650,2.2669780358e-01,3.5886910792e-01,7.2402254084e-01,6.6153615914e-01,-9.2806446049e-01,2.8998216953e-01
0.6050,0.9750,2.1512062038e-01,3.5012704933e-01,7.2486559411e-01,6.6181191793e-01,-9.5976629003e-01,2.8071240497e-01
0.6050,0.9850,2.0308051085e-01,3.4084015322e-01,7.2422470412e-01,6.6053836771e-01,-9.9285044795e-01,2.7083234876e-01
0.6050,0.9950,1.9060277333e-01,3.3103093223e-01,7.2209771697e-01,6.5771754801e-01,-1.0272612051e+00,2.6036681756e-01
0.6150,0.6150,1.3525761311e-01,1.6828592531e-01,-2.4834496361e-01,-3.3457621373e-01,-1.1707608518e+00,5.8252739281e-02
0.6150,0.6250,1.5942139857e-01,1.9271399804e-01,-1.8959105079e-01,-2.7480646421e-01,-1.1048521424e+00,8.6077237760e-02
0.6150,0.6350,1.8213159153e-01,2.1598973527e-01,-1.3315576893e-01,-2.1722839352e-01,-1.0432651184e+00,1.1262091933e-01
0.6150,0.6450,2.0339523082e-01,2.3810178287e-01,-7.8958619939e-02,-1.6178561326e-01,-9.8590181190e-01,1.3786924740e-01
0.6150,0.6550,2.2322323884e-01,2.5904300533e-01,-2.6925277306e-02,-1.0842587963e-01,-9.3266325531e-01,1.6181251982e-01
0.6150,0.6650,2.4162998159e-01,2.7881007946e-01,2.3012880673e-02,-5.7100774129e-02,-8.8344985328e-01,1.8444543359e-01
0.6150,0.6750,2.5863286588e-01,2.9740311309e-01,7.0919194421e-02,-7.7654119006e-03,-8.3816171019e-01,2.0576667932e-01
0.6150,0.6850,2.7425197297e-01,3.1482531081e-01,1.1685210524e-01,3.9621820182e-02,-7.9669892046e-01,2.2577856541e-01
0.6150,0.6950,2.8850972426e-01,3.3108264966e-01,1.6086551473e-01,8.5099507557e-02,-7.5896182356e-01,2.4448667071e-01
0.6150,0.7050,3.0143057653e-01,3.4618360023e-01,2.0300910058e-01,1.2870342525e-01,-7.2485122862e-01,2.6189952079e-01
0.6150,0.7150,3.1304074538e-01,3.6013885503e-01,2.4332862034e-01,1.7046674199e-01,-6.9426861112e-01,2.7802829132e-01
0.6150,0.7250,3.2336795258e-01,3.7296109304e-01,2.8186617684e-01,2.1042020255e-01,-6.6711628474e-01,2.9288653076e-01
0.6150,0.7350,3.3244119784e-01,3.8466475742e-01,3.1866047261e-01,2.4859229802e-01,-6.4329755135e-01,3.0648990712e-01
0.6150,0.7450,3.4029055031e-01,3.9526585100e-01,3.5374703834e-01,2.8500942146e-01,-6.2271683029e-01,3.1885597211e-01
0.6150,0.7550,3.4694696048e-01,4.0478175907e-01,3.8715844295e-01,3.1969600906e-01,-6.0527977077e-01,3.3000394468e-01
0.6150,0.7650,3.5244208935e-01,4.1323107210e-01,4.1892449318e-01,3.5267467414e-01,-5.9089334733e-01,3.3995451190e-01
0.6150,0.7750,3.5680815356e-01,4.2063344112e-01,4.4907240843e-01,3.8396632569e-01,-5.7946594154e-01,3.4872964411e-01
0.6150,0.7850,3.6007778636e-01,4.2700943078e-01,4.7762699298e-01,4.1359028239e-01,-5.7090741076e-01,3.5635242737e-01
0.6150,0.7950,3.6228391077e-01,4.3238039554e-01,5.0461078561e-01,4.4156437442e-01,-5.6512914506e-01,3.6284690661e-01
0.6150,0.8050,3.6345962672e-01,4.3676836355e-01,5.3004420468e-01,4.6790503932e-01,-5.6204411449e-01,3.6823794427e-01
0.6150,0.8150,3.6363810835e-01,4.4019592546e-01,5.5394568095e-01,4.9262741144e-01,-5.6156690633e-01,3.7255108899e-01
0.6150,0.8250,3.6285251252e-01,4.4268614654e-01,5.7633177750e-01,5.1574540172e-01,-5.6361375507e-01,3.7581245557e-01
0.6150,0.8350,3.6113589675e-01,4.4426246977e-01,5.9721730808e-01,5.3727177617e-01,-5.6810256431e-01,3.7804861638e-01
0.6150,0.8450,3.5852114533e-01,4.4494864403e-01,6.1661543879e-01,5.5721822420e-01,-5.7495292249e-01,3.7928649968e-01
0.6150,0.8550,3.5504090440e-01,4.4476864758e-01,6.3453778985e-01,5.7559542559e-01,-5.8408611293e-01,3.7955329953e-01
0.6150,0.8650,3.5072752312e-01,4.4374661959e-01,6.5099452644e-01,5.9241311177e-01,-5.9542511799e-01,3.7887639148e-01
0.6150,0.8750,3.4561300266e-01,4.4190680864e-01,6.6599444298e-01,6.0768012088e-01,-6.0889461988e-01,3.7728325692e-01
0.6150,0.8850,3.3972895068e-01,4.3927351016e-01,6.7954504608e-01,6.2140445284e-01,-6.2442099630e-01,3.7480141476e-01
0.6150,0.8950,3.3310654103e-01,4.3587102512e-01,6.9165262563e-01,6.3359331688e-01,-6.4193231307e-01,3.7145835754e-01
0.6150,0.9050,3.2577647942e-01,4.3172360932e-01,7.0232232732e-01,6.4425317936e-01,-6.6135831340e-01,3.6728149618e-01
0.6150,0.9150,3.1776897271e-01,4.2685543641e-01,7.1155821653e-01,6.5338980603e-01,-6.8263040442e-01,3.6229810788e-01
0.6150,0.9250,3.0911370330e-01,4.2129056743e-01,7.1936333835e-01,6.6100830120e-01,-7.0568164171e-01,3.5653529027e-01
0.6150,0.9350,2.9983980677e-01,4.1505290777e-01,7.2573977750e-01,6.6711314809e-01,-7.3044671082e-01,3.5001992049e-01
0.6150,0.9450,2.8997585276e-01,4.0816618666e-01,7.3068870883e-01,6.7170824197e-01,-7.5686190768e-01,3.4277861693e-01
0.6150,0.9550,2.7954983024e-01,4.0065393075e-01,7.3421044928e-01,6.7479692367e-01,-7.8486511759e-01,3.3483770734e-01
0.6150,0.9650,2.6858913397e-01,3.9253943593e-01,7.3630450503e-01,6.7638201177e-01,-8.1439579193e-01,3.2622319844e-01
0.6150,0.9750,2.5712055479e-01,3.8384575279e-01,7.3696961450e-01,6.7646583026e-01,-8.4539492471e-01,3.1696074994e-01
0.6150,0.9850,2.4517027222e-01,3.7459566542e-01,7.3620379148e-01,6.7505023672e-01,-8.7780502781e-01,3.0707565232e-01
0.6150,0.9950,2.3276384798e-01,3.6481167464e-01,7.3400436330e-01,6.7213664834e-01,-9.1157010493e-01,2.9659280523e-01
0.6250,0.6250,1.8433652207e-01,2.1749784574e-01,-1.3369382971e-01,-2.1774862661e-01,-1.0372557511e+00,1.1421823110e-01
0.6250,0.6350,2.0778964074e-01,2.4112736709e-01,-7.9985489235e-02,-1.6276484077e-01,-9.7399931201e-01,1.4108153725e-01
0.6250,0.6450,2.2978650353e-01,2.6359061878e-01,-2.8391366000e-02,-1.0980348193e-01,-9.1498614533e-01,1.6665140304e-01
0.6250,0.6550,2.5033684341e-01,2.8487990053e-01,2.1157442668e-02,-5.8816757391e-02,-8.6011846630e-01,1.9091697252e-01
0.6250,0.6650,2.6945393153e-01,3.0499134061e-01,6.8724511724e-02,-9.7604101250e-03,-8.0929776240e-01,2.1387185008e-01
0.6250,0.6750,2.8715417092e-01,3.2392453355e-01,1.1436847921e-01,3.7406547216e-02,-7.6242512829e-01,2.3551369458e-01
0.6250,0.6850,3.0345672407e-01,3.4168218052e-01,1.5814341122e-01,8.2722080968e-02,-7.1940155999e-01,2.5584384204e-01
0.6250,0.6950,3.1838317526e-01,3.5826979174e-01,2.0009912515e-01,1.2622135502e-01,-6.8012821678e-01,2.7486695664e-01
0.6250,0.7050,3.3195722061e-01,3.7369538165e-01,2.4028149688e-01,1.6793693913e-01,-6.4450664928e-01,2.9259070614e-01
0.6250,0.7150,3.4420438784e-01,3.8796921824e-01,2.7873273184e-01,2.0789899131e-01,-6.1243900196e-01,3.0902546269e-01
0.6250,0.7250,3.5515177959e-01,4.0110357397e-01,3.1549162214e-01,2.4613543101e-01,-5.8382818884e-01,3.2418402489e-01
0.6250,0.7350,3.6482784077e-01,4.1311250413e-01,3.5059377854e-01,2.8267209504e-01,-5.5857804740e-01,3.3808136170e-01
0.6250,0.7450,3.7326214749e-01,4.2401165310e-01,3.8407184338e-01,3.1753287965e-01,-5.3659347279e-01,3.5073437571e-01
0.6250,0.7550,3.8048521414e-01,4.3381805580e-01,4.1595569177e-01,3.5073987580e-01,-5.1778053243e-01,3.6216168425e-01
0.6250,0.7650,3.8652832037e-01,4.4254998459e-01,4.4627260920e-01,3.8231348672e-01,-5.0204656656e-01,3.7238341860e-01
0.6250,0.7750,3.9142335223e-01,4.5022678053e-01,4.7504746455e-01,4.1227254399e-01,-4.8930027186e-01,3.8142103753e-01
0.6250,0.7850,3.9520266037e-01,4.5686872306e-01,5.0230286162e-01,4.4063440767e-01,-4.7945177413e-01,3.8929715732e-01
0.6250,0.7950,3.9789893067e-01,4.6249689860e-01,5.2805928512e-01,4.6741506317e-01,-4.7241268809e-01,3.9603539411e-01
0.6250,0.8050,3.9954506775e-01,4.6713307898e-01,5.5233523438e-01,4.9262921024e-01,-4.6809616673e-01,4.0166021962e-01
0.6250,0.8150,4.0017409087e-01,4.7079962528e-01,5.7514734427e-01,5.1629034215e-01,-4.6641694247e-01,4.0619682909e-01
0.6250,0.8250,3.9981903867e-01,4.7351937764e-01,5.9651050381e-01,5.3841082491e-01,-4.6729135800e-01,4.0967101898e-01
0.6250,0.8350,3.9851288571e-01,4.7531557936e-01,6.1643795870e-01,5.5900196402e-01,-4.7063739188e-01,4.1210907655e-01
0.6250,0.8450,3.9628846589e-01,4.7621178764e-01,6.3494141329e-01,5.7807407241e-01,-4.7637467555e-01,4.1353767731e-01
0.6250,0.8550,3.9317840517e-01,4.7623180245e-01,6.5203112163e-01,5.9563652997e-01,-4.8442450552e-01,4.1398379235e-01
0.6250,0.8650,3.8921506184e-01,4.7539960716e-01,6.6771597233e-01,6.1169783871e-01,-4.9470985053e-01,4.1347460368e-01
0.6250,0.8750,3.8443047206e-01,4.7373929705e-01,6.8200357123e-01,6.2626567802e-01,-5.0715535249e-01,4.1203742605e-01
0.6250,0.8850,3.7885630364e-01,4.7127503531e-01,6.9490031297e-01,6.3934695077e-01,-5.2168732528e-01,4.0969963752e-01
0.6250,0.8950,3.7252381362e-01,4.6803099613e-01,7.0641145325e-01,6.5094783126e-01,-5.3823374812e-01,4.0648861469e-01
0.6250,0.9050,3.6546381215e-01,4.6403132279e-01,7.1654117281e-01,6.6107380669e-01,-5.5672425675e-01,4.0243167520e-01
0.6250,0.9150,3.5770663118e-01,4.5930009438e-01,7.2529263767e-01,6.6972971578e-01,-5.7709013198e-01,3.9755602547e-01
0.6250,0.9250,3.4928209569e-01,4.5386127368e-01,7.3266805861e-01,6.7691978970e-01,-5.9926428387e-01,3.9188871248e-01
0.6250,0.9350,3.4021950159e-01,4.4773869056e-01,7.3866874177e-01,6.8264768282e-01,-6.2318123653e-01,3.8545658232e-01
0.6250,0.9450,3.3054759479e-01,4.4095600632e-01,7.4329514058e-01,6.8691650747e-01,-6.4877710880e-01,3.7828624102e-01
0.6250,0.9550,3.2029455436e-01,4.3353668274e-01,7.4654690265e-01,6.8972886522e-01,-6.7598959383e-01,3.7040402049e-01
0.6250,0.9650,3.0948797952e-01,4.2550396903e-01,7.4842291263e-01,6.9108687319e-01,-7.0475793830e-01,3.6183594866e-01
0.6250,0.9750,2.9815487728e-01,4.1688087179e-01,7.4892133533e-01,6.9099219348e-01,-7.3502291867e-01,3.5260772109e-01
0.6250,0.9850,2.8632165464e-01,4.0769014080e-01,7.4803965360e-01,6.8944605712e-01,-7.6672681792e-01,3.4274467823e-01
0.6250,0.9950,2.7401411163e-01,3.9795425319e-01,7.4577470536e-01,6.8644928807e-01,-7.9981340078e-01,3.3227178377e-01
0.6350,0.6350,2.3197886937e-01,2.6510975650e-01,-2.8880336370e-02,-1.1026277300e-01,-9.0908956904e-01,1.6826867506e-01
0.6350,0.6450,2.5470370091e-01,2.8792433728e-01,2.0228805668e-02,-5.9675109255e-02,-8.4844055324e-01,1.9416534317e-01
0.6350,0.6550,2.7597264225e-01,3.0956280830e-01,6.7405682003e-02,-1.0958302976e-02,-7.9195571754e-01,2.1875951095e-01
0.6350,0.6650,2.9579783268e-01,3.3002072906e-01,1.1270906395e-01,3.5927929917e-02,-7.3953768733e-01,2.4204366767e-01
0.6350,0.6750,3.1419463281e-01,3.4929713851e-01,1.5619312275e-01,8.1020861217e-02,-6.9108860063e-01,2.6401441724e-01
0.6350,0.6850,3.3118124816e-01,3.6739421942e-01,1.9790775695e-01,1.2435497385e-01,-6.4651040889e-01,2.8467209862e-01
0.6350,0.6950,3.4677838630e-01,3.8431697434e-01,2.3789890593e-01,1.6596217054e-01,-6.0570514266e-01,3.0402043639e-01
0.6350,0.7050,3.6100894375e-01,4.0007294551e-01,2.7620882438e-01,2.0587195930e-01,-5.6857514618e-01,3.2206621452e-01
0.6350,0.7150,3.7389772048e-01,4.1467194384e-01,3.1287634322e-01,2.4411162738e-01,-5.3502328305e-01,3.3881897518e-01
0.6350,0.7250,3.8547116044e-01,4.2812580928e-01,3.4793710508e-01,2.8070639778e-01,-5.0495311738e-01,3.5429074039e-01
0.6350,0.7350,3.9575711445e-01,4.4044819130e-01,3.8142377888e-01,3.1567957323e-01,-4.7826907146e-01,3.6849575271e-01
0.6350,0.7450,4.0478462570e-01,4.5165434023e-01,4.1336626431e-01,3.4905267017e-01,-4.5487656349e-01,3.8145023830e-01
0.6350,0.7550,4.1258373374e-01,4.6176092972e-01,4.4379187026e-01,3.8084553849e-01,-4.3468212687e-01,3.9317218513e-01
0.6350,0.7650,4.1918529745e-01,4.7078587918e-01,4.7272549004e-01,4.1107647585e-01,-4.1759351287e-01,4.0368114103e-01
0.6350,0.7750,4.2462083415e-01,4.7874820629e-01,5.0018975396e-01,4.3976232895e-01,-4.0351977908e-01,4.1299802571e-01
0.6350,0.7850,4.2892237355e-01,4.8566788118e-01,5.2620517612e-01,4.6691859013e-01,-3.9237136384e-01,4.2114495789e-01
0.6350,0.7950,4.3212232659e-01,4.9156569785e-01,5.5079028944e-01,4.9255948513e-01,-3.8406014971e-01,4.2814509756e-01
0.6350,0.8050,4.3425336567e-01,4.9646316063e-01,5.7396176676e-01,5.1669805351e-01,-3.7849951566e-01,4.3402249833e-01
0.6350,0.8150,4.3534831788e-01,5.0038236945e-01,5.9573454043e-01,5.3934622587e-01,-3.7560437998e-01,4.3880197483e-01
0.6350,0.8250,4.3544006792e-01,5.0334592984e-01,6.1612190499e-01,5.6051489164e-01,-3.7529123487e-01,4.4250897829e-01
0.6350,0.8350,4.3456147133e-01,5.0537685875e-01,6.3513561946e-01,5.8021396520e-01,-3.7747817302e-01,4.4516948420e-01
0.6350,0.8450,4.3274527687e-01,5.0649850540e-01,6.5278599893e-01,5.9845244547e-01,-3.8208490797e-01,4.4680988928e-01
0.6350,0.8550,4.3002405627e-01,5.0673448105e-01,6.6908199908e-01,6.1523847100e-01,-3.8903278794e-01,4.4745691573e-01
0.6350,0.8650,4.2643014251e-01,5.0610858474e-01,6.8403129942e-01,6.3057937385e-01,-3.9824480433e-01,4.4713752624e-01
0.6350,0.8750,4.2199557412e-01,5.0464474943e-01,6.9764037460e-01,6.4448172610e-01,-4.0964559562e-01,4.4587884393e-01
0.6350,0.8850,4.1675204623e-01,5.0236698300e-01,7.0991456669e-01,6.5695138624e-01,-4.2316144682e-01,4.4370808116e-01
0.6350,0.8950,4.1073086764e-01,4.9929932113e-01,7.2085814923e-01,6.6799354025e-01,-4.3872028555e-01,4.4065247462e-01
0.6350,0.9050,4.0396292199e-01,4.9546578278e-01,7.3047438733e-01,6.7761274118e-01,-4.5625167410e-01,4.3673922471e-01
0.6350,0.9150,3.9647863503e-01,4.9089032278e-01,7.3876559698e-01,6.8581294710e-01,-4.7568679892e-01,4.3199544346e-01
0.6350,0.9250,3.8830794551e-01,4.8559680503e-01,7.4573319560e-01,6.9259755326e-01,-4.9695845788e-01,4.2644810474e-01
0.6350,0.9350,3.7948028016e-01,4.7960896433e-01,7.5137775377e-01,6.9796942560e-01,-5.2000104461e-01,4.2012400085e-01
0.6350,0.9450,3.7002453259e-01,4.7295037384e-01,7.5569904205e-01,7.0193093122e-01,-5.4475053120e-01,4.1304970369e-01
0.6350,0.9550,3.5996904483e-01,4.6564442547e-01,7.5869607346e-01,7.0448396515e-01,-5.7114444922e-01,4.0525152816e-01
0.6350,0.9650,3.4934159285e-01,4.5771430095e-01,7.6036714665e-01,7.0562997807e-01,-5.9912186926e-01,3.9675550196e-01
0.6350,0.9750,3.3816937391e-01,4.4918295149e-01,7.6070988351e-01,7.0537000085e-01,-6.2862337895e-01,3.8758733659e-01
0.6350,0.9850,3.2647899668e-01,4.4007308043e-01,7.5972126581e-01,7.0370466766e-01,-6.5959106019e-01,3.7777240242e-01
0.6350,0.9950,3.1429647431e-01,4.3040712622e-01,7.5739766984e-01,7.0063423789e-01,-6.9196846559e-01,3.6733570760e-01
0.6450,0.6450,2.7814988836e-01,3.1108971558e-01,6.6965736524e-02,-1.1357748442e-02,-7.8617109579e-01,2.2039282473e-01
0.6450,0.6550,3.0013231274e-01,3.3307782997e-01,1.1187826229e-01,3.5188094434e-02,-7.2808251614e-01,2.4532062257e-01
0.6450,0.6650,3.2066194637e-01,3.5388363138e-01,1.5502059163e-01,7.9998916148e-02,-6.7407862895e-01,2.6894009110e-01
0.6450,0.6750,3.3975307188e-01,3.7350558693e-01,1.9644264084e-01,1.2310844044e-01,-6.2406266728e-01,2.9124675696e-01
0.6450,0.6850,3.5742290119e-01,3.9194532227e-01,2.3619035152e-01,1.6454783022e-01,-5.7793758804e-01,3.1223994009e-01
0.6450,0.6950,3.7369122850e-01,4.0920731538e-01,2.7430596921e-01,2.0434587397e-01,-5.3560634334e-01,3.3192240151e-01
0.6450,0.7050,3.8858011329e-01,4.2529860466e-01,3.1082830849e-01,2.4252916052e-01,-4.9697211979e-01,3.5030001731e-01
0.6450,0.7150,4.0211359048e-01,4.4022851936e-01,3.4579299034e-01,2.7912223766e-01,-4.6193854860e-01,3.6738147521e-01
0.6450,0.7250,4.1431740768e-01,4.5400844773e-01,3.7923266038e-01,3.1414775475e-01,-4.3040989164e-01,3.8317799475e-01
0.6450,0.7350,4.2521878393e-01,4.6665160025e-01,4.1117719436e-01,3.4762659906e-01,-4.0229120236e-01,3.9770306704e-01
0.6450,0.7450,4.3484619209e-01,4.7817282122e-01,4.4165387906e-01,3.7957801367e-01,-3.7748846845e-01,4.1097221520e-01
0.6450,0.7550,4.4322915937e-01,4.8858839069e-01,4.7068758864e-01,4.1001971310e-01,-3.5590873392e-01,4.2300277223e-01
0.6450,0.7650,4.5039808688e-01,4.9791586117e-01,4.9830093814e-01,4.3896798391e-01,-3.3746020577e-01,4.3381367588e-01
0.6450,0.7750,4.5638408609e-01,5.0617390271e-01,5.2451443183e-01,4.6643778028e-01,-3.2205234562e-01,4.4342528023e-01
0.6450,0.7850,4.6121882932e-01,5.1338215313e-01,5.4934659824e-01,4.9244281306e-01,-3.0959594693e-01,4.5185918056e-01
0.6450,0.7950,4.6493441627e-01,5.1956110077e-01,5.7281411244e-01,5.1699562772e-01,-3.0000320202e-01,4.5913805362e-01
0.6450,0.8050,4.6756325122e-01,5.2473195238e-01,5.9493191579e-01,5.4010768277e-01,-2.9318775617e-01,4.6528550931e-01
0.6450,0.8150,4.6913793390e-01,5.2891653713e-01,6.1571331895e-01,5.6178941564e-01,-2.8906475404e-01,4.7032595508e-01
0.6450,0.8250,4.6969116019e-01,5.3213720228e-01,6.3517010467e-01,5.8205030882e-01,-2.8755087623e-01,4.7428447137e-01
0.6450,0.8350,4.6925563249e-01,5.3441672231e-01,6.5331261908e-01,6.0089894917e-01,-2.8856436815e-01,4.7718669647e-01
0.6450,0.8450,4.6786398051e-01,5.3577822552e-01,6.7014985671e-01,6.1834308146e-01,-2.9202506303e-01,4.7905872236e-01
0.6450,0.8550,4.6554868832e-01,5.3624510648e-01,6.8568954357e-01,6.3438966300e-01,-2.9785439690e-01,4.7992699781e-01
0.6450,0.8650,4.6234203116e-01,5.3584097184e-01,6.9993820826e-01,6.4904490781e-01,-3.0597542012e-01,4.7981824103e-01
0.6450,0.8750,4.5827601788e-01,5.3458957226e-01,7.1290125453e-01,6.6231433334e-01,-3.1631280268e-01,4.7875935949e-01
0.6450,0.8850,4.5338233974e-01,5.3251474693e-01,7.2458302490e-01,6.7420280141e-01,-3.2879283522e-01,4.7677737604e-01
0.6450,0.8950,4.4769232612e-01,5.2964037806e-01,7.3498686087e-01,6.8471455597e-01,-3.4334342706e-01,4.7389936314e-01
0.6450,0.9050,4.4123690394e-01,5.2599033625e-01,7.4411516188e-01,6.9385326139e-01,-3.5989409936e-01,4.7015238151e-01
0.6450,0.9150,4.3404656360e-01,5.2158845002e-01,7.5196943557e-01,7.0162203338e-01,-3.7837597692e-01,4.6556342562e-01
0.6450,0.9250,4.2615132844e-01,5.1645846363e-01,7.5855034984e-01,7.0802347229e-01,-3.9872177621e-01,4.6015937402e-01
0.6450,0.9350,4.1758072773e-01,5.1062399817e-01,7.6385777883e-01,7.1305969339e-01,-4.2086579065e-01,4.5396694363e-01
0.6450,0.9450,4.0836377522e-01,5.0410853403e-01,7.6789084543e-01,7.1673235175e-01,-4.4474387578e-01,4.4701265027e-01
0.6450,0.9550,3.9852894888e-01,4.9693537296e-01,7.7064796450e-01,7.1904267107e-01,-4.7029343035e-01,4.3932277139e-01
0.6450,0.9650,3.8810417501e-01,4.8912761698e-01,7.7212687973e-01,7.1999146677e-01,-4.9745337716e-01,4.3092331372e-01
0.6450,0.9750,3.7711681541e-01,4.8070815102e-01,7.7232470040e-01,7.1957916822e-01,-5.2616414282e-01,4.2183998467e-01
0.6450,0.9850,3.6559365549e-01,4.7169961737e-01,7.7123793580e-01,7.1780584169e-01,-5.5636763506e-01,4.1209816532e-01
0.6450,0.9950,3.5356089665e-01,4.6212440261e-01,7.6886252671e-01,7.1467120931e-01,-5.8800722054e-01,4.0172288869e-01
0.6550,0.6550,3.2282180993e-01,3.5541537919e-01,1.5462935623e-01,7.9658066520e-02,-6.6840494457e-01,2.7058587104e-01
0.6550,0.6650,3.4405090703e-01,3.7656978444e-01,1.9570882705e-01,1.2248449401e-01,-6.1282805669e-01,2.9454545689e-01
0.6550,0.6750,3.6383277492e-01,3.9653890217e-01,2.3516255121e-01,1.6369771991e-01,-5.6125622869e-01,3.1719381016e-01
0.6550,0.6850,3.8218359811e-01,4.1532378479e-01,2.7303270163e-01,2.0332573726e-01,-5.1359347147e-01,3.3852921052e-01
0.6550,0.6950,3.9912222257e-01,4.3292835550e-01,3.0935801513e-01,2.4139436585e-01,-4.6974370603e-01,3.5855343396e-01
0.6550,0.7050,4.1466983555e-01,4.4935912317e-01,3.4417403391e-01,2.7792740974e-01,-4.2961100807e-01,3.7727142605e-01
0.6550,0.7150,4.2884967171e-01,4.6462491824e-01,3.7751332487e-01,3.1294680224e-01,-3.9309982296e-01,3.9469099662e-01
0.6550,0.7250,4.4168674636e-01,4.7873664336e-01,4.0940568806e-01,3.4647274034e-01,-3.6011515518e-01,4.1082253929e-01
0.6550,0.7350,4.5320761148e-01,4.9170705987e-01,4.3987833855e-01,3.7852380406e-01,-3.3056273481e-01,4.2567876926e-01
0.6550,0.7450,4.6344013352e-01,5.0355057292e-01,4.6895608410e-01,4.0911707115e-01,-3.0434916235e-01,4.3927448227e-01
0.6550,0.7550,4.7241329190e-01,5.1428305513e-01,4.9666148018e-01,4.3826821689e-01,-2.8138203606e-01,4.5162633125e-01
0.6550,0.7650,4.8015699446e-01,5.2392166924e-01,5.2301497831e-01,4.6599161059e-01,-2.6157006099e-01,4.6275261900e-01
0.6550,0.7750,4.8670191128e-01,5.3248471283e-01,5.4803506258e-01,4.9230040209e-01,-2.4482314420e-01,4.7267310881e-01
0.6550,0.7850,4.9207932267e-01,5.3999148068e-01,5.7173837180e-01,5.1720660099e-01,-2.3105247566e-01,4.8140884715e-01
0.6550,0.7950,4.9632098195e-01,5.4646212512e-01,5.9413981981e-01,5.4072115304e-01,-2.2017059686e-01,4.8898200261e-01
0.6550,0.8050,4.9945899143e-01,5.5191754806e-01,6.1525269881e-01,5.6285400586e-01,-2.1209145947e-01,4.9541571609e-01
0.6550,0.8150,5.0152568937e-01,5.5637928383e-01,6.3508878195e-01,5.8361417470e-01,-2.0673047267e-01,5.0073396304e-01
0.6550,0.8250,5.0255354918e-01,5.5986940368e-01,6.5365841515e-01,6.0300980004e-01,-2.0400454314e-01,5.0496142807e-01
0.6550,0.8350,5.0257508729e-01,5.6241042694e-01,6.7097060166e-01,6.2104820196e-01,-2.0383210620e-01,5.0812338747e-01
0.6550,0.8450,5.0162278134e-01,5.6402523328e-01,6.8703308526e-01,6.3773593195e-01,-2.0613315027e-01,5.1024560417e-01
0.6550,0.8550,4.9972899632e-01,5.6473699647e-01,7.0185242141e-01,6.5307881791e-01,-2.1082923540e-01,5.1135422934e-01
0.6550,0.8650,4.9692591799e-01,5.6456910930e-01,7.1543404928e-01,6.6708200976e-01,-2.1784350527e-01,5.1147571297e-01
0.6550,0.8750,4.9324549446e-01,5.6354512434e-01,7.2778235566e-01,6.7975001925e-01,-2.2710069511e-01,5.1063672302e-01
0.6550,0.8850,4.8871938279e-01,5.6168869906e-01,7.3890073450e-01,6.9108675787e-01,-2.3852713449e-01,5.0886406959e-01
0.6550,0.8950,4.8337890288e-01,5.5902354030e-01,7.4879164589e-01,7.0109557325e-01,-2.5205074638e-01,5.0618463819e-01
0.6550,0.9050,4.7725499622e-01,5.5557336751e-01,7.5745666614e-01,7.0977928009e-01,-2.6760104328e-01,5.0262532730e-01
0.6550,0.9150,4.7037818884e-01,5.5136186079e-01,7.6489653943e-01,7.1714019366e-01,-2.8510911875e-01,4.9821299174e-01
0.6550,0.9250,4.6277856038e-01,5.4641262753e-01,7.7111122352e-01,7.2318015726e-01,-3.0450763777e-01,4.9297439283e-01
0.6550,0.9350,4.5448571576e-01,5.4074917280e-01,7.7609993211e-01,7.2790056868e-01,-3.2573082397e-01,4.8693615099e-01
0.6550,0.9450,4.4552876147e-01,5.3439486076e-01,7.7986117777e-01,7.3130240736e-01,-3.4871444443e-01,4.8012470494e-01
0.6550,0.9550,4.3593628532e-01,5.2737289267e-01,7.8239280844e-01,7.3338625666e-01,-3.7339579343e-01,4.7256627427e-01
0.6550,0.9650,4.2573633852e-01,5.1970628155e-01,7.8369204390e-01,7.3415232665e-01,-3.9971367382e-01,4.6428682488e-01
0.6550,0.9750,4.1495642187e-01,5.1141782880e-01,7.8375551016e-01,7.3360047515e-01,-4.2760837757e-01,4.5531204011e-01
0.6550,0.9850,4.0362347334e-01,5.0253010557e-01,7.8257927036e-01,7.3173022727e-01,-4.5702166476e-01,4.4566729296e-01
0.6550,0.9950,3.9176385863e-01,4.9306543424e-01,7.8015885550e-01,7.2854079420e-01,-4.8789674160e-01,4.3537762253e-01
0.6650,0.6650,3.6597325821e-01,3.9807285576e-01,2.3481950805e-01,1.6341409960e-01,-5.5569230966e-01,3.1884879535e-01
0.6650,0.6750,3.8644102820e-01,4.1839007625e-01,2.7239466430e-01,2.0281484909e-01,-5.0257695393e-01,3.4184342158e-01
0.6650,0.6850,4.0546934184e-01,4.3752189437e-01,3.0847288916e-01,2.4071171476e-01,-4.5338709987e-01,3.6352655588e-01
0.6650,0.6950,4.2307606451e-01,4.5547165469e-01,3.4308958249e-01,2.7712768494e-01,-4.0802768263e-01,3.8389896930e-01
0.6650,0.7050,4.3928147815e-01,4.7224531911e-01,3.7627717335e-01,3.1208390690e-01,-3.6640371197e-01,4.0296465557e-01
0.6650,0.7150,4.5410798360e-01,4.8785118678e-01,4.0806532933e-01,3.4559982313e-01,-3.2842049097e-01,4.2073052552e-01
0.6650,0.7250,4.6757983042e-01,5.0229966401e-01,4.3848114021e-01,3.7769328905e-01,-2.9398381077e-01,4.3720612406e-01
0.6650,0.7350,4.7972286934e-01,5.1560303038e-01,4.6754929696e-01,4.0838068749e-01,-2.6300012024e-01,4.5240336808e-01
0.6650,0.7450,4.9056432682e-01,5.2777523939e-01,4.9529224694e-01,4.3767702882e-01,-2.3537667529e-01,4.6633630267e-01
0.6650,0.7550,5.0013260034e-01,5.3883173260e-01,5.2173034383e-01,4.6559604502e-01,-2.1102166956e-01,4.7902087705e-01
0.6650,0.7650,5.0845707068e-01,5.4878926010e-01,5.4688198376e-01,4.9215027755e-01,-1.8984434681e-01,4.9047473569e-01
0.6650,0.7750,5.1556793306e-01,5.5766573625e-01,5.7076372834e-01,5.1735115381e-01,-1.7175509990e-01,5.0071702679e-01
0.6650,0.7850,5.2149604200e-01,5.6548008330e-01,5.9339042509e-01,5.4120906396e-01,-1.5666555403e-01,5.0976822445e-01
0.6650,0.7950,5.2627277165e-01,5.7225211003e-01,6.1477531060e-01,5.6373342564e-01,-1.4448863906e-01,5.1764996480e-01
0.6650,0.8050,5.2992988902e-01,5.7800238840e-01,6.3493011359e-01,5.8493274804e-01,-1.3513865027e-01,5.2438489566e-01
0.6650,0.8150,5.3249943841e-01,5.8275214048e-01,6.5386514614e-01,6.0481469018e-01,-1.2853129850e-01,5.2999653670e-01
0.6650,0.8250,5.3401363865e-01,5.8652314935e-01,6.7158938860e-01,6.2338611219e-01,-1.2458375306e-01,5.3450915242e-01
0.6650,0.8350,5.3450478832e-01,5.8933765493e-01,6.8811057246e-01,6.4065312841e-01,-1.2321467441e-01,5.3794763400e-01
0.6650,0.8450,5.3400518200e-01,5.9121828296e-01,7.0343525106e-01,6.5662115028e-01,-1.2434424168e-01,5.4033739147e-01
0.6650,0.8550,5.3254703436e-01,5.9218796357e-01,7.1756887188e-01,6.7129493126e-01,-1.2789417262e-01,5.4170425506e-01
0.6650,0.8650,5.3016241137e-01,5.9226985961e-01,7.3051583969e-01,6.8467860692e-01,-1.3378773760e-01,5.4207438359e-01
0.6650,0.8750,5.2688317044e-01,5.9148731473e-01,7.4227957604e-01,6.9677572984e-01,-1.4194977003e-01,5.4147418243e-01
0.6650,0.8850,5.2274090514e-01,5.8986378470e-01,7.5286257797e-01,7.0758930724e-01,-1.5230667018e-01,5.3993022693e-01
0.6650,0.8950,5.1776689729e-01,5.8742279612e-01,7.6226646766e-01,7.1712183062e-01,-1.6478640660e-01,5.3746919317e-01
0.6650,0.9050,5.1199207408e-01,5.8418789335e-01,7.7049204396e-01,7.2537530776e-01,-1.7931851297e-01,5.3411779538e-01
0.6650,0.9150,5.0544696968e-01,5.8018259603e-01,7.7753932752e-01,7.3235129072e-01,-1.9583408177e-01,5.2990272762e-01
0.6650,0.9250,4.9816169297e-01,5.7543036990e-01,7.8340760285e-01,7.3805090015e-01,-2.1426575633e-01,5.2485061250e-01
0.6650,0.9350,4.9016589753e-01,5.6995457995e-01,7.8809546141e-01,7.4247485327e-01,-2.3454771835e-01,5.1898795342e-01
0.6650,0.9450,4.8148875673e-01,5.6377846651e-01,7.9160083701e-01,7.4562348477e-01,-2.5661567481e-01,5.1234109170e-01
0.6650,0.9550,4.7215894258e-01,5.5692511982e-01,7.9392104250e-01,7.4749676831e-01,-2.8040684289e-01,5.0493616879e-01
0.6650,0.9650,4.6220460615e-01,5.4941744704e-01,7.9505280388e-01,7.4809433882e-01,-3.0585993195e-01,4.9679909049e-01
0.6650,0.9750,4.5165336288e-01,5.4127815659e-01,7.9499229042e-01,7.4741550958e-01,-3.3291512555e-01,4.8795549676e-01
0.6650,0.9850,4.4053227941e-01,5.3252973596e-01,7.9373514562e-01,7.4545929123e-01,-3.6151406149e-01,4.7843073381e-01
0.6650,0.9950,4.2886786256e-01,5.2319443221e-01,7.9127651440e-01,7.4222440877e-01,-3.9159981052e-01,4.6824982868e-01
0.6750,0.6750,4.0758868829e-01,4.3905568514e-01,3.0817735681e-01,2.4048386997e-01,-4.4793164266e-01,3.6518777525e-01
0.6750,0.6850,4.2728979058e-01,4.5853554929e-01,3.4254581842e-01,2.7672687495e-01,-3.9722654817e-01,3.8722301467e-01
0.6750,0.6950,4.4556118943e-01,4.7683241823e-01,3.7553227513e-01,3.1156415187e-01,-3.5036766313e-01,4.0794888717e-01
0.6750,0.7050,4.6242223019e-01,4.9395167430e-01,4.0716620112e-01,3.4501431785e-01,-3.0726097337e-01,4.2736841569e-01
0.6750,0.7150,4.7789444869e-01,5.0990107552e-01,4.3747450318e-01,3.7709443779e-01,-2.6781268239e-01,4.4548759150e-01
0.6750,0.7250,4.9200129663e-01,5.2469050002e-01,4.6648170045e-01,4.0782013796e-01,-2.3192940886e-01,4.6231509046e-01
0.6750,0.7350,5.0476789166e-01,5.3833173281e-01,4.9421008100e-01,4.3720570430e-01,-1.9951836170e-01,4.7786200947e-01
0.6750,0.7450,5.1622078802e-01,5.5083825348e-01,5.2067985131e-01,4.6526417744e-01,-1.7048749244e-01,4.9214162134e-01
0.6750,0.7550,5.2638776892e-01,5.6222504938e-01,5.4590927364e-01,4.9200743749e-01,-1.4474562953e-01,5.0516914953e-01
0.6750,0.7650,5.3529765617e-01,5.7250844800e-01,5.6991478855e-01,5.1744628153e-01,-1.2220259494e-01,5.1696155750e-01
0.6750,0.7750,5.4298013765e-01,5.8170595059e-01,5.9271113561e-01,5.4159049806e-01,-1.0276930503e-01,5.2753735598e-01
0.6750,0.7850,5.4946561041e-01,5.8983609875e-01,6.1431145678e-01,5.6444893096e-01,-8.6357858433e-02,5.3691642356e-01
0.6750,0.7950,5.5478503745e-01,5.9691833387e-01,6.3472739880e-01,5.8602954330e-01,-7.2881610024e-02,5.4511984122e-01
0.6750,0.8050,5.5896981900e-01,6.0297288103e-01,6.5396920491e-01,6.0633947294e-01,-6.2255235039e-02,5.5216974074e-01
0.6750,0.8150,5.6205167451e-01,6.0802064049e-01,6.7204579891e-01,6.2538508495e-01,-5.4394782104e-02,5.5808916301e-01
0.6750,0.8250,5.6406253694e-01,6.1208308134e-01,6.8896486807e-01,6.4317202170e-01,-4.9217717530e-02,5.6290192984e-01
0.6750,0.8350,5.6503445685e-01,6.1518215856e-01,7.0473293362e-01,6.5970524598e-01,-4.6642961844e-02,5.6663252424e-01
0.6750,0.8450,5.6499951533e-01,6.1734022027e-01,7.1935542237e-01,6.7498908528e-01,-4.6590917941e-02,5.6930598085e-01
0.6750,0.8550,5.6398974690e-01,6.1857993795e-01,7.3283672978e-01,6.8902726893e-01,-4.8983494168e-02,5.7094778646e-01
0.6750,0.8650,5.6203706882e-01,6.1892423733e-01,7.4518027900e-01,7.0182296470e-01,-5.3744120392e-02,5.7158378652e-01
0.6750,0.8750,5.5917321871e-01,6.1839623052e-01,7.5638857911e-01,7.1337881353e-01,-6.0797759287e-02,5.7124010196e-01
0.6750,0.8850,5.5542969844e-01,6.1701916541e-01,7.6646327469e-01,7.2369695943e-01,-7.0070913195e-02,5.6994305134e-01
0.6750,0.8950,5.5083772357e-01,6.1481636665e-01,7.7540519648e-01,7.3277908062e-01,-8.1491625970e-02,5.6771908005e-01
0.6750,0.9050,5.4542817975e-01,6.1181119304e-01,7.8321440650e-01,7.4062641559e-01,-9.4989482342e-02,5.6459469691e-01
0.6750,0.9150,5.3923158272e-01,6.0802699807e-01,7.8989023969e-01,7.4723978832e-01,-1.1049560322e-01,5.6059641429e-01
0.6750,0.9250,5.3227804362e-01,6.0348708015e-01,7.9543134645e-01,7.5261963466e-01,-1.2794263768e-01,5.5575069563e-01
0.6750,0.9350,5.2459723916e-01,5.9821465954e-01,7.9983572779e-01,7.5676602186e-01,-1.4726475376e-01,5.5008390708e-01
0.6750,0.9450,5.1621838439e-01,5.9223284206e-01,8.0310077159e-01,7.5967867107e-01,-1.6839762559e-01,5.4362227282e-01
0.6750,0.9550,5.0717021029e-01,5.8556458818e-01,8.0522328647e-01,7.6135697738e-01,-1.9127841927e-01,5.3639183657e-01
0.6750,0.9650,4.9748094386e-01,5.7823269272e-01,8.0619953141e-01,7.6180002720e-01,-2.1584577692e-01,5.2841842509e-01
0.6750,0.9750,4.8717829132e-01,5.7025975794e-01,8.0602524640e-01,7.6100661664e-01,-2.4203979891e-01,5.1972761630e-01
0.6750,0.9850,4.7628942461e-01,5.6166817568e-01,8.0469567944e-01,7.5897526716e-01,-2.6980202541e-01,5.1034471111e-01
0.6750,0.9950,4.6484096913e-01,5.5248010803e-01,8.0220561235e-01,7.5570424135e-01,-2.9907541599e-01,5.0029470672e-01
0.6850,0.6850,4.4765786257e-01,4.7836392596e-01,3.7528344269e-01,3.1139056478e-01,-3.4501925416e-01,4.0961363740e-01
0.6850,0.6950,4.6658937252e-01,4.9700914723e-01,4.0671497629e-01,3.4472050124e-01,-2.9667230857e-01,4.3069713130e-01
0.6850,0.7050,4.8410270035e-01,5.1447600650e-01,4.3686708052e-01,3.7673288743e-01,-2.5209271439e-01,4.5047553024e-01
0.6850,0.7150,5.0021848694e-01,5.3077168897e-01,4.6576404421e-01,4.0744252575e-01,-2.1118761500e-01,4.6895388765e-01
0.6850,0.7250,5.1495935646e-01,5.4590553287e-01,4.9342794012e-01,4.3686291583e-01,-1.7386449668e-01,4.8613999083e-01
0.6850,0.7350,5.2834966300e-01,5.5988880613e-01,5.1987877561e-01,4.6500634672e-01,-1.4003136726e-01,5.0204409675e-01
0.6850,0.7450,5.4041525810e-01,5.7273449192e-01,5.4513462921e-01,4.9188398271e-01,-1.0959691220e-01,5.1667868570e-01
0.6850,0.7550,5.5118328033e-01,5.8445711310e-01,5.6921177382e-01,5.1750593746e-01,-8.2470633157e-02,5.3005823423e-01
0.6850,0.7650,5.6068196161e-01,5.9507254549e-01,5.9212479708e-01,5.4188134877e-01,-5.8562967041e-02,5.4219900395e-01
0.6850,0.7750,5.6894045225e-01,6.0459787013e-01,6.1388670427e-01,5.6501844086e-01,-3.7785391105e-02,5.5311884645e-01
0.6850,0.7850,5.7598866112e-01,6.1305122453e-01,6.3450902100e-01,5.8692458626e-01,-2.0050513173e-02,5.6283702328e-01
0.6850,0.7950,5.8185710990e-01,6.2045166694e-01,6.5400188398e-01,6.0760636176e-01,-5.2721487839e-03,5.7137403861e-01
0.6850,0.8050,5.8657680196e-01,6.2681906487e-01,6.7237412521e-01,6.2706959771e-01,6.6346116668e-03,5.7875148608e-01
0.6850,0.8150,5.9017910175e-01,6.3217397130e-01,6.8963335427e-01,6.4531942890e-01,1.5753348044e-02,5.8499190624e-01
0.6850,0.8250,5.9269562700e-01,6.3653753473e-01,7.0578602824e-01,6.6236033550e-01,2.2166262897e-02,5.9011865599e-01
0.6850,0.8350,5.9415815061e-01,6.3993140243e-01,7.2083752322e-01,6.7819618558e-01,2.5954143122e-02,5.9415578847e-01
0.6850,0.8450,5.9459851144e-01,6.4237763328e-01,7.3479219665e-01,6.9283027321e-01,2.7196329385e-02,5.9712794146e-01
0.6850,0.8550,5.9404853545e-01,6.4389863118e-01,7.4765344596e-01,7.0626535153e-01,2.5970690685e-02,5.9906023646e-01
0.6850,0.8650,5.9253996266e-01,6.4451706179e-01,7.5942376658e-01,7.1850366890e-01,2.2353607066e-02,5.9997818443e-01
0.6850,0.8750,5.9010438325e-01,6.4425579852e-01,7.7010480056e-01,7.2954699661e-01,1.6419955766e-02,5.9990760040e-01
0.6850,0.8850,5.8677317981e-01,6.4313786266e-01,7.7969738723e-01,7.3939665837e-01,8.2431028295e-03,5.9887452521e-01
0.6850,0.8950,5.8257747500e-01,6.4118636684e-01,7.8820160755e-01,7.4805355737e-01,-2.1051004443e-03,5.9690515303e-01
0.6850,0.9050,5.7754808646e-01,6.3842447657e-01,7.9561682551e-01,7.5551819908e-01,-1.4554318735e-02,5.9402576647e-01
0.6850,0.9150,5.7171548500e-01,6.3487535368e-01,8.0194173017e-01,7.6179071761e-01,-2.9035728531e-02,5.9026267623e-01
0.6850,0.9250,5.6510975904e-01,6.3056212812e-01,8.0717437019e-01,7.6687089447e-01,-4.5482012898e-02,5.8564216671e-01
0.6850,0.9350,5.5776058320e-01,6.2550786234e-01,8.1131218994e-01,7.7075817932e-01,-6.3827352961e-02,5.8019044703e-01
0.6850,0.9450,5.4969718937e-01,6.1973550890e-01,8.1435206293e-01,7.7345171125e-01,-8.4007415794e-02,5.7393360511e-01
0.6850,0.9550,5.4094834374e-01,6.1326789415e-01,8.1629032068e-01,7.7495033344e-01,-1.0595934255e-01,5.6689756798e-01
0.6850,0.9650,5.3154232546e-01,6.0612768610e-01,8.1712278349e-01,7.7525261186e-01,-1.2962173304e-01,5.5910806475e-01
0.6850,0.9750,5.2150690850e-01,5.9833736952e-01,8.1684478678e-01,7.7435685096e-01,-1.5493462901e-01,5.5059059313e-01
0.6850,0.9850,5.1086934747e-01,5.8991923144e-01,8.1545120643e-01,7.7226110711e-01,-1.8183949706e-01,5.4137039071e-01
0.6850,0.9950,4.9965636423e-01,5.8089533647e-01,8.1293648378e-01,7.6896320399e-01,-2.1027920897e-01,5.3147240750e-01
0.6950,0.6950,4.8617536253e-01,5.1600332886e-01,4.3666403443e-01,3.7661199846e-01,-2.4684984717e-01,4.5214135299e-01
0.6950,0.7050,5.0433654648e-01,5.3381913663e-01,4.6540344443e-01,4.0725255050e-01,-2.0080833711e-01,4.7228258112e-01
0.6950,0.7150,5.2109264274e-01,5.5046317121e-01,4.9295500455e-01,4.3665480250e-01,-1.5845590025e-01,4.9112491384e-01
0.6950,0.7250,5.3646541964e-01,5.6594420938e-01,5.1933846644e-01,4.6483022972e-01,-1.1970092805e-01,5.0867523208e-01
0.6950,0.7350,5.5047843912e-01,5.8027297976e-01,5.4457167238e-01,4.9178921996e-01,-8.4452264362e-02,5.2494293447e-01
0.6950,0.7450,5.6315682144e-01,5.9346195959e-01,5.6867067760e-01,5.1754114851e-01,-5.2619365848e-02,5.3993968942e-01
0.6950,0.7550,5.7452703124e-01,6.0552517865e-01,5.9164987069e-01,5.4209444956e-01,-2.4112443056e-02,5.5367920736e-01
0.6950,0.7650,5.8461668186e-01,6.1647805400e-01,6.1352207617e-01,5.6545667797e-01,1.1574158223e-03,5.6617702782e-01
0.6950,0.7750,5.9345435676e-01,6.2633722376e-01,6.3429865634e-01,5.8763457016e-01,2.3278137751e-02,5.7745032322e-01
0.6950,0.7850,6.0106944765e-01,6.3512040531e-01,6.5398960209e-01,6.0863409719e-01,4.2336571026e-02,5.8751771756e-01
0.6950,0.7950,6.0749200602e-01,6.4284626289e-01,6.7260361610e-01,6.2846051482e-01,5.8418405087e-02,5.9639911733e-01
0.6950,0.8050,6.1275260931e-01,6.4953428061e-01,6.9014819479e-01,6.4711841092e-01,7.1608101461e-02,6.0411555749e-01
0.6950,0.8150,6.1688223870e-01,6.5520465905e-01,7.0662969787e-01,6.6461174639e-01,8.1988834958e-02,6.1068905718e-01
0.6950,0.8250,6.1991216819e-01,6.5987820568e-01,7.2205341881e-01,6.8094389669e-01,8.9642444906e-02,6.1614248779e-01
0.6950,0.8350,6.2187386499e-01,6.6357624722e-01,7.3642364710e-01,6.9611768707e-01,9.4649393754e-02,6.2049945168e-01
0.6950,0.8450,6.2279889809e-01,6.6632054430e-01,7.4974372601e-01,7.1013542710e-01,9.7088734234e-02,6.2378416884e-01
0.6950,0.8550,6.2271885690e-01,6.6813320845e-01,7.6201611007e-01,7.2299894341e-01,9.7038082830e-02,6.2602137492e-01
0.6950,0.8650,6.2166527741e-01,6.6903664033e-01,7.7324241331e-01,7.3470960718e-01,9.4573598973e-02,6.2723622565e-01
0.6950,0.8750,6.1966957556e-01,6.6905345856e-01,7.8342345906e-01,7.4526836325e-01,8.9769970493e-02,6.2745420994e-01
0.6950,0.8850,6.1676298828e-01,6.6820644546e-01,7.9255932410e-01,7.5467575457e-01,8.2700402957e-02,6.2670107073e-01
0.6950,0.8950,6.1297651939e-01,6.6651849283e-01,8.0064937939e-01,7.6293194646e-01,7.3436614376e-02,6.2500273067e-01
0.6950,0.9050,6.0834089256e-01,6.6401254961e-01,8.0769233140e-01,7.7003674964e-01,6.2048833165e-02,6.2238522662e-01
0.6950,0.9150,6.0288650903e-01,6.6071158578e-01,8.1368625649e-01,7.7598963935e-01,4.8605799310e-02,6.1887464799e-01
0.6950,0.9250,5.9664340970e-01,6.5663854874e-01,8.1862863634e-01,7.8078977588e-01,3.3174769349e-02,6.1449708087e-01
0.6950,0.9350,5.8964124240e-01,6.5181632349e-01,8.2251639093e-01,7.8443602343e-01,1.5821523718e-02,6.0927855833e-01
0.6950,0.9450,5.8190923256e-01,6.4626770799e-01,8.2534590700e-01,7.8692696556e-01,-3.3896237700e-03,6.0324501336e-01
0.6950,0.9550,5.7347615802e-01,6.4001537877e-01,8.2711306828e-01,7.8826092242e-01,-2.4395813916e-02,5.9642223794e-01
0.6950,0.9650,5.6437032707e-01,6.3308186501e-01,8.2781328163e-01,7.8843596562e-01,-4.7135628444e-02,5.8883584533e-01
0.6950,0.9750,5.5461955920e-01,6.2548952707e-01,8.2744150173e-01,7.8744993191e-01,-7.1549074563e-02,5.8051123535e-01
0.6950,0.9850,5.4425116955e-01,6.1726053346e-01,8.2599225582e-01,7.8530043681e-01,-9.7577568396e-02,5.7147356484e-01
0.6950,0.9950,5.3329195499e-01,6.0841684213e-01,8.2345966553e-01,7.8198488722e-01,-1.2516391676e-01,5.6174771948e-01
0.7050,0.7050,5.2314013759e-01,5.5198460751e-01,4.9279675227e-01,4.3658502592e-01,-1.5331699205e-01,4.9278957718e-01
0.7050,0.7150,5.4053224341e-01,5.6897841387e-01,5.1906644026e-01,4.6474090650e-01,-1.0952781564e-01,5.1199964554e-01
0.7050,0.7250,5.5653374990e-01,5.8480874941e-01,5.4423005752e-01,4.9172974118e-01,-6.9350140371e-02,5.2991874444e-01
0.7050,0.7350,5.7116740018e-01,5.9948579415e-01,5.6830338872e-01,5.1756010606e-01,-3.2693682111e-02,5.4655539667e-01
0.7050,0.7450,5.8445755577e-01,6.1302149110e-01,5.9130057331e-01,5.4223967647e-01,5.3129674266e-04,5.6192044129e-01
0.7050,0.7550,5.9642998032e-01,6.2542937051e-01,6.1323420777e-01,5.6577528532e-01,3.0413841472e-02,5.7602680406e-01
0.7050,0.7650,6.0711164073e-01,6.3672436745e-01,6.3411544699e-01,5.8817298294e-01,5.7042178807e-02,5.8888928381e-01
0.7050,0.7750,6.1653052616e-01,6.4692266151e-01,6.5395409393e-01,6.0943808929e-01,8.0503606150e-02,6.0052435481e-01
0.7050,0.7850,6.2471548361e-01,6.5604153970e-01,6.7275868265e-01,6.2957524065e-01,1.0088439439e-01,6.1094998393e-01
0.7050,0.7950,6.3169606663e-01,6.6409924762e-01,6.9053655920e-01,6.4858843791e-01,1.1826970577e-01,6.2018546078e-01
0.7050,0.8050,6.3750239964e-01,6.7111488203e-01,7.0729395050e-01,6.6648108399e-01,1.3274352086e-01,6.2825124173e-01
0.7050,0.8150,6.4216505290e-01,6.7710826939e-01,7.2303603437e-01,6.8325602486e-01,1.4438857824e-01,6.3516880471e-01
0.7050,0.8250,6.4571492973e-01,6.8209986378e-01,7.3776700072e-01,6.9891558424e-01,1.5328632273e-01,6.4096051583e-01
0.7050,0.8350,6.4818316465e-01,6.8611066076e-01,7.5149010890e-01,7.1346159490e-01,1.5951686168e-01,6.4564950642e-01
0.7050,0.8450,6.4960102982e-01,6.8916209939e-01,7.6420774436e-01,7.2689543208e-01,1.6315893045e-01,6.4925955907e-01
0.7050,0.8550,6.4999985222e-01,6.9127599679e-01,7.7592146621e-01,7.3921803854e-01,1.6428986278e-01,6.5181500369e-01
0.7050,0.8650,6.4941093747e-01,6.9247447080e-01,7.8663205652e-01,7.5042995272e-01,1.6298556887e-01,6.5334062105e-01
0.7050,0.8750,6.4786550156e-01,6.9277987258e-01,7.9633956374e-01,7.6053133348e-01,1.5932051877e-01,6.5386155444e-01
0.7050,0.8850,6.4539461028e-01,6.9221473562e-01,8.0504334280e-01,7.6952198100e-01,1.5336772966e-01,6.5340322908e-01
0.7050,0.8950,6.4202912339e-01,6.9080171142e-01,8.1274209595e-01,7.7740136088e-01,1.4519875941e-01,6.5199127719e-01
0.7050,0.9050,6.3779964640e-01,6.8856353112e-01,8.1943390627e-01,7.8416862108e-01,1.3488370203e-01,6.4965147067e-01
0.7050,0.9150,6.3273648637e-01,6.8552295709e-01,8.2511627320e-01,7.8982261205e-01,1.2249118812e-01,6.4640965862e-01
0.7050,0.9250,6.2686961256e-01,6.8170273602e-01,8.2978614426e-01,7.9436190512e-01,1.0808838863e-01,6.4229171032e-01
0.7050,0.9350,6.2022862306e-01,6.7712557570e-01,8.3343994332e-01,7.9778480587e-01,9.1741019572e-02,6.3732346434e-01
0.7050,0.9450,6.1284271348e-01,6.7181410221e-01,8.3607360058e-01,8.0008937205e-01,7.3513351477e-02,6.3153068062e-01
0.7050,0.9550,6.0474065060e-01,6.6579083052e-01,8.3768257783e-01,8.0127342724e-01,5.3468219887e-02,6.2493899823e-01
0.7050,0.9650,5.9595074987e-01,6.5907814566e-01,8.3826189284e-01,8.0133457276e-01,3.1667037203e-02,6.1757389697e-01
0.7050,0.9750,5.8650085435e-01,6.5169826899e-01,8.3780614385e-01,8.0027020259e-01,8.1698079303e-03,6.0946066157e-01
0.7050,0.9850,5.7641831843e-01,6.4367324175e-01,8.3630953063e-01,7.9807751375e-01,-1.6964856230e-02,6.0062435107e-01
0.7050,0.9950,5.6572999307e-01,6.3502490606e-01,8.3376587568e-01,7.9475351774e-01,-4.3679719302e-02,5.9108977015e-01
0.7150,0.7150,5.5855508569e-01,5.8632278435e-01,5.4411554734e-01,4.9170947897e-01,-6.4313546590e-02,5.3158022468e-01
0.7150,0.7250,5.7518114865e-01,6.0250388451e-01,5.6811778287e-01,5.1756823444e-01,-2.2723401292e-02,5.4987167132e-01
0.7150,0.7350,5.9043233101e-01,6.1753131793e-01,5.9108698419e-01,5.4232402857e-01,1.5331999059e-02,5.6688161688e-01
0.7150,0.7450,6.0433221025e-01,6.3141648715e-01,6.1303546972e-01,5.6598291698e-01,4.9941552218e-02,5.8262005427e-01
0.7150,0.7550,6.1690582298e-01,6.4417240047e-01,6.3397413975e-01,5.8855021145e-01,8.1193526517e-02,5.9709910771e-01
0.7150,0.7650,6.2817946370e-01,6.5581349591e-01,6.5391256534e-01,6.1003053087e-01,1.0917543083e-01,6.1033281787e-01
0.7150,0.7750,6.3818050122e-01,6.6635548500e-01,6.7285907005e-01,6.3042784694e-01,1.3397390039e-01,6.2233694273e-01
0.7150,0.7850,6.4693721136e-01,6.7581519968e-01,6.9082081043e-01,6.4974552892e-01,1.5567459742e-01,6.3312877417e-01
0.7150,0.7950,6.5447862381e-01,6.8421046283e-01,7.0780384367e-01,6.6798638176e-01,1.7436212495e-01,6.4272696616e-01
0.7150,0.8050,6.6083438352e-01,6.9155996219e-01,7.2381319689e-01,6.8515268379e-01,1.9011995220e-01,6.5115137787e-01
0.7150,0.8150,6.6603462380e-01,6.9788313678e-01,7.3885292759e-01,7.0124622045e-01,2.0303035109e-01,6.5842292721e-01
0.7150,0.8250,6.7010985142e-01,7.0320007824e-01,7.5292617996e-01,7.1626831468e-01,2.1317434182e-01,6.6456345589e-01
0.7150,0.8350,6.7309084231e-01,7.0753142975e-01,7.6603524095e-01,7.3021985768e-01,2.2063164762e-01,6.6959560563e-01
0.7150,0.8450,6.7500854661e-01,7.1089830604e-01,7.7818158691e-01,7.4310133421e-01,2.2548065697e-01,6.7354270238e-01
0.7150,0.8550,6.7589400329e-01,7.1332221166e-01,7.8936593218e-01,7.5491284859e-01,2.2779839282e-01,6.7642865142e-01
0.7150,0.8650,6.7577826245e-01,7.1482496711e-01,7.9958827197e-01,7.6565414827e-01,2.2766048849e-01,6.7827783960e-01
0.7150,0.8750,6.7469231553e-01,7.1542864893e-01,8.0884792133e-01,7.7532464415e-01,2.2514116854e-01,6.7911504563e-01
0.7150,0.8850,6.7266703260e-01,7.1515552386e-01,8.1714355567e-01,7.8392343243e-01,2.2031323529e-01,6.7896535861e-01
0.7150,0.8950,6.6973310553e-01,7.1402800008e-01,8.2447324366e-01,7.9144931200e-01,2.1324805951e-01,6.7785410159e-01
0.7150,0.9050,6.6592099753e-01,7.1206857406e-01,8.3083448186e-01,7.9790080306e-01,2.0401557544e-01,6.7580676300e-01
0.7150,0.9150,6.6126089799e-01,7.0929978529e-01,8.3622422606e-01,8.0327616345e-01,1.9268427923e-01,6.7284893358e-01
0.7150,0.9250,6.5578268193e-01,7.0574417994e-01,8.4063891883e-01,8.0757340308e-01,1.7932123059e-01,6.6900624774e-01
0.7150,0.9350,6.4951587461e-01,7.0142426994e-01,8.4407451917e-01,8.1079029950e-01,1.6399205739e-01,6.6430433172e-01
0.7150,0.9450,6.4248961945e-01,6.9636249839e-01,8.4652652704e-01,8.1292441137e-01,1.4676096311e-01,6.5876875484e-01
0.7150,0.9550,6.3473265064e-01,6.9058121521e-01,8.4799000725e-01,8.1397308992e-01,1.2769073575e-01,6.5242498597e-01
0.7150,0.9650,6.2627326893e-01,6.8410264506e-01,8.4845961370e-01,8.1393349196e-01,1.0684275942e-01,6.4529835440e-01
0.7150,0.9750,6.1713931993e-01,6.7694886227e-01,8.4792960979e-01,8.1280259124e-01,8.4277027866e-02,6.3741401292e-01
0.7150,0.9850,6.0735817663e-01,6.6914177258e-01,8.4639388905e-01,8.1057718798e-01,6.0052158541e-02,6.2879690635e-01
0.7150,0.9950,5.9695672372e-01,6.6070309166e-01,8.4384599446e-01,8.0725391929e-01,3.4225408859e-02,6.1947174209e-01
0.7250,0.7250,5.9242666456e-01,6.1903659736e-01,5.9101512082e-01,5.4235168324e-01,2.0267973288e-02,5.6853808112e-01
0.7250,0.7350,6.0829132863e-01,6.3441590947e-01,6.1293405890e-01,5.6608530530e-01,5.9712423958e-02,5.8592469902e-01
0.7250,0.7450,6.2279791002e-01,6.4865266071e-01,6.3388519301e-01,5.8877361872e-01,9.5697977024e-02,6.0204065667e-01
0.7250,0.7550,6.3597069403e-01,6.6175932294e-01,6.5387781540e-01,6.1042048909e-01,1.2831209215e-01,6.1689726095e-01
0.7250,0.7650,6.4783527823e-01,6.7374982747e-01,6.7291999544e-01,6.3102917389e-01,1.5764152881e-01,6.3050777776e-01
0.7250,0.7750,6.5841838605e-01,6.8463939335e-01,6.9101865868e-01,6.5060236598e-01,1.8377222974e-01,6.4288723240e-01
0.7250,0.7850,6.6774769751e-01,6.9444439302e-01,7.0817965382e-01,6.6914222813e-01,2.0678921747e-01,6.5405222428e-01
0.7250,0.7950,6.7585169331e-01,7.0318220540e-01,7.2440782066e-01,6.8665043104e-01,2.2677650621e-01,6.6402075445e-01
0.7250,0.8050,6.8275951411e-01,7.1087109737e-01,7.3970704974e-01,7.0312818380e-01,2.4381702408e-01,6.7281206734e-01
0.7250,0.8150,6.8850083159e-01,7.1753011260e-01,7.5408033763e-01,7.1857626335e-01,2.5799254681e-01,6.8044650285e-01
0.7250,0.8250,6.9310573097e-01,7.2317895843e-01,7.6752984201e-01,7.3299504415e-01,2.6938364179e-01,6.8694536060e-01
0.7250,0.8350,6.9660460527e-01,7.2783792275e-01,7.8005692749e-01,7.4638452069e-01,2.7806961928e-01,6.9233077437e-01
0.7250,0.8450,6.9902805778e-01,7.3152777629e-01,7.9166221336e-01,7.5874433411e-01,2.8412849359e-01,6.9662559538e-01
0.7250,0.8550,7.0040681524e-01,7.3426969794e-01,8.0234561536e-01,7.7007379244e-01,2.8763694964e-01,6.9985328622e-01
0.7250,0.8650,7.0077164848e-01,7.3608520641e-01,8.1210638430e-01,7.8037189060e-01,2.8867031647e-01,7.0203782166e-01
0.7250,0.8750,7.0015330034e-01,7.3699608420e-01,8.2094314543e-01,7.8963733150e-01,2.8730254731e-01,7.0320359799e-01
0.7250,0.8850,6.9858242191e-01,7.3702432751e-01,8.2885393085e-01,7.9786854130e-01,2.8360620319e-01,7.0337535005e-01
0.7250,0.8950,6.9608951361e-01,7.3619208395e-01,8.3583621333e-01,8.0506368791e-01,2.7765244290e-01,7.0257807376e-01
0.7250,0.9050,6.9270487356e-01,7.3452160364e-01,8.4188693692e-01,8.1122069584e-01,2.6951101592e-01,7.0083695668e-01
0.7250,0.9150,6.8845855119e-01,7.3203520160e-01,8.4700254400e-01,8.1633725895e-01,2.5925025885e-01,6.9817731342e-01
0.7250,0.9250,6.8338030455e-01,7.2875520359e-01,8.5117900438e-01,8.2041085717e-01,2.4693709687e-01,6.9462452611e-01
0.7250,0.9350,6.7749956428e-01,7.2470391698e-01,8.5441183889e-01,8.2343876670e-01,2.3263704604e-01,6.9020399157e-01
0.7250,0.9450,6.7084540032e-01,7.1990359847e-01,8.5669614311e-01,8.2541807194e-01,2.1641421925e-01,6.8494107142e-01
0.7250,0.9550,6.6344649272e-01,7.1437641559e-01,8.5802661098e-01,8.2634567828e-01,1.9833133490e-01,6.7886104766e-01
0.7250,0.9650,6.5533110682e-01,7.0814442567e-01,8.5839755448e-01,8.2621832077e-01,1.7844972650e-01,6.7198908242e-01
0.7250,0.9750,6.4652707037e-01,7.0122954819e-01,8.5780292412e-01,8.2503257497e-01,1.5682935514e-01,6.6435018033e-01
0.7250,0.9850,6.3706175481e-01,6.9365354234e-01,8.5623632756e-01,8.2278486584e-01,1.3352882295e-01,6.5596915594e-01
0.7250,0.9950,6.2696205885e-01,6.8543798815e-01,8.5369104706e-01,8.1947147624e-01,1.0860538797e-01,6.4687060356e-01
0.7350,0.7350,6.2476453398e-01,6.5014798640e-01,6.3385485187e-01,5.8884760044e-01,1.0053506460e-01,6.0369044878e-01
0.7350,0.7450,6.3987388536e-01,6.6473781142e-01,6.5385832717e-01,6.1061397165e-01,1.3788704533e-01,6.2018712256e-01
0.7350,0.7550,6.5364289401e-01,6.7819731088e-01,6.7295225354e-01,6.3138691021e-01,1.7185498663e-01,6.3542519504e-01
0.7350,0.7650,6.6609643706e-01,6.9053988523e-01,6.9114328230e-01,6.5116838335e-01,2.0252486931e-01,6.4941714246e-01
0.7350,0.7750,6.7726056947e-01,7.0178025732e-01,7.0843701265e-01,6.6995986710e-01,2.2998191346e-01,6.6217724151e-01
0.7350,0.7850,6.8716235173e-01,7.1193431989e-01,7.2483805887e-01,6.8776238082e-01,2.5431047312e-01,6.7372138326e-01
0.7350,0.7950,6.9582969195e-01,7.2101899606e-01,7.4035010839e-01,7.0457651781e-01,2.7559394482e-01,6.8406689951e-01
0.7350,0.8050,7.0329120302e-01,7.2905212380e-01,7.5497597615e-01,7.2040247128e-01,2.9391468685e-01,6.9323240315e-01
0.7350,0.8150,7.0957607095e-01,7.3605232948e-01,7.6871765866e-01,7.3524006329e-01,3.0935395139e-01,7.0123763940e-01
0.7350,0.8250,7.1471393606e-01,7.4203893223e-01,7.8157637856e-01,7.4908876605e-01,3.2199182491e-01,7.0810334847e-01
0.7350,0.8350,7.1873478469e-01,7.4703184600e-01,7.9355263152e-01,7.6194772496e-01,3.3190717798e-01,7.1385113916e-01
0.7350,0.8450,7.2166885005e-01,7.5105148677e-01,8.0464622710e-01,7.7381578020e-01,3.3917762389e-01,7.1850337085e-01
0.7350,0.8550,7.2354652367e-01,7.5411870304e-01,8.1485632623e-01,7.8469148315e-01,3.4387948279e-01,7.2208304607e-01
0.7350,0.8650,7.2439827370e-01,7.5625469131e-01,8.2418148010e-01,7.9457311716e-01,3.4608775419e-01,7.2461371032e-01
0.7350,0.8750,7.2425457173e-01,7.5748093484e-01,8.3261966146e-01,8.0345871226e-01,3.4587609423e-01,7.2611936001e-01
0.7350,0.8850,7.2314582715e-01,7.5781914491e-01,8.4016829758e-01,8.1134606033e-01,3.4331679794e-01,7.2662435853e-01
0.7350,0.8950,7.2110232667e-01,7.5729119758e-01,8.4682430040e-01,8.1823273108e-01,3.3848078754e-01,7.2615335776e-01
0.7350,0.9050,7.1815418154e-01,7.5591909379e-01,8.5258409265e-01,8.2411608288e-01,3.3143760316e-01,7.2473122719e-01
0.7350,0.9150,7.1433127889e-01,7.5372490297e-01,8.5744363646e-01,8.2899327797e-01,3.2225539906e-01,7.2238298834e-01
0.7350,0.9250,7.0966323864e-01,7.5073072504e-01,8.6139845605e-01,8.3286129280e-01,3.1100094233e-01,7.1913375443e-01
0.7350,0.9350,7.0417937587e-01,7.4695865850e-01,8.6444366093e-01,8.3571692788e-01,2.9773961406e-01,7.1500867620e-01
0.7350,0.9450,6.9790866578e-01,7.4243075498e-01,8.6657396926e-01,8.3755682072e-01,2.8253541490e-01,7.1003289117e-01
0.7350,0.9550,6.9087971400e-01,7.3716899461e-01,8.6778372645e-01,8.3837745356e-01,2.6545097146e-01,7.0423147820e-01
0.7350,0.9650,6.8312073033e-01,7.3119525967e-01,8.6806692536e-01,8.3817516230e-01,2.4654754504e-01,6.9762941631e-01
0.7350,0.9750,6.7465950472e-01,7.2453130275e-01,8.6741722471e-01,8.3694614656e-01,2.2588504333e-01,6.9025154613e-01
0.7350,0.9850,6.6552338770e-01,7.1719872870e-01,8.6582796543e-01,8.3468647617e-01,2.0352203240e-01,6.8212253640e-01
0.7350,0.9950,6.5573927279e-01,7.0921897312e-01,8.6329218781e-01,8.3139209940e-01,1.7951575075e-01,6.7326685299e-01
0.7450,0.7450,6.5558122282e-01,6.7968161630e-01,6.7296229154e-01,6.3150564688e-01,1.7659495014e-01,6.3706682004e-01
0.7450,0.7550,6.6994263770e-01,6.9349543258e-01,6.9120341741e-01,6.5144983437e-01,2.1190744457e-01,6.5268937837e-01
0.7450,0.7650,6.8298226521e-01,7.0619212627e-01,7.0858701186e-01,6.7044727497e-01,2.4390970164e-01,6.6706646979e-01
0.7450,0.7750,6.9472546956e-01,7.1778590414e-01,7.2511742329e-01,6.8849829255e-01,2.7268619097e-01,6.8021160800e-01
0.7450,0.7850,7.0519866946e-01,7.2829216744e-01,7.4079809846e-01,7.0560282145e-01,2.9832057017e-01,6.9213996071e-01
0.7450,0.7950,7.1442917814e-01,7.3772737516e-01,7.5563163524e-01,7.2176043250e-01,3.2089559026e-01,7.0286817494e-01
0.7450,0.8050,7.2244505789e-01,7.4610891432e-01,7.6961983552e-01,7.3697035797e-01,3.4049301314e-01,7.1241421658e-01
0.7450,0.8150,7.2927498690e-01,7.5345499106e-01,7.8276374871e-01,7.5123151226e-01,3.5719353998e-01,7.2079722007e-01
0.7450,0.8250,7.3494813795e-01,7.5978451958e-01,7.9506371727e-01,7.6454251369e-01,3.7107675015e-01,7.2803735028e-01
0.7450,0.8350,7.3949406835e-01,7.6511702880e-01,8.0651941669e-01,7.7690170259e-01,3.8222104841e-01,7.3415567481e-01
0.7450,0.8450,7.4294261907e-01,7.6947257446e-01,8.1712989188e-01,7.8830715885e-01,3.9070362098e-01,7.3917404470e-01
0.7450,0.8550,7.4532382378e-01,7.7287165328e-01,8.2689359504e-01,7.9875671941e-01,3.9660039862e-01,7.4311498601e-01
0.7450,0.8650,7.4666782610e-01,7.7533513516e-01,8.3580841606e-01,8.0824799177e-01,3.9998602607e-01,7.4600159835e-01
0.7450,0.8750,7.4700480454e-01,7.7688419259e-01,8.4387171464e-01,8.1677836908e-01,4.0093383790e-01,7.4785746187e-01
0.7450,0.8850,7.4636490506e-01,7.7754023951e-01,8.5108034946e-01,8.2434504288e-01,3.9951583917e-01,7.4870655218e-01
0.7450,0.8950,7.4477817939e-01,7.7732487645e-01,8.5743070387e-01,8.3094501525e-01,3.9580269152e-01,7.4857316044e-01
0.7450,0.9050,7.4227453020e-01,7.7625983464e-01,8.6291871322e-01,8.3657511120e-01,3.8986370327e-01,7.4748182175e-01
0.7450,0.9150,7.3888366177e-01,7.7436693507e-01,8.6753988729e-01,8.4123198799e-01,3.8176682294e-01,7.4545724844e-01
0.7450,0.9250,7.3463503532e-01,7.7166804581e-01,8.7128933255e-01,8.4491214529e-01,3.7157863689e-01,7.4252426858e-01
0.7450,0.9350,7.2955782949e-01,7.6818503704e-01,8.7416177506e-01,8.4761193600e-01,3.5936437001e-01,7.3870777085e-01
0.7450,0.9450,7.2368090493e-01,7.6393975275e-01,8.7615157830e-01,8.4932757340e-01,3.4518788862e-01,7.3403265281e-01
0.7450,0.9550,7.1703277307e-01,7.5895397718e-01,8.7725276283e-01,8.5005513994e-01,3.2911170630e-01,7.2852377453e-01
0.7450,0.9650,7.0964156854e-01,7.5324940488e-01,8.7745902428e-01,8.4979059523e-01,3.1119699168e-01,7.2220591642e-01
0.7450,0.9750,7.0153502439e-01,7.4684761521e-01,8.7676374907e-01,8.4852978314e-01,2.9150357852e-01,7.1510373979e-01
0.7450,0.9850,6.9274045135e-01,7.3977004956e-01,8.7516003099e-01,8.4626843865e-01,2.7008997687e-01,7.0724175252e-01
0.7450,0.9950,6.8328471926e-01,7.3203799086e-01,8.7264068569e-01,8.4300219416e-01,2.4701338614e-01,6.9864427712e-01
0.7550,0.7550,6.8489182468e-01,7.0766447302e-01,7.0863627704e-01,6.7060921600e-01,2.4855432368e-01,6.6869858214e-01
0.7550,0.7650,6.9851382744e-01,7.2071674347e-01,7.2525487307e-01,6.8886463608e-01,2.8187996246e-01,6.8346366168e-01
0.7550,0.7750,7.1083329875e-01,7.3266592349e-01,7.4106237202e-01,7.0621532629e-01,3.1196805304e-01,6.9699735427e-01
0.7550,0.7850,7.2187599459e-01,7.4352691474e-01,7.5606111789e-01,7.2266019242e-01,3.3890152966e-01,7.0931409009e-01
0.7550,0.7950,7.3166861187e-01,7.5331569116e-01,7.7025268330e-01,7.3819783890e-01,3.6276247202e-01,7.2042981731e-01
0.7550,0.8050,7.4023864137e-01,7.6204918703e-01,7.8363791175e-01,7.5282658546e-01,3.8363201888e-01,7.3036183999e-01
0.7550,0.8150,7.4761423182e-01,7.6974517053e-01,7.9621696201e-01,7.6654448873e-01,4.0159029512e-01,7.3912866684e-01
0.7550,0.8250,7.5382406718e-01,7.7642214013e-01,8.0798934658e-01,7.7934935822e-01,4.1671634755e-01,7.4674987232e-01
0.7550,0.8350,7.5889725439e-01,7.8209923298e-01,8.1895396728e-01,7.9123877130e-01,4.2908808986e-01,7.5324596712e-01
0.7550,0.8450,7.6286322046e-01,7.8679612370e-01,8.2910915169e-01,8.0221009061e-01,4.3878225719e-01,7.5863827858e-01
0.7550,0.8550,7.6575162043e-01,7.9053295569e-01,8.3845268269e-01,8.1226047463e-01,4.4587436595e-01,7.6294884067e-01
0.7550,0.8650,7.6759225224e-01,7.9333026011e-01,8.4698182960e-01,8.2138689221e-01,4.5043868227e-01,7.6620029139e-01
0.7550,0.8750,7.6841498024e-01,7.9520888553e-01,8.5469337642e-01,8.2958613453e-01,4.5254819575e-01,7.6841577902e-01
0.7550,0.8850,7.6824966626e-01,7.9618994319e-01,8.6158364659e-01,8.3685482442e-01,4.5227459811e-01,7.6961887535e-01
0.7550,0.8950,7.6712610612e-01,7.9629474030e-01,8.6764852950e-01,8.4318942917e-01,4.4968826812e-01,7.6983349523e-01
0.7550,0.9050,7.6507397398e-01,7.9554473607e-01,8.7288350205e-01,8.4858626777e-01,4.4485825927e-01,7.6908382385e-01
0.7550,0.9150,7.6212277109e-01,7.9396149560e-01,8.7728365047e-01,8.5304152015e-01,4.3785229227e-01,7.6739424854e-01
0.7550,0.9250,7.5830177952e-01,7.9156663498e-01,8.8084369222e-01,8.5655123801e-01,4.2873675191e-01,7.6478929675e-01
0.7550,0.9350,7.5364002232e-01,7.8838179660e-01,8.8355799311e-01,8.5911134918e-01,4.1757668486e-01,7.6129357975e-01
0.7550,0.9450,7.4816622612e-01,7.8442860675e-01,8.8542058661e-01,8.6071766703e-01,4.0443580238e-01,7.5693173983e-01
0.7550,0.9550,7.4190878880e-01,7.7972864050e-01,8.8642519114e-01,8.6136589768e-01,3.8937648487e-01,7.5172840314e-01
0.7550,0.9650,7.3489575117e-01,7.7430340040e-01,8.8656522495e-01,8.6105164468e-01,3.7245978788e-01,7.4570813652e-01
0.7550,0.9750,7.2715477079e-01,7.6817428253e-01,8.8583382263e-01,8.5977041713e-01,3.5374545161e-01,7.3889540716e-01
0.7550,0.9850,7.1871310034e-01,7.6136255669e-01,8.8422384871e-01,8.5751763424e-01,3.3329191076e-01,7.3131454748e-01
0.7550,0.9950,7.0959756808e-01,7.5388934575e-01,8.8172791127e-01,8.5428863071e-01,3.1115630664e-01,7.2298972217e-01
0.7650,0.7650,7.1271371447e-01,7.3412548288e-01,7.4114971126e-01,7.0641894945e-01,3.1651912971e-01,6.9861874479e-01
0.7650,0.7750,7.2560584814e-01,7.4643148954e-01,7.5627357794e-01,7.2310841255e-01,3.4791009199e-01,7.1254366724e-01
0.7650,0.7850,7.3721530163e-01,7.5764914420e-01,7.7062778054e-01,7.3893096035e-01,3.7613503536e-01,7.2525210902e-01
0.7650,0.7950,7.4756813587e-01,7.6779393411e-01,7.8421292292e-01,7.5388428073e-01,4.0127534230e-01,7.3675930587e-01
0.7650,0.8050,7.5669124966e-01,7.7688232320e-01,7.9702894833e-01,7.6796583219e-01,4.2341150397e-01,7.4708188626e-01
0.7650,0.8150,7.6461224203e-01,7.8493162999e-01,8.0907517670e-01,7.8117286004e-01,4.4262304435e-01,7.5623771918e-01
0.7650,0.8250,7.7135928793e-01,7.9195993162e-01,8.2035033852e-01,7.9350240796e-01,4.5898845299e-01,7.6424577420e-01
0.7650,0.8350,7.7696102331e-01,7.9798595418e-01,8.3085261060e-01,8.0495133415e-01,4.7258512907e-01,7.7112599082e-01
0.7650,0.8450,7.8144644137e-01,8.0302898999e-01,8.4057964397e-01,8.1551632108e-01,4.8348933226e-01,7.7689915789e-01
0.7650,0.8550,7.8484479809e-01,8.0710881616e-01,8.4952859412e-01,8.2519388706e-01,4.9177614149e-01,7.8158680245e-01
0.7650,0.8650,7.8718552533e-01,8.1024561059e-01,8.5769614844e-01,8.3398039843e-01,4.9751942157e-01,7.8521108597e-01
0.7650,0.8750,7.8849815343e-01,8.1245989364e-01,8.6507854949e-01,8.4187207649e-01,5.0079179415e-01,7.8779470970e-01
0.7650,0.8850,7.8881223999e-01,8.1377245865e-01,8.7167162106e-01,8.4886500855e-01,5.0166461557e-01,7.8936082674e-01
0.7650,0.8950,7.8815730550e-01,8.1420431568e-01,8.7747078863e-01,8.5495515552e-01,5.0020795936e-01,7.8993296072e-01
0.7650,0.9050,7.8656277591e-01,8.1377664364e-01,8.8247110046e-01,8.6013835895e-01,4.9649060259e-01,7.8953493165e-01
0.7650,0.9150,7.8405792962e-01,8.1251073223e-01,8.8666724868e-01,8.6441035067e-01,4.9058001763e-01,7.8819078699e-01
0.7650,0.9250,7.8067185100e-01,8.1042794814e-01,8.9005358568e-01,8.6776675717e-01,4.8254236594e-01,7.8592473873e-01
0.7650,0.9350,7.7643338839e-01,8.0754969459e-01,8.9262414268e-01,8.7020310643e-01,4.7244249567e-01,7.8276110588e-01
0.7650,0.9450,7.7137111540e-01,8.0389736599e-01,8.9437264662e-01,8.7171483609e-01,4.6034394327e-01,7.7872426070e-01
0.7650,0.9550,7.6551329830e-01,7.9949232652e-01,8.9529253405e-01,8.7229729613e-01,4.4630893567e-01,7.7383858094e-01
0.7650,0.9650,7.5888786571e-01,7.9435587547e-01,8.9537696723e-01,8.7194575578e-01,4.3039839609e-01,7.6812840534e-01
0.7650,0.9750,7.5152238177e-01,7.8850921731e-01,8.9461884745e-01,8.7065540900e-01,4.1267195210e-01,7.6161799269e-01
0.7650,0.9850,7.4344402358e-01,7.8197344426e-01,8.9301082753e-01,8.6842137750e-01,3.9318794421e-01,7.5433148581e-01
0.7650,0.9950,7.3467956032e-01,7.7476950890e-01,8.9054532514e-01,8.6523871673e-01,3.7200343737e-01,7.4629287762e-01
0.7750,0.7750,7.3906629005e-01,7.5909519185e-01,7.7075204581e-01,7.3917477399e-01,3.8059436905e-01,7.2686169469e-01
0.7750,0.7850,7.5123899646e-01,7.7067088795e-01,7.8449810492e-01,7.5441142631e-01,4.1010229719e-01,7.3996435412e-01
0.7750,0.7950,7.6214937326e-01,7.8117356154e-01,7.9751145026e-01,7.6881519335e-01,4.3651453800e-01,7.5186615655e-01
0.7750,0.8050,7.7182370823e-01,7.9061919496e-01,8.0979117838e-01,7.8238272012e-01,4.5991091117e-01,7.6258304208e-01
0.7750,0.8150,7.8028903178e-01,7.9902465312e-01,8.2133581982e-01,7.9511048453e-01,4.8037031571e-01,7.7213222681e-01
0.7750,0.8250,7.8757299025e-01,8.0640757257e-01,8.3214337328e-01,8.0699480950e-01,4.9797066123e-01,7.8053206206e-01
0.7750,0.8350,7.9370372961e-01,8.1278626622e-01,8.4221133266e-01,8.1803187234e-01,5.1278880875e-01,7.8780190238e-01
0.7750,0.8450,7.9870978968e-01,8.1817963056e-01,8.5153671578e-01,8.2821771487e-01,5.2490052004e-01,7.9396198416e-01
0.7750,0.8550,8.0262000785e-01,8.2260706172e-01,8.6011609062e-01,8.3754825231e-01,5.3438041447e-01,7.9903331346e-01
0.7750,0.8650,8.0546343106e-01,8.2608838285e-01,8.6794559782e-01,8.4601928083e-01,5.4130193281e-01,8.0303756108e-01
0.7750,0.8750,8.0726923626e-01,8.2864377102e-01,8.7502097535e-01,8.5362648598e-01,5.4573730725e-01,8.0599696710e-01
0.7750,0.8850,8.0806665790e-01,8.3029369634e-01,8.8133757845e-01,8.6036544908e-01,5.4775753705e-01,8.0793425159e-01
0.7750,0.8950,8.0788492209e-01,8.3105886231e-01,8.8689039956e-01,8.6623165420e-01,5.4743236941e-01,8.0887253235e-01
0.7750,0.9050,8.0675318755e-01,8.3096015123e-01,8.9167408842e-01,8.7122049460e-01,5.4483028465e-01,8.0883525010e-01
0.7750,0.9150,8.0470049173e-01,8.3001857954e-01,8.9568296798e-01,8.7532727765e-01,5.4001848550e-01,8.0784609808e-01
0.7750,0.9250,8.0175570267e-01,8.2825525216e-01,8.9891105216e-01,8.7854723067e-01,5.3306289021e-01,8.0592895848e-01
0.7750,0.9350,7.9794747543e-01,8.2569131877e-01,9.0135206182e-01,8.8087550659e-01,5.2402812908e-01,8.0310784376e-01
0.7750,0.9450,7.9330421311e-01,8.2234794242e-01,9.0299943820e-01,8.8230718755e-01,5.1297754359e-01,7.9940684215e-01
0.7750,0.9550,7.8785403235e-01,8.1824626412e-01,9.0384635827e-01,8.8283728991e-01,4.9997318830e-01,7.9485006888e-01
0.7750,0.9650,7.8162473195e-01,8.1340737086e-01,9.0388574757e-01,8.8246076888e-01,4.8507583547e-01,7.8946162061e-01
0.7750,0.9750,7.7464376551e-01,8.0785227120e-01,9.0311029204e-01,8.8117252160e-01,4.6834498130e-01,7.8326553400e-01
0.7750,0.9850,7.6693821738e-01,8.0160186901e-01,9.0151245081e-01,8.7896739133e-01,4.4983885412e-01,7.7628574862e-01
0.7750,0.9950,7.5853478091e-01,7.9467694053e-01,8.9908446691e-01,8.7584017121e-01,4.2961442469e-01,7.6854607203e-01
0.7850,0.7850,7.6397073227e-01,7.8260546428e-01,7.9767150403e-01,7.6909774061e-01,4.4088393219e-01,7.5346296961e-01
0.7850,0.7950,7.7543524220e-01,7.9346734312e-01,8.1014681929e-01,7.8298591209e-01,4.6855985796e-01,7.6576173036e-01
0.7850,0.8050,7.8565818512e-01,8.0327201980e-01,8.2192235169e-01,7.9607181785e-01,4.9320919968e-01,7.7687587594e-01
0.7850,0.8150,7.9466600444e-01,8.1203588709e-01,8.3299589421e-01,8.0835121457e-01,5.1491020934e-01,7.8682195747e-01
0.7850,0.8250,8.0248579982e-01,8.1977613813e-01,8.4336475740e-01,8.1981974412e-01,5.3374019381e-01,7.9561769526e-01
0.7850,0.8350,8.0914520870e-01,8.2651065884e-01,8.5302579695e-01,8.3047294349e-01,5.4977545420e-01,8.0328184595e-01
0.7850,0.8450,8.1467229918e-01,8.3225793808e-01,8.6197543850e-01,8.4030625128e-01,5.6309123265e-01,8.0983408068e-01
0.7850,0.8550,8.1909547195e-01,8.3703698940e-01,8.7020969902e-01,8.4931501314e-01,5.7376166685e-01,8.1529487105e-01
0.7850,0.8650,8.2244337041e-01,8.4086726520e-01,8.7772421047e-01,8.5749449022e-01,5.8185975272e-01,8.1968538393e-01
0.7850,0.8750,8.2474479992e-01,8.4376859328e-01,8.8451423852e-01,8.6483986290e-01,5.8745731188e-01,8.2302738458e-01
0.7850,0.8850,8.2602865343e-01,8.4576111125e-01,8.9057470161e-01,8.7134623671e-01,5.9062496589e-01,8.2534314623e-01
0.7850,0.8950,8.2632384448e-01,8.4686520270e-01,8.9590019014e-01,8.7700864819e-01,5.9143211550e-01,8.2665536750e-01
0.7850,0.9050,8.2565924695e-01,8.4710145382e-01,9.0048498130e-01,8.8182206706e-01,5.8994692353e-01,8.2698709599e-01
0.7850,0.9150,8.2406363918e-01,8.4649059429e-01,9.0432305651e-01,8.8578140322e-01,5.8623630376e-01,8.2636165695e-01
0.7850,0.9250,8.2156565500e-01,8.4505345467e-01,9.0740811601e-01,8.8888150968e-01,5.8036591208e-01,8.2480258914e-01
0.7850,0.9350,8.1819373915e-01,8.4281093222e-01,9.0973359194e-01,8.9111718516e-01,5.7240014110e-01,8.2233358484e-01
0.7850,0.9450,8.1397610660e-01,8.3978394537e-01,9.1129266308e-01,8.9248317961e-01,5.6240211891e-01,8.1897843463e-01
0.7850,0.9550,8.0894070714e-01,8.3599340294e-01,9.1207826673e-01,8.9297419653e-01,5.5043370935e-01,8.1476097771e-01
0.7850,0.9650,8.0311519310e-01,8.3146017667e-01,9.1208311017e-01,8.9258489562e-01,5.3655551513e-01,8.0970505525e-01
0.7850,0.9750,7.9652689066e-01,8.2620506766e-01,9.1129968289e-01,8.9130989696e-01,5.2082688348e-01,8.0383446850e-01
0.7850,0.9850,7.8920277498e-01,8.2024878562e-01,9.0972026658e-01,8.8914378267e-01,5.0330591295e-01,7.9717294053e-01
0.7850,0.9950,7.8116944739e-01,8.1361192386e-01,9.0733694541e-01,8.8608110030e-01,4.8404946276e-01,7.8974408052e-01
0.7950,0.7950,7.8744978647e-01,8.0468922993e-01,8.2211707087e-01,7.9639167783e-01,4.9749045360e-01,7.7845905510e-01
0.7950,0.8050,7.9821801875e-01,8.1485421063e-01,8.3341976390e-01,8.0902764749e-01,5.2338473448e-01,7.8997265898e-01
0.7950,0.8150,8.0776577867e-01,8.2397820432e-01,8.4405199896e-01,8.2088889712e-01,5.4632028339e-01,8.0031841665e-01
0.7950,0.8250,8.1611960177e-01,8.3207794802e-01,8.5401044463e-01,8.3197042913e-01,5.6637378333e-01,8.0951340556e-01
0.7950,0.8350,8.2330659965e-01,8.3917088964e-01,8.6329136086e-01,8.4226717862e-01,5.8362095438e-01,8.1757577269e-01
0.7950,0.8450,8.2935435146e-01,8.4527510825e-01,8.7189061891e-01,8.5177401561e-01,5.9813649763e-01,8.2452461139e-01
0.7950,0.8550,8.3429080330e-01,8.5040921752e-01,8.7980372414e-01,8.6048575264e-01,6.0999404908e-01,8.3037984632e-01
0.7950,0.8650,8.3814417765e-01,8.5459229288e-01,8.8702583324e-01,8.6839714734e-01,6.1926613919e-01,8.3516212762e-01
0.7950,0.8750,8.4094289089e-01,8.5784380661e-01,8.9355177226e-01,8.7550290528e-01,6.2602415867e-01,8.3889273291e-01
0.7950,0.8850,8.4271547697e-01,8.6018355004e-01,8.9937605498e-01,8.8179768646e-01,6.3033833178e-01,8.4159347586e-01
0.7950,0.8950,8.4349051986e-01,8.6163158693e-01,9.0449289675e-01,8.8727610546e-01,6.3227769262e-01,8.4328662283e-01
0.7950,0.9050,8.4329659087e-01,8.6220819193e-01,9.0889623094e-01,8.9193273667e-01,6.3191006784e-01,8.4399481496e-01
0.7950,0.9150,8.4216219221e-01,8.6193379867e-01,9.1257972277e-01,8.9576211716e-01,6.2930206318e-01,8.4374099668e-01
0.7950,0.9250,8.4011570693e-01,8.6082896429e-01,9.1553678141e-01,8.9875874730e-01,6.2451905277e-01,8.4254835026e-01
0.7950,0.9350,8.3718535219e-01,8.5891431861e-01,9.1776057449e-01,9.0091709587e-01,6.1762517366e-01,8.4044023455e-01
0.7950,0.9450,8.3339913818e-01,8.5621052716e-01,9.1924403880e-01,9.0223160167e-01,6.0868332241e-01,8.3744012952e-01
0.7950,0.9550,8.2878483166e-01,8.5273826536e-01,9.1997989110e-01,9.0269667413e-01,5.9775515377e-01,8.3357158538e-01
0.7950,0.9650,8.2336992190e-01,8.4851817675e-01,9.1996064018e-01,9.0230669800e-01,5.8490108375e-01,8.2885817493e-01
0.7950,0.9750,8.1718159165e-01,8.4357084941e-01,9.1917859589e-01,9.0105603393e-01,5.7018029321e-01,8.2332345112e-01
0.7950,0.9850,8.1024669102e-01,8.3791679318e-01,9.1762587884e-01,8.9893901999e-01,5.5365073382e-01,8.1699090778e-01
0.7950,0.9950,8.0259171366e-01,8.3157640984e-01,9.1529442985e-01,8.9594997482e-01,5.3536913669e-01,8.0988394324e-01
0.8050,0.8050,8.0952756017e-01,8.2538024909e-01,8.4428027864e-01,8.2124468745e-01,5.5051518802e-01,8.0188719790e-01
0.8050,0.8150,8.1961202892e-01,8.3486556862e-01,8.5450035190e-01,8.3271737595e-01,5.7467745348e-01,8.1263468021e-01
0.8050,0.8250,8.2849737998e-01,8.4332643708e-01,8.6407605422e-01,8.4344011595e-01,5.9594756980e-01,8.2223152964e-01
0.8050,0.8350,8.3621018292e-01,8.5077986283e-01,8.7300308905e-01,8.5340727634e-01,6.1440065525e-01,8.3069527209e-01
0.8050,0.8450,8.4277751092e-01,8.5724349721e-01,8.8127681405e-01,8.6261319617e-01,6.3011085056e-01,8.3804441151e-01
0.8050,0.8550,8.4822683916e-01,8.6273554950e-01,8.8889225739e-01,8.7105218684e-01,6.4315126983e-01,8.4429831394e-01
0.8050,0.8650,8.5258595277e-01,8.6727471377e-01,8.9584413436e-01,8.7871853340e-01,6.5359395814e-01,8.4947710092e-01
0.8050,0.8750,8.5588286214e-01,8.7088009072e-01,9.0212686477e-01,8.8560649832e-01,6.6150985647e-01,8.5360155021e-01
0.8050,0.8850,8.5814572594e-01,8.7357112520e-01,9.0773458587e-01,8.9171032253e-01,6.6696877213e-01,8.5669300366e-01
0.8050,0.8950,8.5940278165e-01,8.7536754661e-01,9.1266116748e-01,8.9702422728e-01,6.7003935421e-01,8.5877328285e-01
0.8050,0.9050,8.5968228160e-01,8.7628931029e-01,9.1690022531e-01,9.0154241670e-01,6.7078907447e-01,8.5986461025e-01
0.8050,0.9150,8.5901243589e-01,8.7635655372e-01,9.2044513204e-01,9.0525907764e-01,6.6928421173e-01,8.5998953696e-01
0.8050,0.9250,8.5742135998e-01,8.7558954487e-01,9.2328903100e-01,9.0816838293e-01,6.6558984092e-01,8.5917087606e-01
0.8050,0.9350,8.5493702738e-01,8.7400863915e-01,9.2542484620e-01,9.1026449262e-01,6.5976982568e-01,8.5743164061e-01
0.8050,0.9450,8.5158722784e-01,8.7163424880e-01,9.2684529242e-01,9.1154155364e-01,6.5188681290e-01,8.5479498754e-01
0.8050,0.9550,8.4739952884e-01,8.6848680144e-01,9.2754288662e-01,9.1199370277e-01,6.4200223160e-01,8.5128416547e-01
0.8050,0.9650,8.4240124101e-01,8.6458670735e-01,9.2750995637e-01,9.1161506781e-01,6.3017629390e-01,8.4692246647e-01
0.8050,0.9750,8.3661938834e-01,8.5995433740e-01,9.2673864884e-01,9.1039976721e-01,6.1646799738e-01,8.4173318295e-01
0.8050,0.9850,8.3008068034e-01,8.5460999130e-01,9.2522093993e-01,9.0834191251e-01,6.0093513068e-01,8.3573956716e-01
0.8050,0.9950,8.2281148790e-01,8.4857387369e-01,9.2294864196e-01,9.0543560928e-01,5.8363428052e-01,8.2896479440e-01
0.8150,0.8150,8.3022933926e-01,8.4471291463e-01,8.6433681000e-01,8.4383049285e-01,6.0005790378e-01,8.2378523875e-01
0.8150,0.8250,8.3964306896e-01,8.5353603852e-01,8.7355688644e-01,8.5422208826e-01,6.2253700924e-01,8.3378585196e-01
0.8150,0.8350,8.4787922981e-01,8.6135149386e-01,8.8215577023e-01,8.6388600296e-01,6.4218926738e-01,8.4265341434e-01
0.8150,0.8450,8.5496437353e-01,8.6817649998e-01,8.9012834125e-01,8.7281607815e-01,6.5908823900e-01,8.5040582959e-01
0.8150,0.8550,8.6092548878e-01,8.7402885660e-01,8.9746918562e-01,8.8100615615e-01,6.7330649710e-01,8.5706189414e-01
0.8150,0.8650,8.6578990721e-01,8.7892686111e-01,9.0417261183e-01,8.8845008191e-01,6.8491558302e-01,8.6264118964e-01
0.8150,0.8750,8.6958521746e-01,8.8288923960e-01,9.1023266269e-01,8.9514170272e-01,6.9398596921e-01,8.6716398234e-01
0.8150,0.8850,8.7233918705e-01,8.8593507947e-01,9.1564312926e-01,9.0107486896e-01,7.0058702780e-01,8.7065113077e-01
0.8150,0.8950,8.7407969120e-01,8.8808376839e-01,9.2039756312e-01,9.0624343451e-01,7.0478700462e-01,8.7312400014e-01
0.8150,0.9050,8.7483464781e-01,8.8935494078e-01,9.2448928695e-01,9.1064125678e-01,7.0665299826e-01,8.7460438234e-01
0.8150,0.9150,8.7463195860e-01,8.8976842168e-01,9.2791140703e-01,9.1426219831e-01,7.0625094360e-01,8.7511442318e-01
0.8150,0.9250,8.7349945605e-01,8.8934418511e-01,9.3065682236e-01,9.1710012576e-01,7.0364559880e-01,8.7467655465e-01
0.8150,0.9350,8.7146485488e-01,8.8810231118e-01,9.3271823431e-01,9.1914891046e-01,6.9890053631e-01,8.7331343218e-01
0.8150,0.9450,8.6855570863e-01,8.8606294419e-01,9.3408815721e-01,9.2040242952e-01,6.9207813710e-01,8.7104787763e-01
0.8150,0.9550,8.6479937024e-01,8.8324625857e-01,9.3475892598e-01,9.2085456565e-01,6.8323958766e-01,8.6790282599e-01
0.8150,0.9650,8.6022295690e-01,8.7967242846e-01,9.3472270473e-01,9.2049920713e-01,6.7244487951e-01,8.6390127685e-01
0.8150,0.9750,8.5485331867e-01,8.7536159694e-01,9.3397149507e-01,9.1933024835e-01,6.5975281104e-01,8.5906625021e-01
0.8150,0.9850,8.4871700972e-01,8.7033384754e-01,9.3249714349e-01,9.1734159067e-01,6.4522099197e-01,8.5342074483e-01
0.8150,0.9950,8.4184026368e-01,8.6460918264e-01,9.3029134845e-01,9.1452714192e-01,6.2890584886e-01,8.4698770141e-01
0.8250,0.8250,8.4958141769e-01,8.6272206301e-01,8.8244794066e-01,8.6430966301e-01,6.4621679423e-01,8.4419145905e-01
0.8250,0.8350,8.5833786568e-01,8.7090060495e-01,8.9074392864e-01,8.7369618706e-01,6.6706078269e-01,8.5346460418e-01
0.8250,0.8450,8.6593842833e-01,8.7808844478e-01,8.9843928899e-01,8.8237503729e-01,6.8514193714e-01,8.6162258059e-01
0.8250,0.8550,8.7240959255e-01,8.8430295707e-01,9.0552820169e-01,8.9033962046e-01,7.0053227174e-01,8.6868360480e-01
0.8250,0.8650,8.7777822173e-01,8.8956204126e-01,9.1200459867e-01,8.9758336979e-01,7.1330280569e-01,8.7466670788e-01
0.8250,0.8750,8.8207146775e-01,8.9388403937e-01,9.1786217715e-01,9.0409974646e-01,7.2352352505e-01,8.7959163394e-01
0.8250,0.8850,8.8531669190e-01,8.9728767323e-01,9.2309441038e-01,9.0988223726e-01,7.3126334913e-01,8.8347874737e-01
0.8250,0.8950,8.8754139211e-01,8.9979198528e-01,9.2769455754e-01,9.1492435352e-01,7.3659010289e-01,8.8634894556e-01
0.8250,0.9050,8.8877313642e-01,9.0141627359e-01,9.3165567519e-01,9.1921963224e-01,7.3957049510e-01,8.8822357873e-01
0.8250,0.9150,8.8903950359e-01,9.0218004930e-01,9.3497062544e-01,9.2276163295e-01,7.4027009920e-01,8.8912437623e-01
0.8250,0.9250,8.8836802821e-01,9.0210298844e-01,9.3763208496e-01,9.2554393757e-01,7.3875333956e-01,8.8907337750e-01
0.8250,0.9350,8.8678615098e-01,9.0120488097e-01,9.3963255494e-01,9.2756015141e-01,7.3508348156e-01,8.8809286890e-01
0.8250,0.9450,8.8432117467e-01,8.9950560044e-01,9.4096436751e-01,9.2880390025e-01,7.2932262358e-01,8.8620532581e-01
0.8250,0.9550,8.8100022320e-01,8.9702506408e-01,9.4161969418e-01,9.2926883102e-01,7.2153169329e-01,8.8343335821e-01
0.8250,0.9650,8.7685020565e-01,8.9378319900e-01,9.4159055346e-01,9.2894861119e-01,7.1177044603e-01,8.7979966185e-01
0.8250,0.9750,8.7189778369e-01,8.8979991514e-01,9.4086881726e-01,9.2783692777e-01,7.0009746541e-01,8.7532697272e-01
0.8250,0.9850,8.6616934211e-01,8.8509507499e-01,9.3944621794e-01,9.2592748764e-01,6.8657016669e-01,8.7003802500e-01
0.8250,0.9950,8.5969096322e-01,8.7968847205e-01,9.3731435442e-01,9.2321401624e-01,6.7124480115e-01,8.6395551349e-01
0.8350,0.8350,8.6761094375e-01,8.7944282345e-01,8.9876183684e-01,8.8283071657e-01,6.8908840196e-01,8.6314444430e-01
0.8350,0.8450,8.7572392898e-01,8.8699447616e-01,9.0620352917e-01,8.9128253820e-01,7.0834447224e-01,8.7170960842e-01
0.8350,0.8550,8.8270279288e-01,8.9357251444e-01,9.1306281088e-01,8.9904465181e-01,7.2490043066e-01,8.7917772353e-01
0.8350,0.8650,8.8857391605e-01,8.9919442735e-01,9.1933327014e-01,9.0611010973e-01,7.3882675741e-01,8.8556726000e-01
0.8350,0.8750,8.9336399942e-01,9.0387816546e-01,9.2500828805e-01,9.1247201460e-01,7.5019293498e-01,8.9089742995e-01
0.8350,0.8850,8.9709998373e-01,9.0764208118e-01,9.3008104698e-01,9.1812351535e-01,7.5906741273e-01,8.9518809295e-01
0.8350,0.8950,8.9980897491e-01,9.1050485694e-01,9.3454454137e-01,9.2305780757e-01,7.6551757860e-01,8.9845966819e-01
0.8350,0.9050,9.0151817724e-01,9.1248545415e-01,9.3839158489e-01,9.2726812971e-01,7.6960973430e-01,9.0073305380e-01
0.8350,0.9150,9.0225483219e-01,9.1360306535e-01,9.4161481851e-01,9.3074776063e-01,7.7140907541e-01,9.0202955178e-01
0.8350,0.9250,9.0204616170e-01,9.1387705215e-01,9.4420671991e-01,9.3349002107e-01,7.7097967709e-01,9.0237079812e-01
0.8350,0.9350,9.0091931869e-01,9.1332691505e-01,9.4615960882e-01,9.3548826859e-01,7.6838448106e-01,9.0177869949e-01
0.8350,0.9450,8.9890134090e-01,9.1197225069e-01,9.4746565484e-01,9.3673589716e-01,7.6368528738e-01,9.0027537366e-01
0.8350,0.9550,8.9601910909e-01,9.0983270826e-01,9.4811688472e-01,9.3722633708e-01,7.5694274969e-01,8.9788309484e-01
0.8350,0.9650,8.9229931037e-01,9.0692796435e-01,9.4810518760e-01,9.3695305171e-01,7.4821637167e-01,8.9462424395e-01
0.8350,0.9750,8.8776840419e-01,9.0327768929e-01,9.4742232187e-01,9.3590953737e-01,7.3756450708e-01,8.9052126200e-01
0.8350,0.9850,8.8245259230e-01,8.9890151829e-01,9.4605992073e-01,9.3408932212e-01,7.2504436182e-01,8.8559660782e-01
0.8350,0.9950,8.7637779208e-01,8.9381902939e-01,9.4400949751e-01,9.3148596407e-01,7.1071199735e-01,8.7987271940e-01
0.8450,0.8450,8.8434577733e-01,8.9491046983e-01,9.1341472463e-01,8.9953112704e-01,7.2876755827e-01,8.8068295862e-01
0.8450,0.8550,8.9182941588e-01,9.0185294219e-01,9.2006633987e-01,9.0711342843e-01,7.4648203906e-01,8.8855965954e-01
0.8450,0.8650,8.9820072883e-01,9.0783896175e-01,9.2615165009e-01,9.1402214292e-01,7.6155783941e-01,8.9535761168e-01
0.8450,0.8750,9.0348595285e-01,9.1288608569e-01,9.3166374806e-01,9.2025004062e-01,7.7406392144e-01,9.0109548553e-01
0.8450,0.8850,9.0771159421e-01,9.1701228402e-01,9.3659555402e-01,9.2578995999e-01,7.8406824880e-01,9.0579262617e-01
0.8450,0.8950,9.1090435358e-01,9.2023587775e-01,9.4093982195e-01,9.3063480372e-01,7.9163775576e-01,9.0946896492e-01
0.8450,0.9050,9.1309105785e-01,9.2257548724e-01,9.4468914666e-01,9.3477753469e-01,7.9683832094e-01,9.1214493764e-01
0.8450,0.9150,9.1429859679e-01,9.2404996802e-01,9.4783597220e-01,9.3821117576e-01,7.9973474729e-01,9.1384140854e-01
0.8450,0.9250,9.1455386677e-01,9.2467837143e-01,9.5037259666e-01,9.4092880466e-01,8.0039074428e-01,9.1457960036e-01
0.8450,0.9350,9.1388371927e-01,9.2447990190e-01,9.5229117885e-01,9.4292355140e-01,7.9886891461e-01,9.1438102953e-01
0.8450,0.9450,9.1231491306e-01,9.2347386559e-01,9.5358374545e-01,9.4418859851e-01,7.9523074549e-01,9.1326744574e-01
0.8450,0.9550,9.0987407257e-01,9.2167964288e-01,9.5424219506e-01,9.4471717621e-01,7.8953660108e-01,9.1126077712e-01
0.8450,0.9650,9.0658764954e-01,9.1911665367e-01,9.5425830455e-01,9.4450256101e-01,7.8184571862e-01,9.0838307926e-01
0.8450,0.9750,9.0248188784e-01,9.1580432069e-01,9.5362373443e-01,9.4353807499e-01,7.7221620765e-01,9.0465648779e-01
0.8450,0.9850,8.9758279309e-01,9.1176204690e-01,9.5233003313e-01,9.4181708252e-01,7.6070505025e-01,9.0010317576e-01
0.8450,0.9950,8.9191610460e-01,9.0700918870e-01,9.5036864251e-01,9.3933298927e-01,7.4736810400e-01,8.9474531382e-01
0.8550,0.8550,8.9981436213e-01,9.0916030963e-01,9.2653194454e-01,9.1453823024e-01,7.6534733189e-01,8.9684583412e-01
0.8550,0.8650,9.0668300731e-01,9.1551126659e-01,9.3245261585e-01,9.2131143203e-01,7.8156566199e-01,9.0405356945e-01
0.8550,0.8750,9.1246111070e-01,9.2092296452e-01,9.3782118818e-01,9.2742549958e-01,7.9520545580e-01,9.1020098554e-01
0.8550,0.8850,9.1717473129e-01,9.2541298646e-01,9.4263034509e-01,9.3287298522e-01,8.0633417546e-01,9.1530690386e-01
0.8550,0.8950,9.2085015155e-01,9.2899928748e-01,9.4687262517e-01,9.3764652252e-01,8.1501828601e-01,9.1939075843e-01
0.8550,0.9050,9.2351380749e-01,9.3170013159e-01,9.5054042924e-01,9.4173882344e-01,8.2132322843e-01,9.2247251330e-01
0.8550,0.9150,9.2519222477e-01,9.3353404043e-01,9.5362602484e-01,9.4514267393e-01,8.2531339702e-01,9.2457258560e-01
0.8550,0.9250,9.2591196116e-01,9.3451974853e-01,9.5612155185e-01,9.4785092952e-01,8.2705212063e-01,9.2571177495e-01
0.8550,0.9350,9.2569955304e-01,9.3467614925e-01,9.5801902881e-01,9.4985651412e-01,8.2660164893e-01,9.2591119750e-01
0.8550,0.9450,9.2458146784e-01,9.3402226023e-01,9.5931035645e-01,9.5115241514e-01,8.2402314095e-01,9.2519222526e-01
0.8550,0.9550,9.2258406076e-01,9.3257718650e-01,9.5998732322e-01,9.5173168065e-01,8.1937665696e-01,9.2357643034e-01
0.8550,0.9650,9.1973353495e-01,9.3036008104e-01,9.6004161024e-01,9.5158741788e-01,8.1272115394e-01,9.2108553276e-01
0.8550,0.9750,9.1605590628e-01,9.2739011648e-01,9.5946479488e-01,9.5071278962e-01,8.0411448283e-01,9.1774135300e-01
0.8550,0.9850,9.1157697154e-01,9.2368645772e-01,9.5824835566e-01,9.4910101186e-01,7.9361338802e-01,9.1356576833e-01
0.8550,0.9950,9.0632227931e-01,9.1926823269e-01,9.5638367622e-01,9.4674535230e-01,7.8127350970e-01,9.0858067195e-01
0.8650,0.8650,9.1404560640e-01,9.2222756108e-01,9.3822890518e-01,9.2797005503e-01,7.9891899121e-01,9.1167186925e-01
0.8650,0.8750,9.2031379580e-01,9.2800458525e-01,9.4347312088e-01,9.3399019910e-01,8.1368570279e-01,9.1823007211e-01
0.8650,0.8850,9.2551317507e-01,9.3285953076e-01,9.4817773574e-01,9.3936415474e-01,8.2593274227e-01,9.2374646738e-01
0.8650,0.8950,9.2966959606e-01,9.3680997533e-01,9.5233509862e-01,9.4408431094e-01,8.3572609095e-01,9.2823998325e-01
0.8650,0.9050,9.3280909173e-01,9.3987382616e-01,9.5593743803e-01,9.4814314955e-01,8.4313073702e-01,9.3173010296e-01
0.8650,0.9150,9.3495781128e-01,9.4206926524e-01,9.5897686725e-01,9.5153324090e-01,8.4821065158e-01,9.3423678748e-01
0.8650,0.9250,9.3614196097e-01,9.4341469624e-01,9.6144538930e-01,9.5424724004e-01,8.5102876910e-01,9.3578040403e-01
0.8650,0.9350,9.3638775014e-01,9.4392870318e-01,9.6333490018e-01,9.5627788185e-01,8.5164697140e-01,9.3638165926e-01
0.8650,0.9450,9.3572134250e-01,9.4363000844e-01,9.6463719356e-01,9.5761797718e-01,8.5012607522e-01,9.3606153817e-01
0.8650,0.9550,9.3416881132e-01,9.4253743195e-01,9.6534396502e-01,9.5826041000e-01,8.4652582342e-01,9.3484124718e-01
0.8650,0.9650,9.3175609917e-01,9.4066985732e-01,9.6544681516e-01,9.5819813361e-01,8.4090487873e-01,9.3274216140e-01
0.8650,0.9750,9.2850898164e-01,9.3804620129e-01,9.6493725387e-01,9.5742416733e-01,8.3332081985e-01,9.2978577665e-01
0.8650,0.9850,9.2445303440e-01,9.3468538396e-01,9.6380670371e-01,9.5593159379e-01,8.2383014033e-01,9.2599366463e-01
0.8650,0.9950,9.1961360341e-01,9.3060630023e-01,9.6204650322e-01,9.5371355637e-01,8.1248824957e-01,9.2138743176e-01
0.8750,0.8750,9.2706877690e-01,9.3414727167e-01,9.4861194434e-01,9.3993607291e-01,8.2957197288e-01,9.2519973963e-01
0.8750,0.8850,9.3275118255e-01,9.3936781438e-01,9.5322994729e-01,9.4525517479e-01,8.4293068086e-01,9.3112773761e-01
0.8750,0.8950,9.3738642244e-01,9.4368341311e-01,9.5731931159e-01,9.4993967080e-01,8.5382730970e-01,9.3603248009e-01
0.8750,0.9050,9.4100011461e-01,9.4711160992e-01,9.6087211678e-01,9.5398183519e-01,8.6232638092e-01,9.3993296104e-01
0.8750,0.9150,9.4361801984e-01,9.4967023603e-01,9.6388034375e-01,9.5737404429e-01,8.6849142880e-01,9.4284867687e-01
0.8750,0.9250,9.4526598132e-01,9.5137736580e-01,9.6633587748e-01,9.6010877070e-01,8.7238497906e-01,9.4479955361e-01
0.8750,0.9350,9.4596986957e-01,9.5225126665e-01,9.6823051111e-01,9.6217857940e-01,8.7406853199e-01,9.4580587976e-01
0.8750,0.9450,9.4575553244e-01,9.5231035618e-01,9.6955594926e-01,9.6357612321e-01,8.7360254887e-01,9.4588824428e-01
0.8750,0.9550,9.4464874964e-01,9.5157316678e-01,9.7030381056e-01,9.6429413800e-01,8.7104644153e-01,9.4506747882e-01
0.8750,0.9650,9.4267519143e-01,9.5005830716e-01,9.7046563151e-01,9.6432543940e-01,8.6645856510e-01,9.4336460470e-01
0.8750,0.9750,9.3986038138e-01,9.4778443223e-01,9.7003286907e-01,9.6366291853e-01,8.5989621307e-01,9.4080078389e-01
0.8750,0.9850,9.3622966231e-01,9.4477021135e-01,9.6899690360e-01,9.6229953913e-01,8.5141561528e-01,9.3739727335e-01
0.8750,0.9950,9.3180816604e-01,9.4103430169e-01,9.6734904197e-01,9.6022833415e-01,8.4107193754e-01,9.3317538363e-01
0.8850,0.8850,9.3891340057e-01,9.4495422734e-01,9.5777910816e-01,9.5053788466e-01,8.5739386109e-01,9.3746791677e-01
0.8850,0.8950,9.4402478518e-01,9.4963557937e-01,9.6181725774e-01,9.5520425157e-01,8.6938725456e-01,9.4278489677e-01
0.8850,0.9050,9.4811052852e-01,9.5342904080e-01,9.6533634906e-01,9.5924636347e-01,8.7897490253e-01,9.4709717488e-01
0.8850,0.9150,9.5119599204e-01,9.5635209371e-01,9.6832825048e-01,9.6265642144e-01,8.8621988851e-01,9.5042377484e-01
0.8850,0.9250,9.5330664440e-01,9.5842247287e-01,9.7078474960e-01,9.6542673608e-01,8.9118431653e-01,9.5278417322e-01
0.8850,0.9350,9.5446800585e-01,9.5965812057e-01,9.7269755538e-01,9.6754972129e-01,8.9392929243e-01,9.5419823206e-01
0.8850,0.9450,9.5470559737e-01,9.6007714990e-01,9.7405830001e-01,9.6901788799e-01,8.9451490854e-01,9.5468613582e-01
0.8850,0.9550,9.5404489375e-01,9.5969779768e-01,9.7485854241e-01,9.6982384117e-01,8.9300023292e-01,9.5426833297e-01
0.8850,0.9650,9.5251128167e-01,9.5853839227e-01,9.7508977022e-01,9.6996027445e-01,8.8944330036e-01,9.5296548238e-01
0.8850,0.9750,9.5013002137e-01,9.5661732183e-01,9.7474340185e-01,9.6941996567e-01,8.8390110656e-01,9.5079840334e-01
0.8850,0.9850,9.4692621176e-01,9.5395299959e-01,9.7381078955e-01,9.6819577401e-01,8.7642960512e-01,9.4778802953e-01
0.8850,0.9950,9.4292475950e-01,9.5056384157e-01,9.7228322107e-01,9.6628063510e-01,8.6708370583e-01,9.4395536691e-01
0.8950,0.8950,9.4960917648e-01,9.5468288849e-01,9.6582085736e-01,9.5986984343e-01,8.8247037255e-01,9.4851459644e-01
0.8950,0.9050,9.5416435242e-01,9.5884214062e-01,9.6932195774e-01,9.6392836743e-01,8.9314021115e-01,9.5323957233e-01
0.8950,0.9150,9.5771526388e-01,9.6213045542e-01,9.7231233663e-01,9.6737187142e-01,9.0145939095e-01,9.5697836757e-01
0.8950,0.9250,9.6028699442e-01,9.6456522216e-01,9.7478370342e-01,9.7019252267e-01,9.0748958150e-01,9.5975000187e-01
0.8950,0.9350,9.6190470370e-01,9.6616406030e-01,9.7672770023e-01,9.7238260033e-01,9.1129148086e-01,9.6157390302e-01
0.8950,0.9450,9.6259357470e-01,9.6694476670e-01,9.7813590513e-01,9.7393449211e-01,9.1292480046e-01,9.6246984284e-01
0.8950,0.9550,9.6237876657e-01,9.6692527819e-01,9.7899983325e-01,9.7484068810e-01,9.1244825207e-01,9.6245787860e-01
0.8950,0.9650,9.6128537182e-01,9.6612364076e-01,9.7931093815e-01,9.7509377464e-01,9.0991953761e-01,9.6155829854e-01
0.8950,0.9750,9.5933837644e-01,9.6455796705e-01,9.7906061475e-01,9.7468643186e-01,9.0539534313e-01,9.5979157100e-01
0.8950,0.9850,9.5656262489e-01,9.6224641190e-01,9.7824020026e-01,9.7361142772e-01,8.9893133372e-01,9.5717829817e-01
0.8950,0.9950,9.5298278788e-01,9.5920714443e-01,9.7684097608e-01,9.7186161405e-01,8.9058215136e-01,9.5373917293e-01
0.9050,0.9050,9.5918589565e-01,9.6336732529e-01,9.7282070737e-01,9.6801962422e-01,9.0488534889e-01,9.5837763524e-01
0.9050,0.9150,9.6319968876e-01,9.6702134786e-01,9.7582430485e-01,9.7151204725e-01,9.1427246086e-01,9.6252941957e-01
0.9050,0.9250,9.6623042049e-01,9.6982125459e-01,9.7832439961e-01,9.7439767747e-01,9.2136276921e-01,9.6571348102e-01
0.9050,0.9350,9.6830287914e-01,9.7178432896e-01,9.8031258633e-01,9.7666867905e-01,9.2621655285e-01,9.6794880540e-01
0.9050,0.9450,9.6944189956e-01,9.7292804731e-01,9.8178040543e-01,9.7831733282e-01,9.2889313009e-01,9.6925474452e-01
0.9050,0.9550,9.6967231538e-01,9.7327004720e-01,9.8271934356e-01,9.7933602861e-01,9.2945084396e-01,9.6965095697e-01
0.9050,0.9650,9.6901891419e-01,9.7282808046e-01,9.8312083633e-01,9.7971726243e-01,9.2794705233e-01,9.6915735232e-01
0.9050,0.9750,9.6750639772e-01,9.7161998300e-01,9.8297626873e-01,9.7945363018e-01,9.2443811949e-01,9.6779404033e-01
0.9050,0.9850,9.6515934582e-01,9.6966364753e-01,9.8227697618e-01,9.7853782214e-01,9.1897941037e-01,9.6558128379e-01
0.9050,0.9950,9.6200218273e-01,9.6697698718e-01,9.8101424681e-01,9.7696262042e-01,9.1162528808e-01,9.6253945437e-01
0.9150,0.9150,9.6767336780e-01,9.7104116004e-01,9.7885581031e-01,9.7506874556e-01,9.2472075539e-01,9.6709449316e-01
0.9150,0.9250,9.7116058476e-01,9.7420658244e-01,9.8139846287e-01,9.7803390142e-01,9.3286503827e-01,9.7069167288e-01
0.9150,0.9350,9.7368574694e-01,9.7653455717e-01,9.8344382686e-01,9.8039958101e-01,9.3876515757e-01,9.7333949580e-01
0.9150,0.9450,9.7527333185e-01,9.7804224284e-01,9.8498342106e-01,9.8215797313e-01,9.4248002620e-01,9.7505688692e-01
0.9150,0.9550,9.7594783725e-01,9.7874696523e-01,9.8600872072e-01,9.8330138511e-01,9.4406760767e-01,9.7586309851e-01
0.9150,0.9650,9.7573373621e-01,9.7866617973e-01,9.8651115771e-01,9.8382223673e-01,9.4358490415e-01,9.7577765436e-01
0.9150,0.9750,9.7465543667e-01,9.7781744388e-01,9.8648212076e-01,9.8371305320e-01,9.4108794664e-01,9.7482029831e-01
0.9150,0.9850,9.7273724357e-01,9.7621837787e-01,9.8591295749e-01,9.8296646208e-01,9.3663178925e-01,9.7301094595e-01
0.9150,0.9950,9.7000332531e-01,9.7388663858e-01,9.8479497460e-01,9.8157518758e-01,9.3027050476e-01,9.7036964043e-01
0.9250,0.9250,9.7510135692e-01,9.7773753458e-01,9.8399748137e-01,9.8109304138e-01,9.4205668278e-01,9.7470218471e-01
0.9250,0.9350,9.7807675468e-01,9.8043071567e-01,9.8611300597e-01,9.8356708086e-01,9.4899710792e-01,9.7776309862e-01
0.9250,0.9450,9.8011088844e-01,9.8230295467e-01,9.8773655165e-01,9.8544813479e-01,9.5374481078e-01,9.7989290578e-01
0.9250,0.9550,9.8122791080e-01,9.8337126062e-01,9.8885959724e-01,9.8672844323e-01,9.5635736434e-01,9.8111044545e-01
0.9250,0.9650,9.8145197143e-01,9.8365279360e-01,9.8947358506e-01,9.8740036315e-01,9.5689140353e-01,9.8143484892e-01
0.9250,0.9750,9.8080717463e-01,9.8316482242e-01,9.8956992239e-01,9.8745636461e-01,9.5540261575e-01,9.8088548681e-01
0.9250,0.9850,9.7931754132e-01,9.8192469264e-01,9.8913998152e-01,9.8688902505e-01,9.5194573332e-01,9.7948192050e-01
0.9250,0.9950,9.7700697481e-01,9.7994980235e-01,9.8817509985e-01,9.8569102302e-01,9.4657452782e-01,9.7724385755e-01
0.9350,0.9350,9.8149952134e-01,9.8348906034e-01,9.8831167966e-01,9.8616309808e-01,9.5697135612e-01,9.8123723466e-01
0.9350,0.9450,9.8397778125e-01,9.8572608372e-01,9.9003137495e-01,9.8817968994e-01,9.6274597295e-01,9.8377995496e-01
0.9350,0.9550,9.8553533365e-01,9.8715848165e-01,9.9126358904e-01,9.8960904263e-01,9.6637812945e-01,9.8540967973e-01
0.9350,0.9650,9.8619599547e-01,9.8780310873e-01,9.9199979020e-01,9.9044346638e-01,9.6792408334e-01,9.8614514100e-01
0.9350,0.9750,9.8598355848e-01,9.8767694037e-01,9.9223141758e-01,9.9067538972e-01,9.6743916800e-01,9.8600532948e-01
0.9350,0.9850,9.8492175095e-01,9.8679704726e-01,9.9194988071e-01,9.9029735218e-01,9.6497778319e-01,9.8500944586e-01
0.9350,0.9950,9.8303420189e-01,9.8518056057e-01,9.9114656047e-01,9.8930200017e-01,9.6059338939e-01,9.8317685500e-01
0.9450,0.9450,9.8689736091e-01,9.8832779015e-01,9.9185944556e-01,9.9034465207e-01,9.6954114609e-01,9.8673563994e-01
0.9450,0.9550,9.8889306449e-01,9.9012444668e-01,9.9321229525e-01,9.9193517003e-01,9.7418708967e-01,9.8877795565e-01
0.9450,0.9650,9.8998836757e-01,9.9113259591e-01,9.9408143240e-01,9.9294352190e-01,9.7673967430e-01,9.8992522856e-01
0.9450,0.9750,9.9020674137e-01,9.9136892179e-01,9.9445834106e-01,9.9336210687e-01,9.7725386865e-01,9.9019606358e-01
0.9450,0.9850,9.8957161275e-01,9.9085021221e-01,9.9433448142e-01,9.9318344048e-01,9.7578373031e-01,9.8960929412e-01
0.9450,0.9950,9.8810632778e-01,9.8959332627e-01,9.9370128976e-01,9.9240014951e-01,9.7238239891e-01,9.8818393583e-01
0.9550,0.9550,9.9132417004e-01,9.9228519838e-01,9.9469729713e-01,9.9369895219e-01,9.7984058338e-01,9.9123283707e-01
0.9550,0.9650,9.9285177712e-01,9.9365697036e-01,9.9571015684e-01,9.9489264747e-01,9.8339408365e-01,9.9279223958e-01
0.9550,0.9750,9.9349902808e-01,9.9425614716e-01,9.9624241736e-01,9.9550864013e-01,9.8490218515e-01,9.9347437619e-01
0.9550,0.9850,9.9328904002e-01,9.9409922766e-01,9.9628560227e-01,9.9553943499e-01,9.8441859393e-01,9.9329770687e-01
0.9550,0.9950,9.9224486834e-01,9.9320279952e-01,9.9583121473e-01,9.9497765020e-01,9.8199611874e-01,9.9228089221e-01
0.9650,0.9650,9.9480899433e-01,9.9539214896e-01,9.9687759414e-01,9.9628309658e-01,9.8794237792e-01,9.9476367319e-01
0.9650,0.9750,9.9588282473e-01,9.9635421025e-01,9.9757535972e-01,9.9710725249e-01,9.9043876880e-01,9.9585734480e-01
0.9650,0.9850,9.9609606844e-01,9.9655936529e-01,9.9779505253e-01,9.9735762057e-01,9.9093660104e-01,9.9609133556e-01
0.9650,0.9950,9.9547148231e-01,9.9602392447e-01,9.9752825485e-01,9.9702682286e-01,9.8948834353e-01,9.9548394520e-01
0.9750,0.9750,9.9738059328e-01,9.9767888490e-01,9.9844886863e-01,9.9815033792e-01,9.9391743885e-01,9.9736238232e-01
0.9750,0.9850,9.9801480939e-01,9.9824608867e-01,9.9885463124e-01,9.9863041530e-01,9.9539117006e-01,9.9800718579e-01
0.9750,0.9950,9.9780792370e-01,9.9807184828e-01,9.9878432108e-01,9.9854012325e-01,9.9491208295e-01,9.9780968830e-01
0.9850,0.9850,9.9906740685e-01,9.9917501557e-01,9.9945612655e-01,9.9935036473e-01,9.9783489752e-01,9.9906256516e-01
0.9850,0.9950,9.9927599860e-01,9.9936188895e-01,9.9959131441e-01,9.9951013466e-01,9.9831954674e-01,9.9927503537e-01
0.9950,0.9950,9.9989752528e-01,9.9990950183e-01,9.9994112494e-01,9.9992956184e-01,9.9976213287e-01,9.9989717191e-01
