# Comparison with the Planck PR4 binned bispectrum shape (O. H. E. Philcox, arXiv:2603.17004): coarse pass of the scan, step 0.1.
# fnl_hat, sigma_fnl: amplitude and error of the template normalised to 1 at k1 = k2 = k3 (inverse-covariance estimator);
# snr = fnl_hat/sigma_fnl; S11_reduced = S^(n)(k,k,k) Delta_zeta / c_n, so that f_NL/c_n = (10/9) S11_reduced / Delta_zeta.
lambda,mu_eff,channel,fnl_hat,sigma_fnl,snr,S11_reduced
0.100,1.000,0,16.567702,32.317419,0.51265548,0.017748642
0.100,1.100,0,16.55558,32.308124,0.51242775,0.017712447
0.100,1.200,0,16.544574,32.296739,0.51226761,0.017682701
0.100,1.300,0,16.535612,32.284258,0.51218808,0.017659306
0.100,1.400,0,16.529212,32.271614,0.51219044,0.017641839
0.100,1.500,0,16.52548,32.259588,0.51226569,0.017629655
0.100,1.600,0,16.524186,32.24876,0.51239756,0.017621988
0.100,1.700,0,16.524875,32.239496,0.51256619,0.017618035
0.100,1.800,0,16.526989,32.231968,0.51275146,0.017617014
0.100,1.900,0,16.529956,32.226185,0.51293556,0.017618203
0.100,2.000,0,16.533268,32.222031,0.51310446,0.017620971
0.100,2.100,0,16.536517,32.219314,0.51324858,0.017624784
0.100,2.200,0,16.539415,32.217794,0.51336275,0.017629209
0.100,2.300,0,16.541793,32.217223,0.51344563,0.017633907
0.100,2.400,0,16.54358,32.217361,0.51349893,0.017638626
0.100,2.500,0,16.54479,32.217991,0.51352644,0.017643185
0.100,2.600,0,16.545489,32.218931,0.51353316,0.017647465
0.100,2.700,0,16.545775,32.220034,0.51352445,0.017651395
0.100,2.800,0,16.545755,32.221188,0.51350544,0.017654939
0.100,2.900,0,16.545532,32.222313,0.51348057,0.017658092
0.100,3.000,0,16.545191,32.223355,0.51345341,0.017660865
0.100,3.100,0,16.544803,32.224283,0.51342656,0.017663281
0.100,3.200,0,16.544415,32.225083,0.51340178,0.017665374
0.100,3.300,0,16.54406,32.225754,0.51338006,0.017667177
0.100,3.400,0,16.543754,32.226301,0.51336186,0.017668726
0.100,3.500,0,16.543504,32.226737,0.51334718,0.017670056
0.100,3.600,0,16.543311,32.227075,0.51333579,0.017671199
0.100,3.700,0,16.543167,32.22733,0.51332727,0.017672183
0.100,3.800,0,16.543066,32.227517,0.51332116,0.017673034
0.100,3.900,0,16.543,32.22765,0.51331697,0.017673773
0.100,4.000,0,16.542959,32.227741,0.51331426,0.01767442
0.200,1.000,0,16.641079,32.585971,0.51068233,0.01793602
0.200,1.100,0,16.593174,32.550511,0.50976691,0.017797179
0.200,1.200,0,16.549296,32.506388,0.50910904,0.017681646
0.200,1.300,0,16.513263,32.457305,0.50876878,0.017589732
0.200,1.400,0,16.487315,32.406966,0.50875838,0.017520331
0.200,1.500,0,16.472031,32.358614,0.50904626,0.017471337
0.200,1.600,0,16.466591,32.314745,0.50956896,0.017440035
0.200,1.700,0,16.469222,32.276998,0.51024639,0.017423443
0.200,1.800,0,16.477678,32.246186,0.51099618,0.017418576
0.200,1.900,0,16.489654,32.222422,0.5117447,0.017422634
0.200,2.000,0,16.503076,32.205288,0.51243373,0.017433126
0.200,2.100,0,16.516283,32.194018,0.51302334,0.017447925
0.200,2.200,0,16.528094,32.187655,0.51349171,0.017465291
0.200,2.300,0,16.537806,32.185181,0.51383292,0.017483855
0.200,2.400,0,16.545132,32.185616,0.51405359,0.017502585
0.200,2.500,0,16.550113,32.18808,0.51416901,0.017520741
0.200,2.600,0,16.553017,32.191825,0.5141994,0.017537829
0.200,2.700,0,16.554234,32.196249,0.51416656,0.017553547
0.200,2.800,0,16.5542,32.200894,0.51409133,0.017567748
0.200,2.900,0,16.553328,32.205431,0.51399183,0.017580393
0.200,3.000,0,16.551974,32.209642,0.51388258,0.017591523
0.200,3.100,0,16.550416,32.213399,0.51377428,0.017601231
0.200,3.200,0,16.548855,32.216642,0.5136741,0.01760964
0.200,3.300,0,16.547419,32.219362,0.51358619,0.017616889
0.200,3.400,0,16.546182,32.221583,0.51351238,0.017623119
0.200,3.500,0,16.54517,32.223352,0.5134528,0.017628468
0.200,3.600,0,16.544383,32.224725,0.5134065,0.017633062
0.200,3.700,0,16.5438,32.225764,0.51337185,0.017637018
0.200,3.800,0,16.543389,32.226528,0.51334694,0.017640437
0.200,3.900,0,16.543117,32.22707,0.51332985,0.017643407
0.200,4.000,0,16.54295,32.227441,0.51331875,0.017646004
0.300,1.000,0,16.760709,33.034537,0.50736928,0.018222548
0.300,1.100,0,16.654754,32.959955,0.50530269,0.017932799
0.300,1.200,0,16.556521,32.865477,0.50376635,0.017686387
0.300,1.300,0,16.474804,32.758147,0.50292233,0.017486404
0.300,1.400,0,16.415178,32.645925,0.50282473,0.017332503
0.300,1.500,0,16.379495,32.536376,0.503421,0.017221676
0.300,1.600,0,16.366285,32.4357,0.50457627,0.017149112
0.300,1.700,0,16.371722,32.348206,0.50610913,0.017108999
0.300,1.800,0,16.390757,32.276226,0.50782755,0.017095195
0.300,1.900,0,16.418104,32.220346,0.50955704,0.017101733
0.300,2.000,0,16.448969,32.179794,0.51115832,0.017123161
0.300,2.100,0,16.479484,32.152893,0.51253505,0.017154745
0.300,2.200,0,16.506886,32.137462,0.51363377,0.017192547
0.300,2.300,0,16.529512,32.131151,0.51443883,0.017233431
0.300,2.400,0,16.546668,32.131681,0.51496428,0.017275006
0.300,2.500,0,16.558422,32.136996,0.51524485,0.017315537
0.300,2.600,0,16.565366,32.145353,0.51532694,0.017353845
0.300,2.700,0,16.568393,32.155347,0.51526089,0.017389202
0.300,2.800,0,16.568494,32.165906,0.5150949,0.017421226
0.300,2.900,0,16.566626,32.176262,0.51487106,0.017449799
0.300,3.000,0,16.563608,32.1859,0.51462313,0.017474989
0.300,3.100,0,16.56009,32.194517,0.51437611,0.017496986
0.300,3.200,0,16.556539,32.201969,0.51414678,0.017516057
0.300,3.300,0,16.553258,32.208228,0.513945,0.017532505
0.300,3.400,0,16.550419,32.213349,0.51377518,0.017546644
0.300,3.500,0,16.548092,32.217432,0.51363784,0.017558783
0.300,3.600,0,16.546277,32.220607,0.51353087,0.017569209
0.300,3.700,0,16.544927,32.223012,0.51345066,0.017578182
0.300,3.800,0,16.543974,32.224783,0.51339288,0.017585934
0.300,3.900,0,16.54334,32.226045,0.51335311,0.017592663
0.300,4.000,0,16.542949,32.226909,0.5133272,0.017598542
0.400,1.000,0,16.922889,33.670922,0.50259653,0.018560535
0.400,1.100,0,16.737853,33.546685,0.49894208,0.018102819
0.400,1.200,0,16.564215,33.388472,0.49610582,0.017700387
0.400,1.300,0,16.417531,33.204944,0.4944303,0.017363928
0.400,1.400,0,16.308684,33.008437,0.49407623,0.017097739
0.400,1.500,0,16.242189,32.812393,0.49500165,0.016900627
0.400,1.600,0,16.216361,32.628923,0.49699344,0.016767257
0.400,1.700,0,16.224853,32.46715,0.49973136,0.016689604
0.400,1.800,0,16.25872,32.332531,0.50285949,0.01665827
0.400,1.900,0,16.30835,32.227017,0.5060459,0.016663556
0.400,2.000,0,16.364903,32.14974,0.50902131,0.016696237
0.400,2.100,0,16.421179,32.097882,0.51159697,0.016748061
0.400,2.200,0,16.471998,32.067525,0.51366602,0.016812016
0.400,2.300,0,16.514203,32.054339,0.51519401,0.016882408
0.400,2.400,0,16.546431,32.054079,0.51620358,0.016954824
0.400,2.500,0,16.568732,32.062908,0.51675701,0.017026013
0.400,2.600,0,16.582146,32.07756,0.51693912,0.017093719
0.400,2.700,0,16.588274,32.095407,0.51684263,0.017156507
0.400,2.800,0,16.588929,32.114439,0.51655673,0.017213591
0.400,2.900,0,16.58586,32.133209,0.51615947,0.017264673
0.400,3.000,0,16.580585,32.15075,0.51571379,0.017309809
0.400,3.100,0,16.574308,32.166481,0.51526643,0.017349291
0.400,3.200,0,16.567903,32.180119,0.51484901,0.017383562
0.400,3.300,0,16.561945,32.191602,0.5144803,0.017413145
0.400,3.400,0,16.556763,32.201014,0.51416899,0.017438587
0.400,3.500,0,16.552497,32.208535,0.51391648,0.017460431
0.400,3.600,0,16.549156,32.214396,0.51371926,0.017479188
0.400,3.700,0,16.546663,32.218846,0.51357094,0.017495324
0.400,3.800,0,16.544896,32.22213,0.51346376,0.017509253
0.400,3.900,0,16.543714,32.224476,0.51338969,0.017521335
0.400,4.000,0,16.542979,32.226089,0.51334122,0.017531879
0.500,1.000,0,17.122043,34.520929,0.4959902,0.018867602
0.500,1.100,0,16.836815,34.331587,0.49041762,0.018269145
0.500,1.200,0,16.566969,34.097224,0.48587443,0.017716213
0.500,1.300,0,16.335475,33.822843,0.48297166,0.01723387
0.500,1.400,0,16.160403,33.522276,0.48207952,0.016837485
0.500,1.500,0,16.050874,33.21472,0.4832458,0.016533
0.500,1.600,0,16.00609,32.92017,0.48620922,0.016318442
0.500,1.700,0,16.017126,32.6554,0.49048935,0.016186025
0.500,1.800,0,16.070168,32.431617,0.49550932,0.016124334
0.500,1.900,0,16.149817,32.253939,0.50070837,0.01612026
0.500,2.000,0,16.241644,32.122231,0.50562005,0.016160515
0.500,2.100,0,16.333761,32.032575,0.50991097,0.016232687
0.500,2.200,0,16.417526,31.978833,0.51338728,0.016325885
0.500,2.300,0,16.487594,31.953948,0.51597988,0.016431042
0.500,2.400,0,16.541563,31.950899,0.51771824,0.016540977
0.500,2.500,0,16.57937,31.963293,0.51870029,0.016650282
0.500,2.600,0,16.602593,31.985682,0.51906328,0.016755123
0.500,2.700,0,16.613774,32.013672,0.51895872,0.016852981
0.500,2.800,0,16.615829,32.043903,0.51853323,0.016942399
0.500,2.900,0,16.611601,32.073948,0.51791569,0.017022731
0.500,3.000,0,16.603578,32.102172,0.51721043,0.017093929
0.500,3.100,0,16.59375,32.127586,0.51649538,0.017156356
0.500,3.200,0,16.583573,32.149694,0.51582367,0.017210635
0.500,3.300,0,16.574019,32.168361,0.51522733,0.017257541
0.500,3.400,0,16.565651,32.183704,0.51472171,0.017297909
0.500,3.500,0,16.558725,32.195998,0.51431003,0.017332575
0.500,3.600,0,16.553272,32.205603,0.51398734,0.017362336
0.500,3.700,0,16.549184,32.212915,0.51374375,0.017387923
0.500,3.800,0,16.54627,32.218328,0.513567,0.017409992
0.500,3.900,0,16.544309,32.222211,0.51344427,0.017429114
0.500,4.000,0,16.543081,32.22489,0.51336344,0.017445781
0.600,1.000,0,17.345894,35.648142,0.48658619,0.019017027
0.600,1.100,0,16.938111,35.358365,0.47904113,0.018360228
0.600,1.200,0,16.55172,35.026863,0.4725436,0.017704346
0.600,1.300,0,16.215862,34.645967,0.46804472,0.017095708
0.600,1.400,0,15.956859,34.223528,0.46625406,0.016568807
0.600,1.500,0,15.79068,33.780561,0.46744872,0.016144454
0.600,1.600,0,15.719282,33.344952,0.47141415,0.0158305
0.600,1.700,0,15.731749,32.943907,0.47753137,0.01562419
0.600,1.800,0,15.808671,32.598077,0.48495716,0.015515209
0.600,1.900,0,15.927323,32.318866,0.49281814,0.015488722
0.600,2.000,0,16.065904,32.108727,0.5003594,0.01552797
0.600,2.100,0,16.206197,31.963243,0.50702604,0.015616247
0.600,2.200,0,16.334796,31.873732,0.51248457,0.015738216
0.600,2.300,0,16.443273,31.82959,0.51660337,0.015880671
0.600,2.400,0,16.527673,31.819999,0.51941149,0.016032855
0.600,2.500,0,16.58763,31.835018,0.52104981,0.016186458
0.600,2.600,0,16.625331,31.866141,0.52172402,0.016335424
0.600,2.700,0,16.644488,31.906499,0.52166452,0.016475645
0.600,2.800,0,16.649444,31.950831,0.52109582,0.016604613
0.600,2.900,0,16.644492,31.995328,0.52021632,0.016721071
0.600,3.000,0,16.633423,32.037411,0.51918748,0.016824699
0.600,3.100,0,16.619296,32.075494,0.51813065,0.016915836
0.600,3.200,0,16.604381,32.108758,0.51712934,0.016995259
0.600,3.300,0,16.590206,32.136947,0.51623467,0.017063999
0.600,3.400,0,16.577684,32.160194,0.51547215,0.017123214
0.600,3.500,0,16.567245,32.17888,0.51484841,0.017174083
0.600,3.600,0,16.558976,32.193527,0.51435732,0.017217748
0.600,3.700,0,16.552739,32.204715,0.51398494,0.017255269
0.600,3.800,0,16.548265,32.21303,0.51371341,0.017287599
0.600,3.900,0,16.545232,32.219018,0.51352379,0.017315576
0.600,4.000,0,16.543312,32.223174,0.51339798,0.017339924
0.700,1.000,0,17.553201,37.186473,0.47203189,0.0188339
0.700,1.100,0,17.005358,36.716802,0.4631492,0.018261157
0.700,1.200,0,16.486838,36.240121,0.4549333,0.01760131
0.700,1.300,0,16.031011,35.724515,0.44873978,0.016925764
0.700,1.400,0,15.672581,35.159348,0.44575858,0.016295564
0.700,1.500,0,15.436721,34.557507,0.44669659,0.01575532
0.700,1.600,0,15.330991,33.950031,0.45157517,0.015331402
0.700,1.700,0,15.344077,33.375233,0.45974442,0.015033407
0.700,1.800,0,15.450756,32.867228,0.4700961,0.014857575
0.700,1.900,0,15.619463,32.44838,0.48136342,0.014790922
0.700,2.000,0,15.819008,32.127205,0.4923867,0.014815187
0.700,2.100,0,16.022911,31.900448,0.50227854,0.014910116
0.700,2.200,0,16.211427,31.757024,0.51048321,0.015055854
0.700,2.300,0,16.371918,31.681949,0.51675856,0.015234501
0.700,2.400,0,16.498191,31.659369,0.52111558,0.015430939
0.700,2.500,0,16.589281,31.674486,0.5237427,0.015633125
0.700,2.600,0,16.647996,31.714562,0.52493223,0.015832011
0.700,2.700,0,16.679451,31.769291,0.52501806,0.01602124
0.700,2.800,0,16.689786,31.83077,0.52432868,0.016196732
0.700,2.900,0,16.685156,31.893259,0.52315618,0.01635623
0.700,3.000,0,16.671068,31.95285,0.52173962,0.016498876
0.700,3.100,0,16.652015,32.007107,0.52025993,0.016624818
0.700,3.200,0,16.631371,32.054734,0.5188429,0.016734891
0.700,3.300,0,16.611447,32.095267,0.51756686,0.016830357
0.700,3.400,0,16.593651,32.128825,0.51647241,0.0169127
0.700,3.500,0,16.578688,32.1559,0.51557218,0.016983483
0.700,3.600,0,16.566746,32.177204,0.51485969,0.017044243
0.700,3.700,0,16.557673,32.193544,0.51431658,0.017096424
0.700,3.800,0,16.551118,32.205738,0.51391828,0.01714134
0.700,3.900,0,16.546635,32.214566,0.51363829,0.017180154
0.700,4.000,0,16.543765,32.22073,0.51345096,0.017213876
0.800,1.000,0,17.577521,39.384197,0.44630898,0.018102807
0.800,1.100,0,16.926524,38.581236,0.43872427,0.017810474
0.800,1.200,0,16.290177,37.855427,0.43032606,0.017300354
0.800,1.300,0,15.717581,37.142115,0.42317411,0.016665793
0.800,1.400,0,15.256142,36.396712,0.41916264,0.015997694
0.800,1.500,0,14.944482,35.607342,0.41970226,0.015372089
0.800,1.600,0,14.800671,34.795683,0.42535942,0.014843378
0.800,1.700,0,14.816594,34.006153,0.43570334,0.014442902
0.800,1.800,0,14.962195,33.288385,0.44947194,0.014181411
0.800,1.900,0,15.195855,32.681362,0.46497007,0.014053703
0.800,2.000,0,15.474819,32.205255,0.48050604,0.014043904
0.800,2.100,0,15.762158,31.861473,0.49470902,0.014130341
0.800,2.200,0,16.030003,31.637654,0.50667483,0.014289452
0.800,2.300,0,16.260197,31.513857,0.51596974,0.014498563
0.800,2.400,0,16.44347,31.467732,0.52255021,0.014737606
0.800,2.500,0,16.577844,31.477915,0.52664999,0.014989978
0.800,2.600,0,16.666689,31.525847,0.52866744,0.015242762
0.800,2.700,0,16.716748,31.596457,0.52907033,0.015486543
0.800,2.800,0,16.736356,31.67817,0.52832458,0.015714985
0.800,2.900,0,16.734029,31.762561,0.5268476,0.015924294
0.800,3.000,0,16.717491,31.84386,0.52498318,0.016112674
0.800,3.100,0,16.693129,31.918426,0.52299349,0.016279812
0.800,3.200,0,16.665805,31.984261,0.5210627,0.016426433
0.800,3.300,0,16.638909,32.040568,0.51930756,0.016553939
0.800,3.400,0,16.614562,32.087397,0.51779089,0.016664114
0.800,3.500,0,16.593874,32.125345,0.51653528,0.016758913
0.800,3.600,0,16.577215,32.155333,0.5155355,0.016840307
0.800,3.700,0,16.564454,32.178437,0.51476877,0.01691018
0.800,3.800,0,16.555154,32.195766,0.51420285,0.016970265
0.800,3.900,0,16.548733,32.208382,0.51380205,0.01702211
0.800,4.000,0,16.544571,32.217252,0.5135314,0.017067068
0.900,1.000,0,16.673965,42.55394,0.39183129,0.016591994
0.900,1.100,0,16.305919,41.245091,0.39534206,0.016809138
0.900,1.200,0,15.723043,40.090356,0.39219015,0.016649295
0.900,1.300,0,15.116915,39.049681,0.38712008,0.01621439
0.900,1.400,0,14.594128,38.043558,0.38361626,0.015620292
0.900,1.500,0,14.227048,37.01688,0.38433948,0.014977022
0.900,1.600,0,14.057149,35.960878,0.39090117,0.014374639
0.900,1.700,0,14.088557,34.911273,0.40355323,0.013876148
0.900,1.800,0,14.29072,33.928858,0.42119662,0.013516726
0.900,1.900,0,14.612057,33.073461,0.4418061,0.013307384
0.900,2.000,0,14.99621,32.384388,0.46306912,0.013240908
0.900,2.100,0,15.393513,31.873886,0.48295063,0.013298288
0.900,2.200,0,15.766177,31.531332,0.50001621,0.01345446
0.900,2.300,0,16.089256,31.332011,0.51350858,0.013682786
0.900,2.400,0,16.349554,31.245553,0.52326019,0.013958122
0.900,2.500,0,16.543598,31.241856,0.52953314,0.014258646
0.900,2.600,0,16.675202,31.294366,0.53284997,0.014566682
0.900,2.700,0,16.752931,31.381401,0.53384905,0.014868829
0.900,2.800,0,16.78775,31.486269,0.53317686,0.015155643
0.900,2.900,0,16.791103,31.596797,0.53141789,0.015421081
0.900,3.000,0,16.773547,31.704608,0.52905706,0.015661856
0.900,3.100,0,16.743943,31.804355,0.52646697,0.015876787
0.900,3.200,0,16.709142,31.893018,0.52391222,0.016066218
0.900,3.300,0,16.674011,31.969282,0.52156352,0.016231521
0.900,3.400,0,16.641674,32.033033,0.51951605,0.016374696
0.900,3.500,0,16.613852,32.084945,0.51780833,0.016498066
0.900,3.600,0,16.591213,32.12617,0.51643919,0.01660405
0.900,3.700,0,16.573703,32.158091,0.51538205,0.016695012
0.900,3.800,0,16.560819,32.182166,0.51459616,0.016773162
0.900,3.900,0,16.551827,32.199804,0.51403504,0.016840494
0.900,4.000,0,16.545921,32.212298,0.51365231,0.016898766
1.000,1.000,0,11.419937,45.680132,0.24999789,0.014096377
1.000,1.100,0,13.555964,44.849054,0.30225751,0.015046398
1.000,1.200,0,13.989832,43.259247,0.32339518,0.015460886
1.000,1.300,0,13.781091,41.710573,0.33039802,0.015425807
1.000,1.400,0,13.40769,40.289276,0.33278559,0.01506561
1.000,1.500,0,13.095854,38.923876,0.33644784,0.01451758
1.000,1.600,0,12.962839,37.556902,0.34515197,0.013909216
1.000,1.700,0,13.053194,36.190177,0.36068333,0.013342751
1.000,1.800,0,13.350898,34.879406,0.38277309,0.012888033
1.000,1.900,0,13.799512,33.702787,0.4094472,0.012582628
1.000,2.000,0,14.328541,32.725818,0.43783598,0.012436775
1.000,2.100,0,14.87366,31.980657,0.46508301,0.012440645
1.000,2.200,0,15.385822,31.464479,0.48899019,0.012571867
1.000,2.300,0,15.832612,31.149681,0.50827524,0.012802053
1.000,2.400,0,16.196492,30.996705,0.52252303,0.013101744
1.000,2.500,0,16.472208,30.964079,0.53197798,0.013443695
1.000,2.600,0,16.663918,31.014339,0.53729722,0.013804731
1.000,2.700,0,16.782182,31.116595,0.5393322,0.014166499
1.000,2.800,0,16.841041,31.246989,0.53896525,0.01451546
1.000,2.900,0,16.855512,31.388086,0.53700352,0.014842434
1.000,3.000,0,16.839714,31.527837,0.53412207,0.015141903
1.000,3.100,0,16.805707,31.658477,0.53084382,0.01541125
1.000,3.200,0,16.76298,31.775508,0.52754406,0.015650027
1.000,3.300,0,16.718408,31.876822,0.52446911,0.015859305
1.000,3.400,0,16.676525,31.962,0.52176099,0.016041136
1.000,3.500,0,16.639939,32.031736,0.51948291,0.016198129
1.000,3.600,0,16.609802,32.08741,0.51764234,0.016333134
1.000,3.700,0,16.586236,32.130762,0.51621048,0.016449017
1.000,3.800,0,16.568708,32.163652,0.51513765,0.016548505
1.000,3.900,0,16.556332,32.187913,0.51436489,0.016634102
1.000,4.000,0,16.548088,32.205238,0.5138322,0.016708033
1.100,1.000,0,-3.4044144,37.704679,-0.090291565,0.010497734
1.100,1.100,0,3.2520465,45.99182,0.070709238,0.012344696
1.100,1.200,0,8.2077665,47.003601,0.17461995,0.013540316
1.100,1.300,0,10.272149,45.409008,0.22621391,0.014121502
1.100,1.400,0,10.919704,43.445345,0.25134347,0.014192615
1.100,1.500,0,11.089551,41.565367,0.26679786,0.013898825
1.100,1.600,0,11.219677,39.759519,0.28218846,0.013396581
1.100,1.700,0,11.50299,37.984872,0.30283083,0.012828402
1.100,1.800,0,11.990515,36.264175,0.33064355,0.012306325
1.100,1.900,0,12.644324,34.677808,0.36462294,0.011905004
1.100,2.000,0,13.386502,33.318157,0.40177799,0.011662838
1.100,2.100,0,14.138518,32.247306,0.43844028,0.011588264
1.100,2.200,0,14.84029,31.48008,0.47141842,0.011668283
1.100,2.300,0,15.453046,30.990936,0.49863117,0.011877002
1.100,2.400,0,15.956044,30.731179,0.51921354,0.012182825
1.100,2.500,0,16.342873,30.645123,0.53329442,0.012553761
1.100,2.600,0,16.618297,30.680579,0.54165525,0.012960835
1.100,2.700,0,16.795112,30.793827,0.54540515,0.013379907
1.100,2.800,0,16.890886,30.950898,0.54573171,0.013792302
1.100,2.900,0,16.924898,31.126907,0.54373851,0.014184656
1.100,3.000,0,16.915677,31.304604,0.54035749,0.014548293
1.100,3.100,0,16.879374,31.472777,0.53631664,0.014878401
1.100,3.200,0,16.828939,31.624789,0.53214393,0.015173161
1.100,3.300,0,16.773961,31.757345,0.52819154,0.01543293
1.100,3.400,0,16.720932,31.869495,0.52466887,0.015659541
1.100,3.500,0,16.673757,31.961859,0.52167669,0.015855736
1.100,3.600,0,16.634331,32.036028,0.51923826,0.016024721
1.100,3.700,0,16.603113,32.094127,0.51732558,0.016169848
1.100,3.800,0,16.579614,32.138491,0.51588029,0.016294395
1.100,3.900,0,16.562811,32.171451,0.51482947,0.016401418
1.100,4.000,0,16.551452,32.195191,0.51409703,0.016493677
1.200,1.000,0,-5.7272612,14.71253,-0.38927779,0.0058363582
1.200,1.100,0,-9.2520591,29.941467,-0.30900487,0.0086218181
1.200,1.200,0,-6.6825835,43.987538,-0.15191993,0.010731915
1.200,1.300,0,0.17561769,48.715652,0.0036049542,0.012119051
1.200,1.400,0,4.7354117,47.671854,0.099333492,0.012829472
1.200,1.500,0,6.9284109,45.303475,0.15293332,0.012983483
1.200,1.600,0,8.0943777,42.867337,0.1888239,0.012744272
1.200,1.700,0,8.9838142,40.52068,0.22170936,0.01228457
1.200,1.800,0,9.9088225,38.263616,0.258962,0.011759061
1.200,1.900,0,10.939212,36.151158,0.30259646,0.011287021
1.200,2.000,0,12.02563,34.28836,0.35072049,0.01094583
1.200,2.100,0,13.086979,32.771816,0.3993364,0.010773218
1.200,2.200,0,14.057499,31.646168,0.44420857,0.010774877
1.200,2.300,0,14.897583,30.897103,0.48216764,0.010934196
1.200,2.400,0,15.588431,30.469452,0.51160852,0.011221681
1.200,2.500,0,16.125858,30.290915,0.53236616,0.011602703
1.200,2.600,0,16.516841,30.289857,0.54529281,0.012043052
1.200,2.700,0,16.777092,30.404749,0.55179184,0.012512388
1.200,2.800,0,16.928214,30.587284,0.5534396,0.012985969
1.200,2.900,0,16.994449,30.801932,0.55173323,0.013445127
1.200,3.000,0,16.999675,31.023994,0.54795249,0.013876928
1.200,3.100,0,16.965182,31.23731,0.54310636,0.014273402
1.200,3.200,0,16.908424,31.432148,0.53793411,0.014630581
1.200,3.300,0,16.842622,31.603437,0.5329364,0.014947524
1.200,3.400,0,16.776978,31.749371,0.52841922,0.015225436
1.200,3.500,0,16.717252,31.87033,0.52453964,0.015466925
1.200,3.600,0,16.666478,31.968071,0.52134762,0.015675406
1.200,3.700,0,16.625689,32.045123,0.5188212,0.015854654
1.200,3.800,0,16.594575,32.104363,0.5168947,0.016008488
1.200,3.900,0,16.572021,32.148709,0.51548015,0.016140554
1.200,4.000,0,16.556538,32.180935,0.51448282,0.016254201
1.300,1.000,0,-0.29268773,0.60767467,-0.48165201,0.00038620967
1.300,1.100,0,-4.3614084,8.8249768,-0.49421188,0.0039644875
1.300,1.200,0,-10.832372,22.538478,-0.48061683,0.0069831664
1.300,1.300,0,-15.343159,39.765574,-0.38584025,0.0092804282
1.300,1.400,0,-10.452228,49.608372,-0.21069485,0.010803579
1.300,1.500,0,-3.0957641,50.01248,-0.061899832,0.011605097
1.300,1.600,0,1.5528126,47.296768,0.032831263,0.011818263
1.300,1.700,0,4.3615685,44.178645,0.098725719,0.011621218
1.300,1.800,0,6.4341299,41.167984,0.15628965,0.01119986
1.300,1.900,0,8.2642047,38.350306,0.21549253,0.010718104
1.300,2.000,0,9.9760962,35.820627,0.27850144,0.010299941
1.300,2.100,0,11.544579,33.699137,0.34257787,0.010023514
1.300,2.200,0,12.923037,32.068011,0.40298841,0.009924529
1.300,2.300,0,14.088025,30.936447,0.45538601,0.010005155
1.300,2.400,0,15.037264,30.249378,0.49710984,0.010244846
1.300,2.500,0,15.779149,29.917125,0.52742864,0.010610526
1.300,2.600,0,16.328427,29.843321,0.54713839,0.011064757
1.300,2.700,0,16.705996,29.942004,0.55794515,0.011571441
1.300,2.800,0,16.938379,30.144499,0.56190613,0.012099234
1.300,2.900,0,17.055481,30.399931,0.56103681,0.012623129
1.300,3.000,0,17.087474,30.672818,0.55708851,0.013124741
1.300,3.100,0,17.061981,30.939825,0.55145693,0.01359179
1.300,3.200,0,17.00222,31.186705,0.54517526,0.014017168
1.300,3.300,0,16.926226,31.405749,0.53895313,0.014397844
1.300,3.400,0,16.846918,31.593799,0.53323495,0.01473381
1.300,3.500,0,16.772692,31.750745,0.52826137,0.015027132
1.300,3.600,0,16.708283,31.878409,0.52412538,0.015281179
1.300,3.700,0,16.655672,31.979731,0.52081964,0.01550001
1.300,3.800,0,16.614935,32.058187,0.51827432,0.01568793
1.300,3.900,0,16.584969,32.117384,0.51638605,0.015849181
1.300,4.000,0,16.564064,32.160796,0.51503898,0.015987736
1.400,1.000,0,2.8532036,5.6662466,0.50354385,-0.0052736145
1.400,1.100,0,0.98939199,1.8495368,0.53494042,-0.0012945098
1.400,1.200,0,-2.7933977,4.8777174,-0.57268542,0.002420194
1.400,1.300,0,-10.137744,16.626158,-0.60974665,0.0055777196
1.400,1.400,0,-20.576599,34.335924,-0.59927321,0.0079912052
1.400,1.500,0,-22.672117,49.318443,-0.45970869,0.0095989577
1.400,1.600,0,-13.728484,52.368834,-0.2621499,0.010456567
1.400,1.700,0,-5.5218002,49.435923,-0.11169611,0.010707303
1.400,1.800,0,-0.15322533,45.471268,-0.0033697174,0.010541183
1.400,1.900,0,3.6529532,41.649455,0.087707106,0.010154221
1.400,2.000,0,6.673565,38.197585,0.1747117,0.0097167643
1.400,2.100,0,9.1761607,35.246251,0.2603443,0.0093551747
1.400,2.200,0,11.236368,32.906398,0.34146453,0.0091466065
1.400,2.300,0,12.900409,31.218492,0.41322973,0.0091235986
1.400,2.400,0,14.220165,30.136819,0.47185356,0.0092841928
1.400,2.500,0,15.243549,29.556277,0.51574659,0.0096037251
1.400,2.600,0,16.00886,29.350705,0.54543358,0.010045641
1.400,2.700,0,16.549266,29.40136,0.56287416,0.010569963
1.400,2.800,0,16.898623,29.610782,0.57069156,0.011139047
1.400,2.900,0,17.093373,29.905863,0.57157262,0.011720889
1.400,3.000,0,17.170828,30.235332,0.56790606,0.012290518
1.400,3.100,0,17.166154,30.565321,0.56162191,0.012830078
1.400,3.200,0,17.109796,30.874932,0.55416467,0.013328123
1.400,3.300,0,17.026088,31.152524,0.54653959,0.013778518
1.400,3.400,0,16.932984,31.392846,0.5393899,0.014179238
1.400,3.500,0,16.842597,31.594904,0.53307954,0.014531226
1.400,3.600,0,16.762165,31.760418,0.52776903,0.014837404
1.400,3.700,0,16.695167,31.892706,0.52347915,0.015101871
1.400,3.800,0,16.642408,31.9959,0.52014189,0.01532929
1.400,3.900,0,16.602971,32.074396,0.5176394,0.015524452
1.400,4.000,0,16.574992,32.132497,0.51583266,0.015691969
1.500,1.000,0,4.162166,8.2633878,0.50368761,-0.010194539
1.500,1.100,0,3.5372554,6.5692435,0.53845704,-0.0065027167
1.500,1.200,0,1.9918013,3.4280433,0.58103155,-0.0025731955
1.500,1.300,0,-1.3920785,2.1855884,-0.63693534,0.0011703882
1.500,1.400,0,-8.6453972,12.171122,-0.71032047,0.0043847193
1.500,1.500,0,-22.406646,28.798976,-0.77803621,0.0068528581
1.500,1.600,0,-34.586816,47.63914,-0.72601681,0.008500834
1.500,1.700,0,-27.613483,54.629275,-0.50547043,0.0093846478
1.500,1.800,0,-14.682615,51.723023,-0.28387001,0.0096548399
1.500,1.900,0,-5.4589831,46.698162,-0.11689931,0.00951046
1.500,2.000,0,0.7685625,41.898408,0.018343477,0.0091548174
1.500,2.100,0,5.2547955,37.756604,0.13917553,0.0087621335
1.500,2.200,0,8.6014254,34.409467,0.24997265,0.0084590711
1.500,2.300,0,11.115435,31.915942,0.3482722,0.0083203028
1.500,2.400,0,13.007999,30.241775,0.43013344,0.0083742855
1.500,2.500,0,14.43403,29.269024,0.49315038,0.0086145083
1.500,2.600,0,15.496261,28.837412,0.53736655,0.0090121324
1.500,2.700,0,16.260294,28.785602,0.56487595,0.0095273046
1.500,2.800,0,16.774794,28.976024,0.57891979,0.010117813
1.500,2.900,0,17.084707,29.303372,0.58302868,0.01074481
1.500,3.000,0,17.235184,29.69307,0.58044465,0.011375951
1.500,3.100,0,17.269942,30.095581,0.57383647,0.011986574
1.500,3.200,0,17.228182,30.480085,0.56522749,0.01255956
1.500,3.300,0,17.1423,30.829034,0.55604403,0.013084433
1.500,3.400,0,17.036997,31.133947,0.5472161,0.013556115
1.500,3.500,0,16.92956,31.392348,0.5392894,0.013973623
1.500,3.600,0,16.830867,31.605573,0.53252845,0.014338849
1.500,3.700,0,16.746704,31.777239,0.52700312,0.014655546
1.500,3.800,0,16.679133,31.912169,0.52265746,0.014928501
1.500,3.900,0,16.627727,32.015657,0.51936235,0.015162937
1.500,4.000,0,16.590601,32.092977,0.51695425,0.015364071
1.600,1.000,0,4.2876548,8.7232278,0.49152159,-0.012999533
1.600,1.100,0,4.4100658,8.3305094,0.52938728,-0.01062112
1.600,1.200,0,4.0291225,7.0485615,0.57162337,-0.00727985
1.600,1.300,0,2.7740479,4.4499098,0.62339418,-0.0035138475
1.600,1.400,0,-0.20955455,0.30229682,-0.69320793,0.00017150751
1.600,1.500,0,-7.0036103,8.8316933,-0.79300878,0.0033756722
1.600,1.600,0,-21.953265,23.781119,-0.92313842,0.0058480235
1.600,1.700,0,-44.078673,44.632291,-0.98759602,0.0075000096
1.600,1.800,0,-44.927129,56.599393,-0.79377404,0.0083859696
1.600,1.900,0,-26.381678,54.137477,-0.48730897,0.0086614259
1.600,2.000,0,-11.494591,47.783271,-0.24055681,0.0085319495
1.600,2.100,0,-2.03889,41.833433,-0.048738291,0.0082056329
1.600,2.200,0,4.1252716,36.982135,0.11154769,0.0078583328
1.600,2.300,0,8.2891651,33.302982,0.24890159,0.0076152374
1.600,2.400,0,11.172469,30.743359,0.36341081,0.0075473169
1.600,2.500,0,13.220369,29.161608,0.45334842,0.0076782543
1.600,2.600,0,14.703652,28.356102,0.51853572,0.00799673
1.600,2.700,0,15.774071,28.11138,0.56112758,0.0084697853
1.600,2.800,0,16.517379,28.235211,0.58499223,0.0090545098
1.600,2.900,0,16.993491,28.576096,0.59467504,0.0097067833
1.600,3.000,0,17.256419,29.024965,0.59453712,0.010386889
1.600,3.100,0,17.358902,29.508724,0.58826341,0.011062441
1.600,3.200,0,17.350157,29.981537,0.57869471,0.011709324
1.600,3.300,0,17.272559,30.416865,0.56786125,0.012311323
1.600,3.400,0,17.159666,30.801244,0.55710953,0.012859039
1.600,3.500,0,17.035881,31.129768,0.54725371,0.013348507
1.600,3.600,0,16.917304,31.402944,0.53871714,0.013779791
1.600,3.700,0,16.813211,31.624524,0.53165102,0.014155719
1.600,3.800,0,16.72772,31.800035,0.52602835,0.01448083
1.600,3.900,0,16.661385,31.935772,0.52171542,0.014760557
1.600,4.000,0,16.612559,32.03814,0.51852444,0.015000622
1.700,1.000,0,3.3609571,7.2481259,0.46370016,-0.011823001
1.700,1.100,0,4.1338192,8.1049567,0.51003594,-0.012161968
1.700,1.200,0,4.5166465,8.1348929,0.55521893,-0.010580038
1.700,1.300,0,4.375944,7.2423128,0.60421913,-0.0077014091
1.700,1.400,0,3.3896547,5.1065418,0.66378674,-0.004183413
1.700,1.500,0,0.78189708,1.0499269,0.74471571,-0.00062221443
1.700,1.600,0,-5.4339979,6.2872692,-0.86428586,0.0025201608
1.700,1.700,0,-20.269615,19.467778,-1.0411879,0.0049574841
1.700,1.800,0,-49.741431,40.611359,-1.2248157,0.0065853998
1.700,1.900,0,-65.14143,57.964328,-1.1238193,0.0074551944
1.700,2.000,0,-41.070815,56.60976,-0.72550766,0.0077255485
1.700,2.100,0,-18.07403,48.609408,-0.37182164,0.0076064147
1.700,2.200,0,-4.5419504,41.362136,-0.10980938,0.0073084991
1.700,2.300,0,3.3814558,35.839294,0.094350513,0.0070073773
1.700,2.400,0,8.2428412,31.933244,0.25812728,0.0068252913
1.700,2.500,0,11.375837,29.412975,0.38676254,0.0068285489
1.700,2.600,0,13.502611,28.004914,0.4821515,0.0070355749
1.700,2.700,0,15.001292,27.42074,0.54707829,0.0074301337
1.700,2.800,0,16.057242,27.394809,0.58614177,0.007975294
1.700,2.900,0,16.766645,27.710536,0.60506389,0.0086253765
1.700,3.000,0,17.196446,28.208138,0.60962711,0.0093346884
1.700,3.100,0,17.408188,28.778924,0.60489365,0.010062965
1.700,3.200,0,17.461445,29.354039,0.59485663,0.010778052
1.700,3.300,0,17.410234,29.893063,0.5824172,0.011456581
1.700,3.400,0,17.299372,30.374745,0.56953143,0.012083379
1.700,3.500,0,17.162866,30.790256,0.55741225,0.012650201
1.700,3.600,0,17.024216,31.138543,0.54672486,0.01315422
1.700,3.700,0,16.89788,31.423213,0.53775151,0.013596541
1.700,3.800,0,16.791239,31.650454,0.53052127,0.01398089
1.700,3.900,0,16.706601,31.827665,0.52490814,0.014312551
1.700,4.000,0,16.643002,31.962555,0.5207031,0.014597541
1.800,1.000,0,1.077027,2.689715,0.40042419,-0.0042401025
1.800,1.100,0,2.6986134,5.7124034,0.47241296,-0.0091245345
1.800,1.200,0,3.8447787,7.261833,0.52945017,-0.010886398
1.800,1.300,0,4.5111046,7.7535222,0.58181359,-0.010201463
1.800,1.400,0,4.6127142,7.2424584,0.63689895,-0.0078579645
1.800,1.500,0,3.8809981,5.5195886,0.70313177,-0.0046446627
1.800,1.600,0,1.6238197,2.0473222,0.7931432,-0.001253858
1.800,1.700,0,-3.9889009,4.2992129,-0.9278212,0.0017892636
1.800,1.800,0,-18.014452,15.820491,-1.1386784,0.0041626071
1.800,1.900,0,-51.323043,36.003806,-1.4254894,0.0057458084
1.800,2.000,0,-86.395193,58.272331,-1.4826109,0.0065863424
1.800,2.100,0,-58.99576,58.974309,-1.0003637,0.0068446618
1.800,2.200,0,-24.813528,49.006549,-0.50633085,0.0067333211
1.800,2.300,0,-6.4890669,40.390393,-0.16065867,0.0064638025
1.800,2.400,0,3.0761448,34.310675,0.089655617,0.0062097998
1.800,2.500,0,8.4291122,30.321062,0.27799528,0.006089422
1.800,2.600,0,11.677304,27.955643,0.41770828,0.0061635938
1.800,2.700,0,13.816315,26.799584,0.51554216,0.0064451813
1.800,2.800,0,15.301228,26.483917,0.57775548,0.0069130513
1.800,2.900,0,16.329462,26.701772,0.61154973,0.0075265212
1.800,3.000,0,16.997861,27.220084,0.62446028,0.0082374611
1.800,3.100,0,17.377388,27.876632,0.62336756,0.0089989428
1.800,3.200,0,17.536492,28.567029,0.61387174,0.009770457
1.800,3.300,0,17.541293,29.229102,0.60013109,0.01052032
1.800,3.400,0,17.450124,29.829267,0.58500008,0.011226086
1.800,3.500,0,17.309587,30.352333,0.57028852,0.011873726
1.800,3.600,0,17.153482,30.794493,0.55703084,0.012456201
1.800,3.700,0,17.003851,31.158706,0.54571748,0.012971826
1.800,3.800,0,16.873116,31.451709,0.5364769,0.013422722
1.800,3.900,0,16.766549,31.682092,0.52921218,0.013813472
1.800,4.000,0,16.684603,31.859057,0.52370048,0.014150046
1.900,1.000,0,-2.135818,9.9725878,-0.21416889,0.01282475
1.900,1.100,0,-0.27919631,0.72415141,-0.38554963,0.0010808438
1.900,1.200,0,1.876353,3.8937924,0.48188316,-0.0060760889
1.900,1.300,0,3.444705,6.2582745,0.55042408,-0.0093383193
1.900,1.400,0,4.4183074,7.2479206,0.60959655,-0.0095996335
1.900,1.500,0,4.7672616,7.1150751,0.67002267,-0.007828644
1.900,1.600,0,4.2814857,5.7709446,0.74190379,-0.004952509
1.900,1.700,0,2.3548245,2.8054904,0.8393629,-0.0017613155
1.900,1.800,0,-2.661403,2.7002271,-0.98562192,0.0011573164
1.900,1.900,0,-15.5322,12.727746,-1.2203417,0.0034466249
1.900,2.000,0,-49.467791,31.201359,-1.5854371,0.0049708916
1.900,2.100,0,-105.04678,56.996075,-1.8430529,0.0057735484
1.900,2.200,0,-79.699629,60.894119,-1.3088231,0.0060158095
1.900,2.300,0,-31.062866,48.747855,-0.63721504,0.005911374
1.900,2.400,0,-7.6511219,38.837794,-0.19700197,0.0056709693
1.900,2.500,0,3.2007122,32.401949,0.098781469,0.0054650962
1.900,2.600,0,8.7826425,28.500031,0.30816256,0.005406803
1.900,2.700,0,12.020494,26.405851,0.45522086,0.0055511224
1.900,2.800,0,14.125195,25.57249,0.552359,0.0059052182
1.900,2.900,0,15.582381,25.563963,0.6095448,0.0064431806
1.900,3.000,0,16.57867,26.043535,0.63657528,0.0071208515
1.900,3.100,0,17.20404,26.769966,0.64266199,0.0078879874
1.900,3.200,0,17.532403,27.584219,0.63559542,0.0086967536
1.900,3.300,0,17.639531,28.389744,0.62133463,0.0095066762
1.900,3.400,0,17.598217,29.133115,0.60406232,0.010286755
1.900,3.500,0,17.47074,29.788703,0.58648877,0.011015605
1.900,3.600,0,17.304863,30.347927,0.57021567,0.011680425
1.900,3.700,0,17.133538,30.812234,0.55606282,0.012275401
1.900,3.800,0,16.976838,31.188653,0.54432738,0.012799982
1.900,3.900,0,16.844842,31.487018,0.53497737,0.013257269
1.900,4.000,0,16.740606,31.71824,0.52779114,0.013652646
2.000,1.000,0,13.108917,36.874413,0.35550172,0.043219884
2.000,1.100,0,-2.0778679,18.004691,-0.11540703,0.021730921
2.000,1.200,0,-1.7033498,4.6254012,-0.3682599,0.0065897687
2.000,1.300,0,0.93016114,1.8856555,0.49328265,-0.0028804347
2.000,1.400,0,2.9586051,5.1586242,0.573526,-0.0076556118
2.000,1.500,0,4.2608932,6.6698134,0.63883245,-0.0088690582
2.000,1.600,0,4.8628898,6.9098959,0.70375732,-0.0076789172
2.000,1.700,0,4.6179084,5.9180474,0.78030946,-0.0051526206
2.000,1.800,0,3.0071809,3.4026379,0.8837793,-0.0021763513
2.000,1.900,0,-1.4275123,1.3743075,-1.0387139,0.00060259902
2.000,2.000,0,-12.985815,10.072724,-1.2892059,0.0027951691
2.000,2.100,0,-45.179012,26.482181,-1.7060155,0.0042515986
2.000,2.200,0,-116.3213,53.727563,-2.165021,0.0050114459
2.000,2.300,0,-101.09934,61.7719,-1.6366559,0.0052359773
2.000,2.400,0,-35.9022,47.567419,-0.75476452,0.0051388551
2.000,2.500,0,-7.8851355,36.65726,-0.21510433,0.0049287923
2.000,2.600,0,3.6801217,30.143929,0.12208501,0.0047720441
2.000,2.700,0,9.2176638,26.513027,0.34766546,0.0047758977
2.000,2.800,0,12.349797,24.798714,0.49800152,0.0049891678
2.000,2.900,0,14.399242,24.347955,0.5913943,0.0054133029
2.000,3.000,0,15.829557,24.676052,0.6414947,0.0060178178
2.000,3.100,0,16.797038,25.428564,0.66055786,0.0067553933
2.000,3.200,0,17.381022,26.364118,0.65926809,0.0075740156
2.000,3.300,0,17.659512,27.331983,0.64611162,0.0084252587
2.000,3.400,0,17.716908,28.246491,0.62722509,0.0092689386
2.000,3.500,0,17.633042,29.064631,0.60668386,0.010074921
2.000,3.600,0,17.473773,29.769552,0.58696794,0.010822996
2.000,3.700,0,17.287373,30.359644,0.5694195,0.011501639
2.000,3.800,0,17.105315,30.841706,0.55461637,0.012106273
2.000,3.900,0,16.945268,31.226809,0.54265129,0.012637452
2.000,4.000,0,16.814765,31.527799,0.5333314,0.013099208
2.100,1.000,0,23.852433,37.211609,0.64099438,0.091727433
2.100,1.100,0,19.130338,40.357272,0.47402455,0.056919759
2.100,1.200,0,-0.3573743,25.583662,-0.013968849,0.030570017
2.100,1.300,0,-3.0727646,8.7304349,-0.35196008,0.012044088
2.100,1.400,0,-0.10169585,0.20024959,-0.50784547,0.00030091354
2.100,1.500,0,2.4116968,4.024983,0.59918185,-0.0059468842
2.100,1.600,0,4.0597935,6.0626703,0.66963784,-0.00808403
2.100,1.700,0,4.9195484,6.6649189,0.73812577,-0.0074605287
2.100,1.800,0,4.9119542,6.002086,0.8183745,-0.0052814487
2.100,1.900,0,3.6067649,3.8928922,0.92650007,-0.0025246074
2.100,2.000,0,-0.26171616,0.24065271,-1.0875263,0.00010737525
2.100,2.100,0,-10.447474,7.7557785,-1.3470568,0.0021963549
2.100,2.200,0,-39.418095,22.006032,-1.7912405,0.0035802929
2.100,2.300,0,-116.62087,48.449141,-2.4070782,0.0042953213
2.100,2.400,0,-118.4779,60.739018,-1.9506061,0.0045022758
2.100,2.500,0,-38.30292,45.216298,-0.84710428,0.0044138282
2.100,2.600,0,-7.1932604,33.853032,-0.21248497,0.0042356517
2.100,2.700,0,4.3845172,27.58998,0.15891701,0.0041289293
2.100,2.800,0,9.6428131,24.40761,0.39507404,0.0041946834
2.100,2.900,0,12.617598,23.167389,0.54462753,0.0044753386
2.100,3.000,0,14.616911,23.146784,0.63148778,0.0049667202
2.100,3.100,0,16.033486,23.832064,0.6727695,0.0056340301
2.100,3.200,0,16.980386,24.862732,0.68296539,0.0064271259
2.100,3.300,0,17.526909,26.004611,0.67399238,0.0072925642
2.100,3.400,0,17.758259,27.119754,0.654809,0.0081816239
2.100,3.500,0,17.769355,28.135903,0.63155445,0.009054639
2.100,3.600,0,17.64745,29.021745,0.60807679,0.0098824951
2.100,3.700,0,17.461514,29.769775,0.58655175,0.010646244
2.100,3.800,0,17.259623,30.385529,0.56802113,0.011335668
2.100,3.900,0,17.07118,30.881155,0.55280252,0.011947418
2.100,4.000,0,16.91112,31.271674,0.54078077,0.012483115
2.200,1.000,0,20.388713,31.451223,0.64826455,0.16427134
2.200,1.100,0,23.611642,36.36771,0.64924741,0.11172983
2.200,1.200,0,21.642141,41.19523,0.52535551,0.070180845
2.200,1.300,0,2.1176827,31.469085,0.067294067,0.039056378
2.200,1.400,0,-4.3306603,12.703865,-0.34089312,0.017258607
2.200,1.500,0,-1.1849508,2.2499614,-0.52665383,0.0033468436
2.200,1.600,0,1.8281332,2.9127768,0.62762556,-0.0042930218
2.200,1.700,0,3.8340422,5.4616929,0.70198789,-0.0073001075
2.200,1.800,0,4.9542394,6.408838,0.77303239,-0.0072126531
2.200,1.900,0,5.181066,6.052733,0.85598787,-0.0053670355
2.200,2.000,0,4.1736947,4.3142133,0.96742893,-0.0028261277
2.200,2.100,0,0.85755046,0.75747367,1.1321192,-0.00034241989
2.200,2.200,0,-7.9484627,5.698307,-1.3948814,0.0016406177
2.200,2.300,0,-32.937541,17.844034,-1.8458573,0.002950696
2.200,2.400,0,-105.97752,41.649778,-2.5444917,0.0036211353
2.200,2.500,0,-125.08288,56.923635,-2.1973805,0.0038120196
2.200,2.600,0,-37.507293,41.55764,-0.90253663,0.0037342598
2.200,2.700,0,-5.7461312,30.489011,-0.18846565,0.0035896642
2.200,2.800,0,5.1543188,24.809223,0.20775817,0.0035337099
2.200,2.900,0,9.974983,22.231378,0.44868936,0.0036608187
2.200,3.000,0,12.788622,21.541213,0.59368162,0.004006979
2.200,3.100,0,14.765469,21.985842,0.67158985,0.0045625696
2.200,3.200,0,16.190031,23.040724,0.70267021,0.0052887843
2.200,3.300,0,17.127371,24.349628,0.70339353,0.0061330073
2.200,3.400,0,17.641503,25.69197,0.68665437,0.007040697
2.200,3.500,0,17.829385,26.946385,0.66166147,0.0079631109
2.200,3.600,0,17.798529,28.056048,0.63439189,0.0088613015
2.200,3.700,0,17.643804,29.002268,0.60835944,0.0097073013
2.200,3.800,0,17.436667,29.787223,0.58537404,0.010483486
2.200,3.900,0,17.224261,30.423633,0.56614739,0.01118096
2.200,4.000,0,17.033414,30.928901,0.55072807,0.011797574
2.300,1.000,0,17.879086,28.151787,0.63509594,0.26818031
2.300,1.100,0,20.551712,31.348674,0.65558472,0.19245216
2.300,1.200,0,23.514307,36.038114,0.65248439,0.13077567
2.300,1.300,0,22.460187,41.380237,0.54277571,0.082670338
2.300,1.400,0,4.1483413,35.468643,0.11695799,0.046981047
2.300,1.500,0,-5.5119271,16.264872,-0.33888537,0.022101684
2.300,1.600,0,-2.292902,4.1655912,-0.55043856,0.0061726845
2.300,1.700,0,1.2298824,1.8666407,0.65887475,-0.0027504929
2.300,1.800,0,3.6003885,4.8936498,0.73572663,-0.0065565932
2.300,1.900,0,4.9811089,6.1626081,0.80827936,-0.0069636356
2.300,2.000,0,5.4389431,6.0911314,0.89292821,-0.0054301832
2.300,2.100,0,4.7230158,4.6933272,1.0063257,-0.0030961174
2.300,2.200,0,1.9462933,1.6601876,1.1723334,-0.00075765763
2.300,2.300,0,-5.5041006,3.8403955,-1.4332119,0.0011204301
2.300,2.400,0,-26.26532,14.012447,-1.8744277,0.0023577405
2.300,2.500,0,-87.988807,34.121762,-2.5786713,0.0029854739
2.300,2.600,0,-116.33911,50.073288,-2.3233767,0.0031627477
2.300,2.700,0,-33.480259,36.660811,-0.91324383,0.0030980892
2.300,2.800,0,-3.8508349,26.681795,-0.14432443,0.0029887837
2.300,2.900,0,5.8301097,21.87745,0.26648945,0.0029841346
2.300,3.000,0,10.148974,20.028155,0.50673536,0.003171766
2.300,3.100,0,12.841281,19.944671,0.64384519,0.0035812884
2.300,3.200,0,14.840007,20.878058,0.71079442,0.004197873
2.300,3.300,0,16.299015,22.307919,0.73063808,0.0049790396
2.300,3.400,0,17.238686,23.890921,0.72155806,0.0058700511
2.300,3.500,0,17.725867,25.425501,0.69716882,0.0068155829
2.300,3.600,0,17.874593,26.810015,0.66671328,0.0077671209
2.300,3.700,0,17.806841,28.004615,0.63585381,0.0086866098
2.300,3.800,0,17.624974,29.003857,0.60767691,0.0095473307
2.300,3.900,0,17.402157,29.819732,0.58357858,0.010333025
2.300,4.000,0,17.183891,30.472071,0.56392264,0.011036114
2.400,1.000,0,16.289567,26.127633,0.62346126,0.41251465
2.400,1.100,0,18.343417,28.371635,0.64654069,0.30686387
2.400,1.200,0,20.870663,31.516638,0.66221094,0.21897595
2.400,1.300,0,23.518475,36.068984,0.65204152,0.14848008
2.400,1.400,0,22.514918,41.542674,0.54197085,0.09415546
2.400,1.500,0,5.1744344,38.056268,0.13596799,0.054204321
2.400,1.600,0,-6.7071554,19.257192,-0.34829353,0.026488372
2.400,1.700,0,-3.4060457,5.8778772,-0.57946866,0.0087247226
2.400,1.800,0,0.63607399,0.91820425,0.69273692,-0.0013553959
2.400,1.900,0,3.3729792,4.3771822,0.77058232,-0.0058793681
2.400,2.000,0,5.0114798,5.9407261,0.84358034,-0.0067329091
2.400,2.100,0,5.6959036,6.1319713,0.92888622,-0.0054857228
2.400,2.200,0,5.2653424,5.0489615,1.0428565,-0.0033457677
2.400,2.300,0,3.0148892,2.4959689,1.2079033,-0.0011465407
2.400,2.400,0,-3.1252134,2.1370821,-1.462374,0.00062997979
2.400,2.500,0,-19.747587,10.498199,-1.8810452,0.001797389
2.400,2.600,0,-67.334665,26.608721,-2.5305487,0.0023854663
2.400,2.700,0,-94.667634,40.996666,-2.3091544,0.0025522139
2.400,2.800,0,-27.074544,30.82242,-0.87840423,0.0025032671
2.400,2.900,0,-1.8734929,22.579638,-0.082972671,0.0024308725
2.400,3.000,0,6.2776688,18.868229,0.33271108,0.0024778298
2.400,3.100,0,10.121793,17.835478,0.56750896,0.0027248851
2.400,3.200,0,12.766672,18.397077,0.69395111,0.0031954101
2.400,3.300,0,14.841781,19.832719,0.74834827,0.0038696547
2.400,3.400,0,16.363029,21.637099,0.75624874,0.0047018153
2.400,3.500,0,17.316416,23.486724,0.73728526,0.0056353791
2.400,3.600,0,17.782026,25.203586,0.70553555,0.0066145354
2.400,3.700,0,17.896377,26.708281,0.67006846,0.0075912223
2.400,3.800,0,17.797287,27.979077,0.63609272,0.0085284243
2.400,3.900,0,17.594134,29.024118,0.60619014,0.0094007493
2.400,4.000,0,17.36092,29.865191,0.58130953,0.010193327
2.500,1.000,0,15.194142,24.739696,0.61416042,0.60846807
2.500,1.100,0,16.867703,26.459287,0.6374965,0.46457264
2.500,1.200,0,18.881565,28.728331,0.65724544,0.34296157
2.500,1.300,0,21.256052,31.866211,0.66704045,0.24339996
2.500,1.400,0,23.545997,36.348749,0.64778013,0.16458657
2.500,1.500,0,22.140774,41.830129,0.52930207,0.1044916
2.500,1.600,0,5.1697037,39.759938,0.13002293,0.060645381
2.500,1.700,0,-8.0041224,21.648644,-0.36972857,0.030372307
2.500,1.800,0,-4.5093053,7.3495069,-0.61355209,0.010974276
2.500,1.900,0,0.062784989,0.086143869,0.72883874,-0.00012759254
2.500,2.000,0,3.1632168,3.9236804,0.80618617,-0.005283687
2.500,2.100,0,5.0539431,5.7524246,0.87857616,-0.0065328478
2.500,2.200,0,5.9592305,6.1850454,0.96349018,-0.0055437275
2.500,2.300,0,5.8074836,5.3940669,1.0766428,-0.0035830457
2.500,2.400,0,4.0686869,3.2850467,1.2385476,-0.0015151107
2.500,2.500,0,-0.82265963,0.55485458,-1.4826581,0.00016485344
2.500,2.600,0,-13.599264,7.2749622,-1.8693243,0.0012664501
2.500,2.700,0,-47.551285,19.593021,-2.4269502,0.0018186954
2.500,2.800,0,-67.92045,31.140753,-2.1810792,0.0019783617
2.500,2.900,0,-19.691282,24.478915,-0.80441809,0.0019477767
2.500,3.000,0,-0.15211462,18.335527,-0.0082961684,0.0019137498
2.500,3.100,0,6.4022546,15.84617,0.40402536,0.0020123639
2.500,3.200,0,9.8723152,15.683452,0.62947336,0.0023175007
2.500,3.300,0,12.566265,16.912806,0.74300298,0.0028464968
2.500,3.400,0,14.776411,18.855945,0.78364733,0.0035749992
2.500,3.500,0,16.386431,21.029716,0.77920366,0.0044542375
2.500,3.600,0,17.363594,23.135948,0.75050281,0.005426258
2.500,3.700,0,17.812772,25.023935,0.71182938,0.0064350378
2.500,3.800,0,17.897861,26.638504,0.67187936,0.007433166
2.500,3.900,0,17.773252,27.976804,0.63528528,0.0083847893
2.500,4.000,0,17.554543,29.060689,0.60406492,0.0092658999
2.600,1.000,0,14.376054,23.702948,0.60650911,0.86985774
2.600,1.100,0,15.810703,25.105836,0.62976206,0.67743941
2.600,1.200,0,17.487652,26.872456,0.65076494,0.51283071
2.600,1.300,0,19.443982,29.182071,0.66629891,0.37596606
2.600,1.400,0,21.645006,32.342747,0.66923833,0.26544444
2.600,1.500,0,23.529242,36.80335,0.63932339,0.17894973
2.600,1.600,0,21.441697,42.253854,0.5074495,0.11360765
2.600,1.700,0,4.2890203,40.942094,0.10475821,0.066270976
2.600,1.800,0,-9.4520005,23.487373,-0.40242903,0.033737509
2.600,1.900,0,-5.5891739,8.5707989,-0.6521182,0.012912
2.600,2.000,0,-0.4768876,0.62202728,-0.76666669,0.00092545579
2.600,2.100,0,2.979799,3.5385578,0.84209419,-0.0047767134
2.600,2.200,0,5.1145476,5.6028013,0.91285543,-0.0063704257
2.600,2.300,0,6.2335516,6.2564661,0.99633748,-0.0056105956
2.600,2.400,0,6.3530808,5.7373955,1.107311,-0.0038133989
2.600,2.500,0,5.1089196,4.0417383,1.2640402,-0.0018677038
2.600,2.600,0,1.3916023,0.93119677,1.4944234,-0.00027825092
2.600,2.700,0,-7.9450538,4.3121866,-1.8424652,0.00076240825
2.600,2.800,0,-30.444635,13.288326,-2.2910812,0.00128311
2.600,2.900,0,-43.177185,21.732748,-1.9867338,0.0014392966
2.600,3.000,0,-12.682447,18.064542,-0.70206299,0.0014296448
2.600,3.100,0,1.0643316,14.084213,0.075569119,0.0014352278
2.600,3.200,0,6.1515981,12.863205,0.47823215,0.0015852952
2.600,3.300,0,9.398002,13.594707,0.69129863,0.0019469549
2.600,3.400,0,12.249158,15.501851,0.7901739,0.0025317594
2.600,3.500,0,14.652292,17.951213,0.81622856,0.0033110923
2.600,3.600,0,16.374624,20.485632,0.79932236,0.0042335715
2.600,3.700,0,17.383924,22.836598,0.76123092,0.0052401208
2.600,3.800,0,17.821508,24.883807,0.71618897,0.0062747562
2.600,3.900,0,17.882626,26.597838,0.67233383,0.0072908905
2.600,4.000,0,17.738291,27.995168,0.63361973,0.0082539324
2.700,1.000,0,13.725884,22.878623,0.59994365,1.2137197
2.700,1.100,0,15.000256,24.073297,0.62310766,0.9600938
2.700,1.200,0,16.45629,25.527059,0.64466062,0.7410412
2.700,1.300,0,18.116552,27.345355,0.66250931,0.55670951
2.700,1.400,0,19.992577,29.706142,0.67301157,0.40557546
2.700,1.500,0,21.991376,32.910378,0.66822009,0.28496858
2.700,1.600,0,23.415498,37.383039,0.62636689,0.1915152
2.700,1.700,0,20.441312,42.791506,0.47769556,0.12149069
2.700,1.800,0,2.6979631,41.812554,0.064525191,0.071084447
2.700,1.900,0,-11.056502,24.855536,-0.44483057,0.0365908
2.700,2.000,0,-6.6321011,9.5517536,-0.69433336,0.014542806
2.700,2.100,0,-0.97262112,1.2073093,-0.80561053,0.0018053449
2.700,2.200,0,2.8288974,3.222667,0.8778125,-0.0043596953
2.700,2.300,0,5.197076,5.4938457,0.94598143,-0.0062486287
2.700,2.400,0,6.5212642,6.3496291,1.0270307,-0.0056899694
2.700,2.500,0,6.9032614,6.0846481,1.1345375,-0.0040403559
2.700,2.600,0,6.1337436,4.7760935,1.2842595,-0.0022073415
2.700,2.700,0,3.5050147,2.3395669,1.4981468,-0.00070177169
2.700,2.800,0,-2.8487366,1.5797282,-1.803308,0.00028327581
2.700,2.900,0,-16.535686,7.7287648,-2.1394992,0.00077694841
2.700,3.000,0,-23.657244,13.388202,-1.7670218,0.00093325815
2.700,3.100,0,-6.9376785,11.90521,-0.58274307,0.00094694723
2.700,3.200,0,1.6362802,9.9291706,0.16479526,0.00099313705
2.700,3.300,0,5.5108388,9.9576521,0.55342752,0.0011942075
2.700,3.400,0,8.7104432,11.585098,0.75186614,0.0016106437
2.700,3.500,0,11.829521,14.170533,0.83479721,0.0022485008
2.700,3.600,0,14.479369,17.119887,0.84576307,0.0030752487
2.700,3.700,0,16.333572,20.003498,0.81653578,0.0040372417
2.700,3.800,0,17.381596,22.58604,0.76957254,0.00507458
2.700,3.900,0,17.812089,24.780188,0.71880364,0.0061315449
2.700,4.000,0,17.854488,26.583377,0.67164107,0.007162522
2.800,1.000,0,13.184604,22.192805,0.59409361,1.6610298
2.800,1.100,0,14.344404,23.240733,0.61720963,1.3305597
2.800,1.200,0,15.647916,24.484246,0.63910139,1.042948
2.800,1.300,0,17.105603,25.989119,0.65818325,0.79861384
2.800,1.400,0,18.727194,27.862103,0.67213855,0.59588703
2.800,1.500,0,20.497525,30.281527,0.67689867,0.43166066
2.800,1.600,0,22.260643,33.544221,0.66362081,0.30194382
2.800,1.700,0,23.16487,38.053304,0.60874795,0.20229955
2.800,1.800,0,19.137751,43.415898,0.44080053,0.12817167
2.800,1.900,0,0.53306948,42.485019,0.012547234,0.075115841
2.800,2.000,0,-12.791207,25.839452,-0.49502624,0.038955207
2.800,2.100,0,-7.6242248,10.313984,-0.73921241,0.015881548
2.800,2.200,0,-1.4166291,1.6764728,-0.84500573,0.0025199456
2.800,2.300,0,2.7144238,2.9736463,0.91282674,-0.004029754
2.800,2.400,0,5.3033842,5.4253242,0.97752392,-0.00616761
2.800,2.500,0,6.822988,6.4659741,1.0552143,-0.0057834877
2.800,2.600,0,7.4572836,6.4393202,1.1580855,-0.0042660207
2.800,2.700,0,7.1392649,5.4950648,1.299214,-0.0025360537
2.800,2.800,0,5.5054307,3.6839762,1.4944263,-0.0011074904
2.800,2.900,0,1.6667183,0.9500429,1.7543611,-0.00017253136
2.800,3.000,0,-5.6668704,2.8580481,-1.9827765,0.00029867235
2.800,3.100,0,-9.6501684,6.2384403,-1.546888,0.0004585961
2.800,3.200,0,-2.8214652,6.1880581,-0.45595324,0.0004978128
2.800,3.300,0,1.5215324,5.9397337,0.25616171,0.00058534644
2.800,3.400,0,4.4937049,7.1552766,0.62802671,0.00083673711
2.800,3.500,0,7.8309588,9.6647971,0.8102559,0.0013060455
2.800,3.600,0,11.324511,12.92224,0.87635819,0.0019941403
2.800,3.700,0,14.268245,16.361698,0.87205161,0.0028649309
2.800,3.800,0,16.269492,19.581067,0.83087871,0.0038628432
2.800,3.900,0,17.361124,22.381217,0.77570065,0.0049274317
2.800,4.000,0,17.788623,24.709926,0.71989787,0.0060034455
2.900,1.000,0,12.718217,21.603085,0.58872224,2.2375768
2.900,1.100,0,13.791494,22.541611,0.6118238,1.8110127
2.900,1.200,0,14.983768,23.634576,0.63397661,1.4374557
2.900,1.300,0,16.297757,24.925192,0.65386683,1.1176719
2.900,1.400,0,17.73677,26.480953,0.66979349,0.84981867
2.900,1.500,0,19.297322,28.410578,0.67923018,0.63025529
2.900,1.600,0,20.935652,30.894045,0.67765979,0.45423044
2.900,1.700,0,22.427045,34.226214,0.6552593,0.31642771
2.900,1.800,0,22.747829,38.789354,0.58644516,0.21137173
2.900,1.900,0,17.524099,44.102467,0.39734963,0.1337127
2.900,2.000,0,-2.0948688,43.019645,-0.048695633,0.078413488
2.900,2.100,0,-14.611478,26.515919,-0.55104553,0.040864497
2.900,2.200,0,-8.5519495,10.884358,-0.78571009,0.016949524
2.900,2.300,0,-1.8034438,2.0396919,-0.88417461,0.0030811764
2.900,2.400,0,2.6383357,2.787068,0.94663486,-0.0037813048
2.900,2.500,0,5.4337701,5.3955044,1.0070921,-0.0061256049
2.900,2.600,0,7.1380178,6.6055745,1.0806052,-0.0058913842
2.900,2.700,0,8.0131348,6.803327,1.1778259,-0.004491468
2.900,2.800,0,8.1204451,6.2033504,1.3090418,-0.0028551401
2.900,2.900,0,7.3820554,4.9745876,1.4839532,-0.0014966992
2.900,3.000,0,5.6052977,3.3014846,1.6978113,-0.00060629474
2.900,3.100,0,2.581855,1.413017,1.8271932,-0.00015308552
2.900,3.200,0,-0.2379687,0.17780164,-1.3383943,1.3750887e-05
2.900,3.300,0,-0.32366744,0.98540482,-0.3284614,8.0425034e-05
2.900,3.400,0,0.74812417,2.1551731,0.3471295,0.00020977738
2.900,3.500,0,3.1333158,4.4714122,0.70074412,0.00051059203
2.900,3.600,0,6.7868861,7.8394797,0.8657317,0.00103074
2.900,3.700,0,10.752672,11.758108,0.91448991,0.0017662295
2.900,3.800,0,14.02958,15.675151,0.89502046,0.0026777594
2.900,3.900,0,16.188632,19.215467,0.84247923,0.0037081466
2.900,4.000,0,17.327168,22.218816,0.77984211,0.0047966557
3.000,1.000,0,12.30602,21.083606,0.58367719,2.9750158
3.000,1.100,0,13.310877,21.936792,0.60678322,2.4286962
3.000,1.200,0,14.41792,22.916223,0.62915779,1.9478077
3.000,1.300,0,15.625157,24.051546,0.64965294,1.533561
3.000,1.400,0,16.930941,25.387539,0.66689965,1.1839153
3.000,1.500,0,18.331477,26.99368,0.67910255,0.89458121
3.000,1.600,0,19.809265,28.981207,0.68352104,0.65987517
3.000,1.700,0,21.289399,31.532751,0.67515198,0.47339788
3.000,1.800,0,22.471769,34.942779,0.64310195,0.32854022
3.000,1.900,0,22.143378,39.572812,0.55956038,0.2188369
3.000,2.000,0,15.596546,44.830608,0.3478995,0.13819636
3.000,2.100,0,-5.0904676,43.448084,-0.11716207,0.081037117
3.000,2.200,0,-16.465367,26.948369,-0.61099679,0.042358802
3.000,2.300,0,-9.402852,11.290758,-0.83279193,0.01777173
3.000,2.400,0,-2.1297336,2.3087387,-0.92246626,0.0035032802
3.000,2.500,0,2.6009532,2.6573411,0.97878031,-0.0036071484
3.000,2.600,0,5.5873441,5.4017199,1.0343639,-0.0061196354
3.000,2.700,0,7.4647419,6.7675866,1.1030139,-0.0060129515
3.000,2.800,0,8.568038,7.1774658,1.1937414,-0.0047170524
3.000,2.900,0,9.0718093,6.9040065,1.313992,-0.0031653753
3.000,3.000,0,9.1260623,6.2189093,1.4674699,-0.0018703341
3.000,3.100,0,8.9882561,5.4956111,1.6355335,-0.0010190732
3.000,3.200,0,8.6781459,5.1770578,1.6762698,-0.00057956373
3.000,3.300,0,5.6983652,4.9720401,1.1460819,-0.00040276168
3.000,3.400,0,0.75786535,3.7042243,0.20459489,-0.00030697585
3.000,3.500,0,-0.61366724,1.4082037,-0.43578016,-0.00013558502
3.000,3.600,0,1.4743949,1.9134074,0.77055986,0.0002135665
3.000,3.700,0,5.6086787,6.1114567,0.91773188,0.00078242156
3.000,3.800,0,10.132742,10.677601,0.94897177,0.0015624618
3.000,3.900,0,13.773646,15.057865,0.91471436,0.0025115174
3.000,4.000,0,16.09707,18.903408,0.85154327,0.0035710979
3.100,1.000,0,11.934792,20.617778,0.57885928,3.9121419
3.100,1.100,0,12.883451,21.40192,0.60197638,3.2170278
3.100,1.200,0,13.922368,22.292052,0.62454405,2.6025404
3.100,1.300,0,15.046729,23.309245,0.64552625,2.0704604
3.100,1.400,0,16.25168,24.484464,0.6637548,1.6185222
3.100,1.500,0,17.531502,25.864156,0.67783006,1.2416536
3.100,1.600,0,18.875041,27.52002,0.68586581,0.93303326
3.100,1.700,0,20.249571,29.566267,0.68488766,0.68493359
3.100,1.800,0,21.54602,32.188992,0.66935989,0.48935027
3.100,1.900,0,22.381749,35.68342,0.62723106,0.33844331
3.100,2.000,0,21.337906,40.389656,0.52830125,0.22482304
3.100,2.100,0,13.357973,45.583349,0.29304501,0.14171711
3.100,2.200,0,-8.3658478,43.787111,-0.19105731,0.083052447
3.100,2.300,0,-18.300862,27.187509,-0.67313493,0.043481269
3.100,2.400,0,-10.166578,11.559632,-0.87948979,0.018374786
3.100,2.500,0,-2.3941395,2.4957317,-0.95929363,0.0038015375
3.100,2.600,0,2.6012722,2.5783732,1.0088812,-0.0034992845
3.100,2.700,0,5.7623749,5.4407913,1.059106,-0.0061460369
3.100,2.800,0,7.8009945,6.9505838,1.122351,-0.0061468904
3.100,2.900,0,9.1188373,7.5617572,1.2059151,-0.0049426451
3.100,3.000,0,9.987928,7.5988946,1.3143922,-0.0034671686
3.100,3.100,0,10.730849,7.4224666,1.4457255,-0.0022290779
3.100,3.200,0,11.847329,7.5503442,1.5691111,-0.0014117655
3.100,3.300,0,13.048035,8.5177581,1.5318625,-0.00098190404
3.100,3.400,0,9.1133448,9.3873192,0.97081441,-0.0007923617
3.100,3.500,0,0.68834027,7.9206615,0.086904392,-0.00066609133
3.100,3.600,0,-2.4732095,4.7497313,-0.52070514,-0.00045268378
3.100,3.700,0,-0.43263329,0.51707659,-0.83669093,-5.6449199e-05
3.100,3.800,0,4.3276948,4.4806367,0.96586603,0.00055890759
3.100,3.900,0,9.4827597,9.6789858,0.97972659,0.0013806772
3.100,4.000,0,13.509994,14.506849,0.93128381,0.0023641516
3.200,1.000,0,11.595735,20.194475,0.57420335,5.0964267
3.200,1.100,0,12.496789,20.921104,0.59732931,4.2169351
3.200,1.200,0,13.479294,21.738562,0.62006373,3.436636
3.200,1.300,0,14.536763,22.662271,0.64145219,2.7580381
3.200,1.400,0,15.662403,23.714402,0.66045954,2.1786257
3.200,1.500,0,16.84893,24.927263,0.6759238,1.6923854
3.200,1.600,0,18.086587,26.349063,0.68642239,1.2911134
3.200,1.700,0,19.356289,28.053932,0.68996704,0.96545868
3.200,1.800,0,20.608576,30.159442,0.68332086,0.70570563
3.200,1.900,0,21.696924,32.855815,0.66036785,0.50232356
3.200,2.000,0,22.148911,36.439856,0.60782103,0.34632426
3.200,2.100,0,20.324575,41.228906,0.49296905,0.22947029
3.200,2.200,0,10.819648,46.346682,0.23345033,0.14437467
3.200,2.300,0,-11.836447,44.045904,-0.2687298,0.084527111
3.200,2.400,0,-20.070453,27.273429,-0.7358977,0.044275578
3.200,2.500,0,-10.835554,11.714797,-0.92494596,0.018785435
3.200,2.600,0,-2.5971015,2.6123451,-0.99416481,0.0039913397
3.200,2.700,0,2.637267,2.5440257,1.0366511,-0.0034494964
3.200,2.800,0,5.9565893,5.5093277,1.0811826,-0.0062008402
3.200,2.900,0,8.1443227,7.1527995,1.1386203,-0.0062915688
3.200,3.000,0,9.6622522,7.9556944,1.2145077,-0.0051678111
3.200,3.100,0,10.863695,8.2890118,1.310614,-0.0037606841
3.200,3.200,0,12.192029,8.5893066,1.4194428,-0.0025734393
3.200,3.300,0,14.220113,9.4808917,1.4998708,-0.001785157
3.200,3.400,0,16.049633,11.50615,1.3948743,-0.0013611755
3.200,3.500,0,10.731376,13.217395,0.8119131,-0.0011564133
3.200,3.600,0,-0.27199471,11.71864,-0.023210433,-0.00099856298
3.200,3.700,0,-4.7340542,7.878271,-0.60090015,-0.00074338408
3.200,3.800,0,-2.5359036,2.8221447,-0.8985732,-0.00030146222
3.200,3.900,0,2.9744973,2.9452988,1.0099136,0.00035814284
3.200,4.000,0,8.8193796,8.759708,1.0068121,0.0012188634
3.300,1.000,0,11.282781,19.805945,0.56966637,6.5858716
3.300,1.100,0,12.142496,20.483529,0.59279316,5.4784671
3.300,1.200,0,13.076913,21.240196,0.61566817,4.4929124
3.300,1.300,0,14.078577,22.087504,0.63740009,3.6326432
3.300,1.400,0,15.13958,23.0418,0.65704848,2.8948683
3.300,1.500,0,16.251657,24.126336,0.6736065,2.2724476
3.300,1.600,0,17.405287,25.37479,0.68592833,1.7555024
3.300,1.700,0,18.586433,26.837226,0.69256163,1.3327045
3.300,1.800,0,19.767272,28.590387,0.69139574,0.99224591
3.300,1.900,0,20.879952,30.75554,0.67890053,0.72252261
3.300,2.000,0,21.737198,33.527579,0.64833784,0.51258155
3.300,2.100,0,21.769742,37.205441,0.58512255,0.3523824
3.300,2.200,0,19.103035,42.081759,0.45395049,0.23292275
3.300,2.300,0,8.0018311,47.108926,0.16985807,0.14626902
3.300,2.400,0,-15.41993,44.229932,-0.3486311,0.085527691
3.300,2.500,0,-21.733939,27.237849,-0.79793153,0.044784191
3.300,2.600,0,-11.405416,11.777022,-0.96844651,0.019029492
3.300,2.700,0,-2.7406451,2.6693612,-1.0267045,0.0040875527
3.300,2.800,0,2.7061737,2.5484071,1.0619079,-0.0034497539
3.300,2.900,0,6.167411,5.6039321,1.1005506,-0.0062800392
3.300,3.000,0,8.4921624,7.3722993,1.1519015,-0.0064452059
3.300,3.100,0,10.19502,8.3584255,1.2197297,-0.0053919394
3.300,3.200,0,11.694468,8.9747367,1.303043,-0.0040459311
3.300,3.300,0,13.507318,9.7223812,1.3893014,-0.0029038121
3.300,3.400,0,16.14713,11.300151,1.4289304,-0.0021399554
3.300,3.500,0,17.973789,14.200734,1.2656944,-0.0017183921
3.300,3.600,0,11.079529,16.581244,0.6681965,-0.0014962301
3.300,3.700,0,-1.8951143,15.154679,-0.12505144,-0.0013059711
3.300,3.800,0,-7.3026239,10.807704,-0.67568687,-0.0010094691
3.300,3.900,0,-4.7851719,5.0061885,-0.95585131,-0.00052337332
3.300,4.000,0,1.5775391,1.5026779,1.0498185,0.0001782011
3.400,1.000,0,10.9916,19.446587,0.56522,8.4512418
3.400,1.100,0,11.814705,20.081561,0.58833601,7.0627374
3.400,1.200,0,12.707157,20.786241,0.6113254,5.8237009
3.400,1.300,0,13.660971,21.569459,0.63334789,4.7387434
3.400,1.400,0,14.667644,22.443566,0.65353447,3.8047746
3.400,1.500,0,15.718394,23.425794,0.67098663,3.0133082
3.400,1.600,0,16.803771,24.540471,0.68473708,2.3524417
3.400,1.700,0,17.911947,25.82268,0.69365177,1.8084454
3.400,1.800,0,19.024149,27.32442,0.6962325,1.3669607
3.400,1.900,0,20.102904,29.12521,0.69022347,1.0138482
3.400,2.000,0,21.060339,31.350294,0.67177485,0.73574626
3.400,2.100,0,21.6653,34.199679,0.63349424,0.52039959
3.400,2.200,0,21.24507,37.974765,0.5594523,0.35681916
3.400,2.300,0,17.679186,42.940998,0.41170878,0.23532253
3.400,2.400,0,4.933456,47.860244,0.10308046,0.14749691
3.400,2.500,0,-19.037281,44.343043,-0.42931833,0.086117682
3.400,2.600,0,-23.260027,27.106039,-0.85811237,0.045047174
3.400,2.700,0,-11.875128,11.764049,-1.0094422,0.019131165
3.400,2.800,0,-2.8281131,2.6764575,-1.0566628,0.0041041057
3.400,2.900,0,2.8047479,2.5860448,1.0845705,-0.0034924763
3.400,3.000,0,6.3921331,5.7213351,1.117245,-0.00637977
3.400,3.100,0,8.8419341,7.6071007,1.1623264,-0.0066060008
3.400,3.200,0,10.713962,8.7688857,1.2218157,-0.0056143354
3.400,3.300,0,12.476144,9.6560128,1.2920596,-0.0043228293
3.400,3.400,0,14.676435,10.823839,1.3559363,-0.0032205184
3.400,3.500,0,17.670139,13.01909,1.3572484,-0.0024768162
3.400,3.600,0,19.054049,16.649003,1.1444559,-0.0020545248
3.400,3.700,0,10.53773,19.571198,0.53843052,-0.0018130789
3.400,3.800,0,-3.9915435,18.280804,-0.21834618,-0.0015898337
3.400,3.900,0,-10.093082,13.553907,-0.74466219,-0.0012526373
3.400,4.000,0,-7.134034,7.07482,-1.0083697,-0.00072397525
3.500,1.000,0,10.719012,19.112229,0.56084574,10.778758
3.500,1.100,0,11.509185,19.709623,0.58393733,9.0442661
3.500,1.200,0,12.364323,20.36905,0.60701519,7.4928681
3.500,1.300,0,13.276182,21.097359,0.62928168,6.1306593
3.500,1.400,0,14.235987,21.904075,0.64992413,4.954229
3.500,1.500,0,15.23476,22.802293,0.66812402,3.9534852
3.500,1.600,0,16.26318,23.810109,0.68303679,3.114085
3.500,1.700,0,17.310637,24.952928,0.6937317,2.4193879
3.500,1.800,0,18.36273,26.267266,0.69907274,1.8519333
3.500,1.900,0,19.395393,27.807135,0.69749699,1.3944902
3.500,2.000,0,20.36062,29.654962,0.68658392,1.0307519
3.500,2.100,0,21.149063,31.940208,0.66214545,0.74574878
3.500,2.200,0,21.48287,34.868349,0.61611376,0.52605241
3.500,2.300,0,20.579866,38.743382,0.53118404,0.35983082
3.500,2.400,0,16.06474,43.800591,0.36676994,0.2368055
3.500,2.500,0,1.6509224,48.59228,0.033974993,0.14814945
3.500,2.600,0,-22.615149,44.388587,-0.50948117,0.086356187
3.500,2.700,0,-24.626986,26.898303,-0.91555911,0.045101486
3.500,2.800,0,-12.246784,11.690827,-1.0475549,0.019112654
3.500,2.900,0,-2.8638502,2.6421452,-1.083911,0.0040537507
3.500,3.000,0,2.9294857,2.6519724,1.1046441,-0.0035706894
3.500,3.100,0,6.6280286,5.8584749,1.1313574,-0.0064964235
3.500,3.200,0,9.1910871,7.8552523,1.1700563,-0.0067722172
3.500,3.300,0,11.216031,9.1858925,1.2210062,-0.0058342855
3.500,3.400,0,13.205256,10.332488,1.2780326,-0.0045912558
3.500,3.500,0,15.701107,11.895247,1.3199479,-0.0035238397
3.500,3.600,0,18.831273,14.647074,1.2856679,-0.0027963609
3.500,3.700,0,19.478158,18.889289,1.0311747,-0.0023705104
3.500,3.800,0,9.3815155,22.258225,0.42148535,-0.0021081814
3.500,3.900,0,-6.4081508,21.142181,-0.30309791,-0.0018516049
3.500,4.000,0,-13.029963,16.132879,-0.8076651,-0.0014745013
3.600,1.000,0,10.462612,18.799667,0.5565318,13.67334
3.600,1.100,0,11.222794,19.363519,0.5795844,11.5138
3.600,1.200,0,12.044258,19.982989,0.60272553,9.5782511
3.600,1.300,0,12.918665,20.663447,0.62519406,7.8746533
3.600,1.400,0,13.83717,21.412364,0.64622337,6.3992572
3.600,1.500,0,14.790799,22.239908,0.66505667,5.1400583
3.600,1.600,0,15.770456,23.159885,0.68093843,4.0797745
3.600,1.700,0,16.766365,24.191239,0.69307591,3.1982434
3.600,1.800,0,17.766587,25.360457,0.70056259,2.4742395
3.600,1.900,0,18.753776,26.705515,0.70224356,1.8867702
3.600,2.000,0,19.698045,28.282494,0.69647482,1.4159369
3.600,2.100,0,20.540121,30.176846,0.6806583,1.0434518
3.600,2.200,0,21.147965,32.522444,0.65025757,0.75289799
3.600,2.300,0,21.194565,35.53051,0.59651733,0.52980539
3.600,2.400,0,19.782927,39.507603,0.5007372,0.36160352
3.600,2.500,0,14.276427,44.655419,0.31970199,0.23749862
3.600,2.600,0,-1.8038916,49.297931,-0.036591629,0.14831074
3.600,2.700,0,-26.088557,44.369995,-0.58797746,0.086297171
3.600,2.800,0,-25.822451,26.631104,-0.969635,0.044980595
3.600,2.900,0,-12.525142,11.569832,-1.0825691,0.018993949
3.600,3.000,0,-2.8528625,2.5737987,-1.1084249,0.003947948
3.600,3.100,0,3.0768001,2.7417599,1.122199,-0.003678105
3.600,3.200,0,6.8724127,6.0125399,1.1430132,-0.0066267091
3.600,3.300,0,9.5371212,8.1148849,1.1752627,-0.0069422371
3.600,3.400,0,11.698364,9.6082148,1.2175377,-0.0060511003
3.600,3.500,0,13.879104,11.00362,1.2613216,-0.0048510773
3.600,3.600,0,16.585133,12.937766,1.2819163,-0.0038140388
3.600,3.700,0,19.672594,16.192149,1.2149465,-0.0030991894
3.600,3.800,0,19.398034,20.952493,0.92581031,-0.0026672564
3.600,3.900,0,7.8129916,24.696793,0.31635652,-0.0023827159
3.600,4.000,0,-9.0235348,23.77676,-0.3795107,-0.0020926754
3.700,1.000,0,10.220533,18.506375,0.55227091,17.262504
3.700,1.100,0,10.953136,19.04,0.57526977,14.581709
3.700,1.200,0,11.743853,19.623781,0.59845003,12.174591
3.700,1.300,0,12.584349,20.261963,0.62108242,10.051447
3.700,1.400,0,13.465832,20.960485,0.64243896,8.2081736
3.700,1.500,0,14.379453,21.727388,0.66181229,6.6304905
3.700,1.600,0,15.316404,22.573442,0.67851434,5.2975795
3.700,1.700,0,16.267591,23.513141,0.69185103,4.1850226
3.700,1.800,0,17.222671,24.566266,0.70106997,3.2670323
3.700,1.900,0,18.168103,25.760386,0.70527291,2.5180476
3.700,2.000,0,19.083235,27.134961,0.70327116,1.9137983
3.700,2.100,0,19.931953,28.748185,0.69332912,1.4319499
3.700,2.200,0,20.643181,30.688624,0.67266558,1.0524331
3.700,2.300,0,21.061233,33.094724,0.63639248,0.75754674
3.700,2.400,0,20.807797,36.183662,0.57506056,0.53190863
3.700,2.500,0,18.866299,40.26436,0.46856075,0.3623101
3.700,2.600,0,12.334785,45.501091,0.27108768,0.23751827
3.700,2.700,0,-5.386122,49.971191,-0.10778454,0.14805704
3.700,2.800,0,-29.40323,44.291042,-0.66386405,0.08598914
3.700,2.900,0,-26.842517,26.317887,-1.0199343,0.04471436
3.700,3.000,0,-12.71698,11.4114,-1.1144102,0.018792785
3.700,3.100,0,-2.8004874,2.4777353,-1.1302609,0.0037968405
3.700,3.200,0,3.2431514,2.8515069,1.1373465,-0.0038091458
3.700,3.300,0,7.1226773,6.1809857,1.152353,-0.0067676827
3.700,3.400,0,9.8776179,8.3842431,1.1781168,-0.0071145898
3.700,3.500,0,12.15838,10.034621,1.2116432,-0.0062641416
3.700,3.600,0,14.495941,11.668757,1.2422866,-0.0051021716
3.700,3.700,0,17.334466,13.952273,1.2424116,-0.0040913745
3.700,3.800,0,20.235726,17.661259,1.1457692,-0.0033858883
3.700,3.900,0,18.937418,22.863554,0.82827973,-0.002945645
3.700,4.000,0,5.9817622,26.928825,0.22213232,-0.0026378173
3.800,1.000,0,9.9912891,18.230318,0.54805895,21.701057
3.800,1.100,0,10.698339,18.736486,0.57098962,18.382068
3.800,1.200,0,11.460718,19.288093,0.59418616,15.397062
3.800,1.300,0,12.270164,19.888505,0.61694751,12.759249
3.800,1.400,0,13.118004,20.542497,0.63857882,10.464165
3.800,1.500,0,13.995582,21.256526,0.65841342,8.4948213
3.800,1.600,0,14.89442,22.039155,0.67581627,6.8261495
3.800,1.700,0,15.806018,22.901731,0.69016696,5.428595
3.800,1.800,0,16.7212,23.859413,0.70082191,4.2708496
3.800,1.900,0,17.628835,24.93281,0.70705368,3.3218124
3.800,2.000,0,18.513509,26.150575,0.70795802,2.5519026
3.800,2.100,0,19.351009,27.553657,0.70230275,1.9338602
3.800,2.200,0,20.098744,29.202398,0.68825664,1.443162
3.800,2.300,0,20.673496,31.18855,0.66285532,1.0581589
3.800,2.400,0,20.89518,33.655255,0.62085936,0.76002602
3.800,2.500,0,20.33229,36.825793,0.55212091,0.53259332
3.800,2.600,0,17.844439,41.011099,0.43511243,0.36210836
3.800,2.700,0,10.262672,46.333819,0.2214942,0.23696959
3.800,2.800,0,-9.0505387,50.60706,-0.17883945,0.14745656
3.800,2.900,0,-32.517027,44.15594,-0.73641343,0.085475116
3.800,3.000,0,-27.690299,25.969688,-1.0662546,0.044329077
3.800,3.100,0,-12.830372,11.224053,-1.143114,0.018524701
3.800,3.200,0,-2.7121055,2.3593184,-1.1495293,0.0036092893
3.800,3.300,0,3.425136,2.9778141,1.1502182,-0.0039589326
3.800,3.400,0,7.3763181,6.361535,1.1595186,-0.0069167516
3.800,3.500,0,10.210297,8.6617013,1.1787866,-0.007287966
3.800,3.600,0,12.593922,10.463915,1.2035574,-0.0064728384
3.800,3.700,0,15.055158,12.327194,1.2212964,-0.0053444414
3.800,3.800,0,17.957184,14.939458,1.201997,-0.0043561107
3.800,3.900,0,20.561353,19.060436,1.0787452,-0.0036570356
3.800,4.000,0,18.197296,24.642652,0.73844714,-0.0032065343
3.900,1.000,0,9.773673,17.969817,0.54389386,27.176737
3.900,1.100,0,10.456901,18.450885,0.56674251,23.077575
3.900,1.200,0,11.192973,18.973264,0.58993395,19.385519
3.900,1.300,0,11.973734,19.539625,0.61279238,16.117402
3.900,1.400,0,12.79067,20.153839,0.63465177,13.268403
3.900,1.500,0,13.635354,20.821156,0.65487976,10.818309
3.900,1.600,0,14.499648,21.548503,0.67288425,8.7369471
3.900,1.700,0,15.375593,22.344938,0.68810183,6.9885681
3.900,1.800,0,16.254932,23.222356,0.69996914,5.5351902
3.900,1.900,0,17.128219,24.196567,0.70787807,4.3390032
3.900,2.000,0,17.983308,25.288993,0.71111204,3.3639843
3.900,2.100,0,18.802718,26.529362,0.70875124,2.5768893
3.900,2.200,0,19.558555,27.960117,0.6995162,1.9477736
3.900,2.300,0,20.201664,29.643769,0.68148096,1.4501746
3.900,2.400,0,20.63648,31.675305,0.65150059,1.0610619
3.900,2.500,0,20.657885,34.202665,0.60398465,0.76064068
3.900,2.600,0,19.779444,37.455308,0.52808119,0.53206983
3.900,2.700,0,16.733169,41.745707,0.40083568,0.36114034
3.900,2.800,0,8.0836643,47.150343,0.17144444,0.23594628
3.900,2.900,0,-12.753894,51.201487,-0.24909226,0.1465696
3.900,3.000,0,-35.400222,43.969302,-0.80511222,0.084792821
3.900,3.100,0,-28.374189,25.595589,-1.1085578,0.043847643
3.900,3.200,0,-12.873997,11.014778,-1.1687931,0.018203154
3.900,3.300,0,-2.5929166,2.2230683,-1.1663684,0.0033929486
3.900,3.400,0,3.6195433,3.1177427,1.16095,-0.0041232471
3.900,3.500,0,7.6309699,6.5521676,1.1646482,-0.0070716621
3.900,3.600,0,10.533104,8.9457718,1.1774394,-0.0074612196
3.900,3.700,0,13.003404,10.894957,1.193525,-0.0066766941
3.900,3.800,0,15.557423,12.978221,1.1987331,-0.0055778216
3.900,3.900,0,18.463298,15.899894,1.1612214,-0.0046085219
3.900,4.000,0,20.688519,20.394936,1.0143949,-0.0039132039
4.000,1.000,0,9.5666821,17.723462,0.53977504,33.916992
4.000,1.100,0,10.227593,18.181462,0.56252864,28.865449
4.000,1.200,0,10.939101,18.677124,0.58569516,24.309597
4.000,1.300,0,11.693177,19.212559,0.60862154,20.270766
4.000,1.400,0,12.481485,19.790921,0.63066721,16.743784
4.000,1.500,0,13.295839,20.416528,0.65122921,13.704608
4.000,1.600,0,14.12844,21.095062,0.66975105,11.116934
4.000,1.700,0,14.971818,21.833884,0.68571483,8.9375497
4.000,1.800,0,15.818484,22.64252,0.6986185,7.120412
4.000,1.900,0,16.660251,23.533393,0.7079409,5.6195948
4.000,2.000,0,17.487195,24.522943,0.71309531,4.3912705
4.000,2.100,0,18.285993,25.633387,0.71336622,3.3949344
4.000,2.200,0,19.03703,26.895518,0.70781421,2.5940553
4.000,2.300,0,19.708735,28.353267,0.69511339,1.9563121
4.000,2.400,0,20.245401,30.071323,0.67324611,1.4535474
4.000,2.500,0,20.53897,32.147948,0.63888898,1.0615394
4.000,2.600,0,20.358691,34.735944,0.58609869,0.7596674
4.000,2.700,0,19.161557,38.070983,0.50331133,0.53052707
4.000,2.800,0,15.548571,42.46646,0.36613766,0.3595324
4.000,2.900,0,5.8206129,47.947871,0.12139461,0.23453098
4.000,3.000,0,-16.456689,51.751329,-0.3179955,0.14544889
4.000,3.100,0,-38.034715,43.73606,-0.869642,0.083975002
4.000,3.200,0,-28.906077,25.20307,-1.1469268,0.043289807
4.000,3.300,0,-12.856556,10.78928,-1.1916046,0.017839688
4.000,3.400,0,-2.4477892,2.0727713,-1.1809258,0.0031543635
4.000,3.500,0,3.8233925,3.2687688,1.1696736,-0.0042984808
4.000,3.600,0,7.8844566,6.751103,1.1678768,-0.0072304782
4.000,3.700,0,10.844315,9.235105,1.1742492,-0.007633362
4.000,3.800,0,13.385944,11.326683,1.1818062,-0.0068752884
4.000,3.900,0,16.004712,13.621153,1.1749895,-0.0058022832
4.000,4.000,0,18.864342,16.834083,1.1206041,-0.0048488962
4.100,1.000,0,9.369469,17.490051,0.53570278,42.197116
4.100,1.100,0,10.009391,17.926757,0.55834925,35.984523
4.100,1.200,0,10.697856,18.397869,0.58147256,30.37485
4.100,1.300,0,11.42697,18.905042,0.60444036,25.394984
4.100,1.400,0,12.188581,19.450855,0.62663474,21.03943
4.100,1.500,0,12.974746,20.038889,0.6474783,17.279591
4.100,1.600,0,13.777986,20.673863,0.66644468,14.071806
4.100,1.700,0,14.591282,21.361854,0.68305319,11.36387
4.100,1.800,0,15.407795,22.11063,0.6968501,9.100017
4.100,1.900,0,16.220337,22.93016,0.70738003,7.2245098
4.100,2.000,0,17.020597,23.833369,0.71414986,5.6840757
4.100,2.100,0,17.798021,24.837309,0.7165841,4.4294122
4.100,2.200,0,18.538052,25.964972,0.71396386,3.4159963
4.100,2.300,0,19.218982,27.248195,0.70533046,2.6043891
4.100,2.400,0,19.805649,28.732388,0.68931441,1.9601942
4.100,2.500,0,20.23583,30.484423,0.66380885,1.4537935
4.100,2.600,0,20.388815,32.605858,0.6253114,1.0599513
4.100,2.700,0,20.0076,35.254399,0.56752065,0.75735418
4.100,2.800,0,18.491002,38.671911,0.47815072,0.5281328
4.100,2.900,0,14.305979,43.171977,0.33137189,0.35739576
4.100,3.000,0,3.4945394,48.724044,0.071721045,0.23279584
4.100,3.100,0,-20.124196,52.254305,-0.38512035,0.1441401
4.100,3.200,0,-40.412418,43.461336,-0.92984757,0.083049828
4.100,3.300,0,-29.299733,24.798275,-1.1815231,0.04267244
4.100,3.400,0,-12.786344,10.552193,-1.2117239,0.017444114
4.100,3.500,0,-2.2811786,1.9115818,-1.1933461,0.0028990788
4.100,3.600,0,4.0339605,3.4287364,1.1765152,-0.0044815759
4.100,3.700,0,8.1348534,6.9567815,1.1693415,-0.0073915537
4.100,3.800,0,11.142634,9.5284858,1.1694024,-0.007803553
4.100,3.900,0,13.741445,11.758109,1.1686782,-0.0070682757
4.100,4.000,0,16.400207,14.255349,1.1504598,-0.0060178342
4.200,1.000,0,9.1813059,17.268546,0.53167798,52.350017
4.200,1.100,0,9.8014251,17.68552,0.5542062,44.723759
4.200,1.200,0,10.468192,18.133975,0.57726958,37.830109
4.200,1.300,0,11.173854,18.615188,0.60025467,31.702811
4.200,1.400,0,11.910439,19.13127,0.62256392,26.336094
4.200,1.500,0,12.670238,19.685212,0.64364243,21.695943
4.200,1.600,0,13.446076,20.280974,0.66298967,17.729873
4.200,1.700,0,14.23134,20.923641,0.68015603,14.374858
4.200,1.800,0,15.019754,21.619652,0.69472688,11.563401
4.200,1.900,0,15.804946,22.37716,0.70629812,9.2279203
4.200,2.000,0,16.579842,23.206549,0.7144467,7.303723
4.200,2.100,0,17.335853,24.121224,0.71869707,5.7308575
4.200,2.200,0,18.061739,25.138821,0.71847994,4.4551163
4.200,2.300,0,18.741753,26.283086,0.71307277,3.4284246
4.200,2.400,0,19.352196,27.586879,0.70150001,2.6088062
4.200,2.500,0,19.854417,29.097077,0.68235091,1.960077
4.200,2.600,0,20.179676,30.882727,0.65342921,1.4513767
4.200,2.700,0,20.194387,33.048695,0.61104944,1.0566197
4.200,2.800,0,19.614625,35.757615,0.548544,0.75392097
4.200,2.900,0,17.779481,39.257468,0.45289425,0.52503455
4.200,3.000,0,13.019222,43.86118,0.29682789,0.35482746
4.200,3.100,0,1.1239958,49.476908,0.022717584,0.23080333
4.200,3.200,0,-23.726756,52.708954,-0.45014658,0.1426825
4.200,3.300,0,-42.533219,43.150313,-0.98569899,0.082041328
4.200,3.400,0,-29.569522,24.386231,-1.2125499,0.042009841
4.200,3.500,0,-12.671003,10.307264,-1.2293275,0.0170247
4.200,3.600,0,-2.0970978,1.7421144,-1.2037658,0.0026317516
4.200,3.700,0,4.2488069,3.5958124,1.1815986,-0.0046699641
4.200,3.800,0,8.3805502,7.1678424,1.1691873,-0.0075535031
4.200,3.900,0,11.42727,9.8248275,1.1631014,-0.0079710876
4.200,4.000,0,14.070588,12.188339,1.1544303,-0.0072553809
4.300,1.000,0,9.001559,17.058038,0.5277019,64.777944
4.300,1.100,0,9.602944,17.45667,0.55010172,55.432463
4.300,1.200,0,10.249219,17.884137,0.57308993,46.976326
4.300,1.300,0,10.932766,18.341401,0.59607042,39.451714
4.300,1.400,0,11.645794,18.830187,0.61846405,32.852651
4.300,1.500,0,12.380813,19.353007,0.63973589,27.138682
4.300,1.600,0,13.13093,19.913214,0.65940785,22.246737
4.300,1.700,0,13.889895,20.515114,0.67705669,18.100774
4.300,1.800,0,14.651925,21.164124,0.69230011,14.619159
4.300,1.900,0,15.411331,21.867021,0.70477508,11.720016
4.300,2.000,0,16.162021,22.632312,0.71411267,9.3248554
4.300,2.100,0,16.896874,23.470771,0.71991132,7.3608492
4.300,2.200,0,17.606962,24.39626,0.72170743,5.7620665
4.300,2.300,0,18.280392,25.426971,0.71893706,4.4699673
4.300,2.400,0,18.900326,26.587377,0.71087589,3.4333795
4.300,2.500,0,19.441187,27.911343,0.69653357,2.6081426
4.300,2.600,0,19.86089,29.44719,0.6744579,1.9565536
4.300,2.700,0,20.084103,31.266137,0.64235961,1.4467116
4.300,2.800,0,19.964062,33.476357,0.59636303,1.05183
4.300,2.900,0,19.189216,36.245408,0.52942475,0.74956105
4.300,3.000,0,17.03746,39.827271,0.42778376,0.52136094
4.300,3.100,0,11.700171,44.533269,0.26272877,0.35191148
4.300,3.200,0,-1.275106,50.20488,-0.025398049,0.2286071
4.300,3.300,0,-27.239517,53.11458,-0.51284444,0.14110957
4.300,3.400,0,-44.402894,42.808112,-1.0372542,0.08096984
4.300,3.500,0,-29.729499,23.971029,-1.2402262,0.041314029
4.300,3.600,0,-12.517408,10.057504,-1.2445839,0.016588355
4.300,3.700,0,-1.8991242,1.5665264,-1.2123155,0.0023562606
4.300,3.800,0,4.4657973,3.7684444,1.1850506,-0.0048615071
4.300,3.900,0,8.6203037,7.383104,1.1675717,-0.0077151707
4.300,4.000,0,11.697961,10.123164,1.1555637,-0.0081353826
4.400,1.000,0,8.8296699,16.857723,0.52377594,79.966532
4.400,1.100,0,9.4132925,17.239256,0.54603821,68.532539
4.400,1.200,0,10.040164,17.647219,0.56893743,58.177176
4.400,1.300,0,10.702801,18.082308,0.59189351,48.952986
4.400,1.400,0,11.39358,18.545927,0.61434404,40.853895
4.400,1.500,0,12.105219,19.040191,0.63577195,33.831785
4.400,1.600,0,12.831083,19.567965,0.65571883,27.8109
4.400,1.700,0,13.56525,20.132932,0.67378415,22.699544
4.400,1.800,0,14.302364,20.739705,0.68961273,18.39906
4.400,1.900,0,15.037318,21.394007,0.70287524,14.810331
4.400,2.000,0,15.764818,22.102927,0.71324571,11.838216
4.400,2.100,0,16.478889,22.875299,0.72037918,9.3943269
4.400,2.200,0,17.172294,23.722261,0.72388944,7.3985556
4.400,2.300,0,17.83578,24.6581,0.72332336,5.7796941
4.400,2.400,0,18.456886,25.701541,0.71812372,4.475427
4.400,2.500,0,19.017793,26.877759,0.70756616,3.4319179
4.400,2.600,0,19.491115,28.221598,0.69064535,2.6031516
4.400,2.700,0,19.83131,29.782809,0.66586432,1.9501536
4.400,2.800,0,19.95629,31.634764,0.63083418,1.4401651
4.400,2.900,0,19.705749,33.888941,0.58148024,1.0458327
4.400,3.000,0,18.739812,36.717795,0.51037411,0.74444288
4.400,3.100,0,16.273837,40.381152,0.40300577,0.51722328
4.400,3.200,0,10.358636,45.187686,0.22923582,0.34871995
4.400,3.300,0,-3.6892822,50.906726,-0.07247141,0.22625292
4.400,3.400,0,-30.641845,53.471176,-0.5730535,0.13944963
4.400,3.500,0,-46.031253,42.439682,-1.0846277,0.079852454
4.400,3.600,0,-29.792889,23.555966,-1.2647704,0.040595028
4.400,3.700,0,-12.331677,9.8053183,-1.2576518,0.016140807
4.400,3.800,0,-1.6904237,1.3865894,-1.2191235,0.0020758098
4.400,3.900,0,4.6831227,3.9453222,1.1870064,-0.0050544391
4.400,4.000,0,8.8532632,7.601543,1.1646666,-0.0078756022
4.500,1.000,0,8.665141,16.666886,0.51990162,98.501655
4.500,1.100,0,9.2318907,17.03244,0.54201809,84.533181
4.500,1.200,0,9.840351,17.422229,0.56481585,71.871778
4.500,1.300,0,10.483169,17.83672,0.58772963,60.582688
4.500,1.400,0,11.152878,18.277046,0.6102123,50.659884
4.500,1.500,0,11.842393,18.744997,0.63176285,42.04614
4.500,1.600,0,12.54531,19.243034,0.65194031,34.650494
4.500,1.700,0,13.256,19.774336,0.67036384,28.362439
4.500,1.800,0,13.969485,20.342879,0.68670145,23.062821
4.500,1.900,0,14.68115,20.953559,0.70065189,18.631748
4.500,2.000,0,15.386371,21.612375,0.71192411,14.953991
4.500,2.100,0,16.080085,22.326701,0.72021771,11.922377
4.500,2.200,0,16.756347,23.105669,0.72520503,9.4396677
4.500,2.300,0,17.407802,23.960753,0.72651316,7.4193347
4.500,2.400,0,18.024944,24.90664,0.72370034,5.7855744
4.500,2.500,0,18.59484,25.962559,0.71621753,4.4728258
4.500,2.600,0,19.098755,27.154364,0.70334017,3.4249916
4.500,2.700,0,19.507492,28.517854,0.68404486,2.5945055
4.500,2.800,0,19.771942,30.104192,0.65678368,1.9413453
4.500,2.900,0,19.803035,31.988889,0.61905979,1.4320594
4.500,3.000,0,19.426532,34.286705,0.56659081,1.0388463
4.500,3.100,0,18.273583,37.174959,0.49155622,0.7387122
4.500,3.200,0,15.495857,40.919117,0.37869481,0.5127172
4.500,3.300,0,9.002517,45.824082,0.19645821,0.34531442
4.500,3.400,0,-6.1070293,51.581533,-0.11839565,0.22377953
4.500,3.500,0,-33.916654,53.77936,-0.63066302,0.1377265
4.500,3.600,0,-47.430691,42.049712,-1.1279671,0.078703417
4.500,3.700,0,-29.77186,23.143678,-1.2863928,0.039861136
4.500,3.800,0,-12.119242,9.5526126,-1.2686835,0.015686769
4.500,3.900,0,-1.4737791,1.2037514,-1.2243218,0.0017930236
4.500,4.000,0,4.8993094,4.125344,1.1876123,-0.0052473147
4.600,1.000,0,8.5075255,16.484884,0.5160804,121.0896
4.600,1.100,0,9.0582214,16.835475,0.53804372,104.04848
4.600,1.200,0,9.6491814,17.208285,0.56072881,88.589933
4.600,1.300,0,10.273176,17.60359,0.58358416,74.794754
4.600,1.400,0,10.922891,18.022292,0.60607667,62.657158
4.600,1.500,0,11.591416,18.465906,0.62771986,52.109091
4.600,1.600,0,12.272563,18.93656,0.64808828,43.041372
4.600,1.700,0,12.960962,19.43702,0.66681837,35.320892
4.600,1.800,0,13.651965,19.970747,0.6835981,28.803838
4.600,1.900,0,14.341384,20.54198,0.69815005,23.345298
4.600,2.000,0,15.025155,21.155868,0.71021214,18.805825
4.600,2.100,0,15.698962,21.818663,0.71951987,15.055582
4.600,2.200,0,16.357874,22.53799,0.72579119,11.976649
4.600,2.300,0,16.995963,23.323254,0.72871321,9.4639866
4.600,2.400,0,17.605811,24.186239,0.72792677,7.4254788
4.600,2.500,0,18.177735,25.142003,0.72300268,5.7813742
4.600,2.600,0,18.698394,26.210254,0.71339994,4.46336
4.600,2.700,0,19.148136,27.417502,0.69839099,3.413449
4.600,2.800,0,19.495869,28.800481,0.67692858,2.5827982
4.600,2.900,0,19.688746,30.411745,0.647406,1.9305398
4.600,3.000,0,19.63045,32.328923,0.60721013,1.4226751
4.600,3.100,0,19.132447,34.670039,0.55184382,1.0310597
4.600,3.200,0,17.796353,37.617215,0.47309066,0.7324943
4.600,3.300,0,14.709225,41.441322,0.35494102,0.50792432
4.600,3.400,0,7.6381398,46.442293,0.16446517,0.34174705
4.600,3.500,0,-8.5183035,52.228675,-0.1630963,0.22121953
4.600,3.600,0,-37.049847,54.040285,-0.68559681,0.13596005
4.600,3.700,0,-48.615185,41.642571,-1.1674396,0.077534526
4.600,3.800,0,-29.677518,22.73624,-1.3052958,0.039119164
4.600,3.900,0,-11.884943,9.3008826,-1.2778296,0.015230079
4.600,4.000,0,-1.2516162,1.01919,-1.22805,0.0015100328
4.700,1.000,0,8.356419,16.311138,0.51231368,148.58126
4.700,1.100,0,8.8918186,16.647688,0.53411733,127.8185
4.700,1.200,0,9.4661183,17.004604,0.55667972,108.97039
4.700,1.300,0,10.072207,17.381993,0.57946214,92.136708
4.700,1.400,0,10.702911,17.780564,0.60194443,77.31218
4.700,1.500,0,11.351486,18.201597,0.6236533,64.415876
4.700,1.600,0,12.011934,18.64694,0.64417721,53.31679
4.700,1.700,0,12.67912,19.119021,0.66316783,43.854678
4.700,1.800,0,13.348683,19.620878,0.68033057,35.856071
4.700,1.900,0,14.016805,20.15622,0.69540841,29.145933
4.700,2.000,0,14.679895,20.729523,0.70816368,23.555644
4.700,2.100,0,15.33426,21.346162,0.71836146,18.928045
4.700,2.200,0,15.975786,22.012608,0.72575617,15.120259
4.700,2.300,0,16.599645,22.736713,0.73008113,12.004898
4.700,2.400,0,17.199961,23.528129,0.73103818,9.4701384
4.700,2.500,0,17.769317,24.398921,0.72828291,7.4190684
4.700,2.600,0,18.297911,25.364494,0.72139862,5.7685912
4.700,2.700,0,18.771988,26.445014,0.70984982,4.4480952
4.700,2.800,0,19.170912,27.667621,0.69290063,3.3980394
4.700,2.900,0,19.461549,29.069969,0.66947264,2.5685508
4.700,3.000,0,19.587109,30.705979,0.63789233,1.918095
4.700,3.100,0,19.443776,32.655383,0.59542332,1.412255
4.700,3.200,0,18.828418,35.039431,0.53734943,1.0226353
4.700,3.300,0,17.312685,38.044979,0.45505835,0.72589617
4.700,3.400,0,13.918351,41.948037,0.33179981,0.50291392
4.700,3.500,0,6.2706555,47.042309,0.13329821,0.33806178
4.700,3.600,0,-10.914067,52.847791,-0.20651888,0.21860018
4.700,3.700,0,-40.029962,54.255554,-0.73780395,0.13416676
4.700,3.800,0,-49.59966,41.222256,-1.2032253,0.07635547
4.700,3.900,0,-29.520005,22.335264,-1.321677,0.03837466
4.700,4.000,0,-11.633116,9.0512896,-1.2852441,0.014773843
4.800,1.000,0,8.2114533,16.145121,0.50860277,182.00104
4.800,1.100,0,8.73226,16.468473,0.53024102,156.73455
4.800,1.200,0,9.290678,16.810481,0.55267175,133.78272
4.800,1.300,0,9.8797086,17.171106,0.57536822,113.26849
4.800,1.400,0,10.492311,17.550887,0.59782225,95.187439
4.800,1.500,0,11.121891,17.950909,0.61957257,79.443336
4.800,1.600,0,11.762626,18.372783,0.64022016,65.879039
4.800,1.700,0,12.409589,18.818653,0.65943024,54.301728
4.800,1.800,0,13.05867,19.291206,0.67692347,44.502289
4.800,1.900,0,13.706372,19.793723,0.69246054,36.269446
4.800,2.000,0,14.349511,20.330135,0.70582465,29.39945
4.800,2.100,0,14.98491,20.905123,0.71680566,23.702218
4.800,2.200,0,15.609129,21.524258,0.72518779,19.004791
4.800,2.300,0,16.218214,22.194206,0.73074089,15.152813
4.800,2.400,0,16.807461,22.923018,0.73321324,12.010668
4.800,2.500,0,17.371098,23.720566,0.73232225,9.4607113
4.800,2.600,0,17.901755,24.59917,0.72773817,7.4019711
4.800,2.700,0,18.389507,25.574564,0.71905458,5.7485579
4.800,2.800,0,18.820125,26.667347,0.70573669,4.4279719
4.800,2.900,0,19.171858,27.905275,0.68703346,3.3794196
4.800,3.000,0,19.409354,29.326898,0.66182773,2.552217
4.800,3.100,0,19.471681,30.987489,0.62837234,1.9043206
4.800,3.200,0,19.24732,32.968855,0.58380311,1.4010079
4.800,3.300,0,18.518316,35.39544,0.52318367,1.013712
4.800,3.400,0,16.826066,38.458747,0.43750947,0.7190087
4.800,3.500,0,13.126653,42.439629,0.30930178,0.4977444
4.800,3.600,0,4.9044107,47.624245,0.10298138,0.3342954
4.800,3.700,0,-13.285982,53.438749,-0.24862076,0.2159441
4.800,3.800,0,-42.848038,54.427139,-0.787255,0.13236018
4.800,3.900,0,-50.399618,40.792378,-1.2355156,0.075174143
4.800,4.000,0,-29.308634,21.941973,-1.3357337,0.037632097
4.900,1.000,0,8.0722909,15.986354,0.50494885,222.5815
4.900,1.100,0,8.5791605,16.297281,0.52641667,191.86939
4.900,1.200,0,9.1224208,16.62528,0.54870779,163.95351
4.900,1.300,0,9.6951807,16.970186,0.57130668,138.98498
4.900,1.400,0,10.290523,17.332393,0.59371623,116.96074
4.900,1.500,0,10.901995,17.712817,0.61548623,97.766344
4.900,1.600,0,11.52393,18.112867,0.63622894,81.213361
4.900,1.700,0,12.151586,18.534448,0.65562169,67.069884
4.900,1.800,0,12.781077,18.979957,0.67339862,55.083973
4.900,1.900,0,13.409181,19.452319,0.68933587,45.000773
4.900,2.000,0,14.033062,19.95502,0.70323467,36.57426
4.900,2.100,0,14.649985,20.492185,0.71490598,29.574708
4.900,2.200,0,15.257065,21.068672,0.72415883,23.792906
4.900,2.300,0,15.851055,21.690222,0.73079266,19.041988
4.900,2.400,0,16.428171,22.363668,0.73459201,15.157633
4.900,2.500,0,16.983875,23.097235,0.7353207,11.997168
4.900,2.600,0,17.512533,23.900988,0.73271169,9.4380264
4.900,2.700,0,18.006821,24.787488,0.726448,7.3758474
4.900,2.800,0,18.456631,25.772769,0.71612913,5.7224502
4.900,2.900,0,18.847145,26.877852,0.70121469,4.4038143
4.900,3.000,0,19.155341,28.131089,0.68093138,3.3581615
4.900,3.100,0,19.343478,29.571909,0.65411665,2.5341894
4.900,3.200,0,19.346316,31.25692,0.61894504,1.8894832
4.900,3.300,0,19.044489,33.269976,0.5724227,1.3891124
4.900,3.400,0,18.2051,35.738673,0.50939496,1.0044078
4.900,3.500,0,16.339138,38.859065,0.42047172,0.71190861
4.900,3.600,0,12.336843,42.916527,0.28746136,0.49246476
4.900,3.700,0,3.543227,48.188321,0.07352875,0.33047851
4.900,3.800,0,-15.626295,54.001618,-0.28936716,0.21326995
4.900,3.900,0,-45.49763,54.557296,-0.83394218,0.13055138
4.900,4.000,0,-51.030916,40.356153,-1.2645139,0.073996917
5.000,1.000,0,7.9386216,15.834397,0.50135294,271.8048
5.000,1.100,0,8.4321668,16.13361,0.52264599,234.51339
5.000,1.200,0,8.9609453,16.448426,0.54479046,200.59765
5.000,1.300,0,9.5181684,16.778567,0.56728137,170.24301
5.000,1.400,0,10.097036,17.124304,0.58963191,143.44831
5.000,1.500,0,10.691223,17.486405,0.61140201,120.07747
5.000,1.600,0,11.295209,17.866111,0.63221421,99.90463
5.000,1.700,0,11.904413,18.26512,0.65175665,82.650986
5.000,1.800,0,12.515147,18.685587,0.66977543,68.013171
5.000,1.900,0,13.124429,19.130139,0.68606032,55.683947
5.000,2.000,0,13.729722,19.601897,0.70042826,45.366445
5.000,2.100,0,14.328667,20.104531,0.71270836,36.783228
5.000,2.200,0,14.918844,20.642329,0.72273068,29.68143
5.000,2.300,0,15.497589,21.220298,0.73031909,23.835016
5.000,2.400,0,16.06185,21.844322,0.73528715,19.045056
5.000,2.500,0,16.608039,22.521375,0.73743449,15.138688
5.000,2.600,0,17.131811,23.259834,0.73654054,11.967276
5.000,2.700,0,17.627672,24.06994,0.73235213,9.404146
5.000,2.800,0,18.088284,24.964467,0.7245612,7.3421615
5.000,2.900,0,18.503258,25.959742,0.71276739,5.6912977
5.000,3.000,0,18.857042,27.077187,0.69641807,4.3763399
5.000,3.100,0,19.125189,28.345735,0.67471136,3.33476
5.000,3.200,0,19.267424,29.805681,0.64643462,2.5148057
5.000,3.300,0,19.214089,31.514945,0.60968181,1.8738106
5.000,3.400,0,18.837907,33.559405,0.56133019,1.3767204
5.000,3.500,0,17.891001,36.069762,0.49601106,0.99482239
5.000,3.600,0,15.853927,39.246513,0.4039576,0.70466037
5.000,3.700,0,11.55116,43.37921,0.26628331,0.48711584
5.000,3.800,0,2.1905651,48.734838,0.044948648,0.32663642
5.000,3.900,0,-17.927866,54.536646,-0.32873063,0.210593
5.000,4.000,0,-47.974893,54.648487,-0.87788145,0.12874931
5.100,1.000,0,7.810159,15.688849,0.49781593,331.45219
5.100,1.100,0,8.2909536,15.977002,0.51893049,286.21779
5.100,1.200,0,8.8058829,16.279391,0.54092212,245.05588
5.100,1.300,0,9.3482553,16.595642,0.56329578,208.19357
5.100,1.400,0,9.9113812,16.925916,0.58557429,175.6324
5.100,1.500,0,10.489055,17.270855,0.60732692,147.21053
5.100,1.600,0,11.075886,17.631552,0.62818554,122.65732
5.100,1.700,0,11.66744,18.009532,0.64784806,101.63775
5.100,1.800,0,12.260202,18.406743,0.66607122,83.786706
5.100,1.900,0,12.851399,18.825562,0.68265685,68.734025
5.100,2.000,0,13.438753,19.268806,0.69743568,56.121713
5.100,2.100,0,14.020225,19.739772,0.71025263,45.614943
5.100,2.200,0,14.593789,20.24228,0.7209558,36.90831
5.100,2.300,0,15.157264,20.780751,0.72938961,29.728613
5.100,2.400,0,15.708194,21.36032,0.73539134,23.835228
5.100,2.500,0,16.243741,21.986985,0.73878892,19.018895
5.100,2.600,0,16.760536,22.66784,0.73939711,15.099535
5.100,2.700,0,17.254422,23.411394,0.73700956,11.923544
5.100,2.800,0,17.719994,24.228044,0.7313836,9.3608876
5.100,2.900,0,18.149811,25.130766,0.72221479,7.3021954
5.100,3.000,0,18.533068,26.136162,0.70909676,5.6559968
5.100,3.100,0,18.853341,27.266042,0.69145866,4.3461694
5.100,3.200,0,19.084625,28.549908,0.66846538,3.3096408
5.100,3.300,0,19.184018,30.028906,0.6388517,2.494355
5.100,3.400,0,19.077393,31.76225,0.60063103,1.8574968
5.100,3.500,0,18.629563,33.837813,0.55055457,1.3639604
5.100,3.600,0,17.577709,36.38935,0.48304543,0.98503975
5.100,3.700,0,15.372034,39.621683,0.38797023,0.6973178
5.100,3.800,0,10.771518,43.828187,0.2457669,0.48173147
5.100,3.900,0,0.84957815,49.264158,0.01724536,0.3227899
5.100,4.000,0,-20.18431,55.044225,-0.3666926,0.20792566
5.200,1.000,0,7.6866375,15.549338,0.49433858,403.66326
5.200,1.100,0,8.1552205,15.827037,0.51527148,348.8464
5.200,1.200,0,8.6568935,16.117697,0.53710485,298.93959
5.200,1.300,0,9.1850584,16.420861,0.55935303,254.22052
5.200,1.400,0,9.7331295,16.736593,0.58154785,214.69437
5.200,1.500,0,10.295012,17.065426,0.60326722,180.16876
5.200,1.600,0,10.865434,17.408326,0.62415155,150.31942
5.200,1.700,0,11.440092,17.76667,0.64390753,124.74396
5.200,1.800,0,12.015624,18.142229,0.66230145,103.00319
5.200,1.900,0,12.58944,18.537167,0.67914584,84.651376
5.200,2.000,0,13.159485,18.954048,0.69428361,69.257075
5.200,2.100,0,13.723995,19.395854,0.7075736,56.416467
5.200,2.200,0,14.281278,19.866024,0.71887952,45.760951
5.200,2.300,0,14.829559,20.368501,0.72806334,36.96056
5.200,2.400,0,15.366872,20.907817,0.73498213,29.72447
5.200,2.500,0,15.890979,21.489204,0.73948665,23.799573
5.200,2.600,0,16.399272,22.118757,0.74141924,18.967887
5.200,2.700,0,16.888596,22.803669,0.74060871,15.043327
5.200,2.800,0,17.354939,23.552563,0.73685987,11.868223
5.200,2.900,0,17.792899,24.375978,0.72993581,9.309842
5.200,3.000,0,18.194812,25.287078,0.71953001,7.2570644
5.200,3.100,0,18.549328,26.302729,0.70522448,5.6173225
5.200,3.200,0,18.839032,27.445119,0.68642561,4.3138366
5.200,3.300,0,19.036275,28.744308,0.66226244,3.2831684
5.200,3.400,0,19.095479,30.242276,0.63141673,2.4730834
5.200,3.500,0,18.938057,31.999515,0.59182325,1.8407061
5.200,3.600,0,18.420959,34.105862,0.54011124,1.3509407
5.200,3.700,0,17.266528,36.698073,0.47050231,0.97513006
5.200,3.800,0,14.894762,39.985172,0.37250715,0.6899256
5.200,3.900,0,9.9995846,44.263979,0.22590795,0.47633952
5.200,4.000,0,-0.47691289,49.776688,-0.0095810491,0.31895587
5.300,1.000,0,7.5678104,15.415521,0.49092146,491.00668
5.300,1.100,0,8.0246885,15.683326,0.51167007,424.63738
5.300,1.200,0,8.5136628,15.962904,0.53334048,364.18436
5.300,1.300,0,9.0282241,16.253719,0.5554559,309.98661
5.300,1.400,0,9.5618854,16.555754,0.57755662,262.05424
5.300,1.500,0,10.108656,16.869449,0.59922857,220.15848
5.300,1.600,0,10.66337,17.195657,0.62011997,183.91099
5.300,1.700,0,11.221845,17.535627,0.63994547,152.82864
5.300,1.800,0,11.780851,17.89098,0.65847994,126.38338
5.300,1.900,0,12.337958,18.263698,0.67554542,104.03878
5.300,2.000,0,12.891305,18.65613,0.6909957,85.275176
5.300,2.100,0,13.439366,19.070996,0.70470185,69.605845
5.300,2.200,0,13.980734,19.511414,0.71654131,56.586208
5.300,2.300,0,14.513975,19.980935,0.72639121,45.818026
5.300,2.400,0,15.037531,20.483601,0.73412537,36.95006
5.300,2.500,0,15.549653,21.024029,0.73961338,29.676412
5.300,2.600,0,16.048333,21.607528,0.74271956,23.733442
5.300,2.700,0,16.531187,22.24027,0.74329975,18.895917
5.300,2.800,0,16.995234,22.929531,0.74119413,14.97284
5.300,2.900,0,17.436528,23.684033,0.73621448,11.80328
5.300,3.000,0,17.849564,24.514445,0.72812433,9.2523925
5.300,3.100,0,18.226335,25.434111,0.71660985,7.2077332
5.300,3.200,0,18.554837,26.460149,0.70123705,5.575942
5.300,3.300,0,18.816579,27.615117,0.68138688,4.2797991
5.300,3.400,0,18.982224,28.929622,0.65615181,3.2556532
5.300,3.500,0,19.003523,30.446467,0.62416184,2.4511995
5.300,3.600,0,18.797472,32.2274,0.58327609,1.8235771
5.300,3.700,0,18.213251,34.364197,0.53000659,1.3377519
5.300,3.800,0,16.958491,36.996551,0.45838033,0.96515174
5.300,3.900,0,14.423202,40.337563,0.35756254,0.68252069
5.300,4.000,0,9.2367985,44.687111,0.20669939,0.47096277
5.400,1.000,0,7.4534479,15.287084,0.48756506,596.56477
5.400,1.100,0,7.8990987,15.545514,0.5081272,516.27714
5.400,1.200,0,8.3758991,15.814606,0.52963058,443.11405
5.400,1.300,0,8.877425,16.093755,0.55160682,377.48878
5.400,1.400,0,9.3972836,16.382872,0.57360416,319.4179
5.400,1.500,0,9.9295803,16.682314,0.59521599,268.62942
5.400,1.600,0,10.46925,16.99284,0.61609771,224.65839
5.400,1.700,0,11.012214,17.315586,0.63597121,186.92496
5.400,1.800,0,11.555363,17.652043,0.65461903,154.79456
5.400,1.900,0,12.096405,18.004039,0.67187178,127.62191
5.400,2.000,0,12.633651,18.373737,0.6875929,104.78145
5.400,2.100,0,13.165775,18.763636,0.70166438,85.686894
5.400,2.200,0,13.691618,19.176586,0.71397577,69.802361
5.400,2.300,0,14.210035,19.615811,0.72441744,56.647536
5.400,2.400,0,14.719809,20.084948,0.73287762,45.798521
5.400,2.500,0,15.219593,20.588115,0.73924168,36.885896
5.400,2.600,0,15.707862,21.129991,0.74339178,29.591056
5.400,2.700,0,16.182832,21.715945,0.74520508,23.641613
5.400,2.800,0,16.642307,22.352208,0.74454866,18.806405
5.400,2.900,0,17.083409,23.046128,0.74127025,14.890502
5.400,3.000,0,17.502162,23.806514,0.73518374,11.730427
5.400,3.100,0,17.892845,24.644156,0.72604821,9.1897354
5.400,3.200,0,18.247008,25.572569,0.71353833,7.1550316
5.400,3.300,0,18.551914,26.609115,0.69720145,5.5324264
5.400,3.400,0,18.787952,27.776716,0.67639213,4.2444463
5.400,3.500,0,18.924098,29.106516,0.65016707,3.2273585
5.400,3.600,0,18.909467,30.64213,0.6171068,2.4288794
5.400,3.700,0,18.656709,32.446543,0.57499836,1.8062259
5.400,3.800,0,18.00734,34.613434,0.52024135,1.3244697
5.400,3.900,0,16.654435,37.285383,0.44667465,0.95515312
5.400,4.000,0,13.958255,40.679423,0.34312814,0.67513333
5.500,1.000,0,7.3433355,15.163731,0.4842697,724.03442
5.500,1.100,0,7.7782094,15.413271,0.50464365,626.98845
5.500,1.200,0,8.2433307,15.672431,0.52597653,538.51727
5.500,1.300,0,8.7323567,15.940544,0.54780793,459.12398
5.500,1.400,0,9.2389847,16.217462,0.56969363,388.83361
5.500,1.500,0,9.7574107,16.503467,0.59123398,327.32286
5.500,1.600,0,10.282661,16.799236,0.61209097,274.03514
5.500,1.700,0,10.810752,17.105808,0.63199307,228.27483
5.500,1.800,0,11.33868,17.424561,0.65072976,189.27965
5.500,1.900,0,11.864277,17.757189,0.66813933,156.2738
5.500,2.000,0,12.385998,18.105699,0.68409389,128.50466
5.500,2.100,0,12.902696,18.472399,0.69848513,105.26638
5.500,2.200,0,13.413422,18.859912,0.7112134,85.913444
5.500,2.300,0,13.917279,19.271185,0.72218075,69.866918
5.500,2.400,0,14.413336,19.709523,0.73128791,56.61556
5.500,2.500,0,14.90058,20.178629,0.73843371,45.713559
5.500,2.600,0,15.377879,20.682672,0.74351511,36.776178
5.500,2.700,0,15.843926,21.226376,0.74642633,29.474265
5.500,2.800,0,16.297128,21.815153,0.74705538,23.528286
5.500,2.900,0,16.735411,22.455285,0.74527715,18.70234
5.500,3.000,0,17.155914,23.154176,0.74094255,14.798425
5.500,3.100,0,17.554529,23.920717,0.73386298,11.651141
5.500,3.200,0,17.925224,24.765811,0.7237891,9.1228999
5.500,3.300,0,18.259031,25.703136,0.71038143,7.0996704
5.500,3.400,0,18.542437,26.750297,0.69316754,5.4872625
5.500,3.500,0,18.75471,27.930569,0.67147613,4.2081089
5.500,3.600,0,18.863162,29.275626,0.64432994,3.1985067
5.500,3.700,0,18.81433,30.829883,0.61026278,2.4062707
5.500,3.800,0,18.516604,32.657544,0.56699315,1.7887496
5.500,3.900,0,17.803946,34.85416,0.51081265,1.3111567
5.500,4.000,0,16.355037,37.565134,0.43537811,0.94517395
5.600,1.000,0,7.2372728,15.045192,0.48103559,877.84767
5.600,1.100,0,7.6617952,15.286291,0.50122003,760.63586
5.600,1.200,0,8.1157046,15.536033,0.52237945,653.73872
5.600,1.300,0,8.5927359,15.793697,0.5440611,557.76791
5.600,1.400,0,9.086673,16.059078,0.56582783,472.7595
5.600,1.500,0,9.5917978,16.332399,0.58728651,398.32915
5.600,1.600,0,10.10322,16.614262,0.60810524,333.8108
5.600,1.700,0,10.617043,16.905622,0.62801849,278.37019
5.600,1.800,0,11.130357,17.207758,0.64682201,231.09208
5.600,1.900,0,11.6411,17.522252,0.66436099,191.04417
5.600,2.000,0,12.147858,17.85097,0.68051529,157.32143
5.600,2.100,0,12.649635,18.196061,0.69518536,129.07455
5.600,2.200,0,13.145665,18.559953,0.70828117,105.5264
5.600,2.300,0,13.635262,18.945359,0.71971516,85.979603
5.600,2.400,0,14.117739,19.355302,0.72939906,69.817971
5.600,2.500,0,14.592361,19.793143,0.73724327,56.503877
5.600,2.600,0,15.058318,20.262627,0.74315725,45.573062
5.600,2.700,0,15.514686,20.767959,0.74704915,36.628086
5.600,2.800,0,15.960346,21.313893,0.74882357,29.331191
5.600,2.900,0,16.393838,21.905874,0.74837634,23.397134
5.600,3.000,0,16.813132,22.550219,0.74558618,18.586318
5.600,3.100,0,17.215288,23.254385,0.74030288,14.698431
5.600,3.200,0,17.595977,24.027337,0.73233158,11.566697
5.600,3.300,0,17.94879,24.880085,0.72141192,9.0527673
5.600,3.400,0,18.264197,25.826469,0.70718907,7.0422554
5.600,3.500,0,18.527903,26.884329,0.68917111,5.4408635
5.600,3.600,0,18.718072,28.07729,0.66666234,4.171066
5.600,3.700,0,18.800401,29.437549,0.63865375,3.1692844
5.600,3.800,0,18.718913,31.010306,0.60363522,2.3834972
5.600,3.900,0,18.377821,32.860968,0.55925988,1.7712286
5.600,4.000,0,17.603647,35.086926,0.50171528,1.2978645
5.700,1.000,0,7.135072,14.931214,0.47786283,1063.3156
5.700,1.100,0,7.5496454,15.164291,0.49785678,921.85139
5.700,1.200,0,7.9927843,15.405095,0.51884031,792.7883
5.700,1.300,0,8.4582982,15.652851,0.5403679,676.8691
5.700,1.400,0,8.9400544,15.90731,0.56200917,574.14408
5.700,1.500,0,9.4324163,16.168643,0.58337711,484.15645
5.700,1.600,0,9.9305708,16.437384,0.60414544,406.10927
5.700,1.700,0,10.4307,16.714416,0.62405413,339.00242
5.700,1.800,0,10.929977,17.000932,0.6429046,281.7374
5.700,1.900,0,11.426437,17.298414,0.66054824,233.1944
5.700,2.000,0,11.918775,17.608611,0.67687194,192.28563
5.700,2.100,0,12.406129,17.933531,0.69178399,157.98974
5.700,2.200,0,12.887891,18.275434,0.70520302,129.37162
5.700,2.300,0,13.363557,18.636835,0.71705075,105.59173
5.700,2.400,0,13.832646,19.020518,0.72724866,85.907877
5.700,2.500,0,14.294658,19.429553,0.73571728,69.672112
5.700,2.600,0,14.749048,19.867338,0.74237669,56.324606
5.700,2.700,0,15.195203,20.337645,0.74714667,45.385809
5.700,2.800,0,15.63238,20.844697,0.74994518,36.447927
5.700,2.900,0,16.059595,21.393269,0.75068449,29.166334
5.700,3.000,0,16.475449,21.988825,0.74926465,23.251344
5.700,3.100,0,16.877871,22.637715,0.74556424,18.460584
5.700,3.200,0,17.26376,23.347441,0.73942834,14.59209
5.700,3.300,0,17.628501,24.127039,0.73065332,11.478182
5.700,3.400,0,17.965264,24.987623,0.71896651,8.9800889
5.700,3.500,0,18.263949,25.943189,0.70399785,6.983301
5.700,3.600,0,18.509495,27.011811,0.68523709,5.3935785
5.700,3.700,0,18.678998,28.217458,0.66196601,4.1335526
5.700,3.800,0,18.736593,29.592842,0.63314612,3.1398482
5.700,3.900,0,18.623854,31.183941,0.59722579,2.3606614
5.700,4.000,0,18.240893,33.057342,0.55179552,1.7537296
5.800,1.000,0,7.0365576,14.821562,0.47475141,1286.8
5.800,1.100,0,7.4415626,15.04701,0.49455425,1116.1846
5.800,1.200,0,7.8743486,15.279321,0.51535985,960.47128
5.800,1.300,0,8.3287961,15.517674,0.53672968,820.56105
5.800,1.400,0,8.7988536,15.761782,0.55823978,696.52249
5.800,1.500,0,9.2789622,16.011769,0.57950887,587.81278
5.800,1.600,0,9.7643802,16.268113,0.60021591,493.47858
5.800,1.700,0,10.251361,16.53163,0.6201059,412.3213
5.800,1.800,0,10.737153,16.803441,0.63898539,343.02307
5.800,1.900,0,11.219875,17.08494,0.6567114,284.23941
5.800,2.000,0,11.698319,17.377772,0.67317711,234.66351
5.800,2.100,0,12.17174,17.683825,0.68829792,193.0677
5.800,2.200,0,12.639665,18.005214,0.70200024,158.32747
5.800,2.300,0,13.101748,18.344284,0.71421418,129.43264
5.800,2.400,0,13.557685,18.703612,0.72486991,105.48978
5.800,2.500,0,14.007174,19.086025,0.73389687,85.718491
5.800,2.600,0,14.44989,19.494624,0.74122436,69.444124
5.800,2.700,0,14.885473,19.932824,0.74678194,56.088462
5.800,2.800,0,15.313481,20.404411,0.75049854,45.159507
5.800,2.900,0,15.733304,20.913615,0.75229959,36.241207
5.800,3.000,0,16.144031,21.465222,0.75210176,28.983601
5.800,3.100,0,16.544244,22.06471,0.74980563,23.093671
5.800,3.200,0,16.931753,22.718456,0.74528627,18.327067
5.800,3.300,0,17.303237,23.434003,0.7383816,14.480745
5.800,3.400,0,17.653753,24.220454,0.72887787,11.386527
5.800,3.500,0,17.97604,25.089028,0.71649009,8.9055026
5.800,3.600,0,18.259439,26.053875,0.70083391,6.9232418
5.800,3.700,0,18.488152,27.133298,0.68138241,5.3457014
5.800,3.800,0,18.638253,28.351606,0.65739672,4.0957653
5.800,3.900,0,18.672364,29.742021,0.62781085,3.110328
5.800,4.000,0,18.529665,31.351286,0.59103366,2.3378485
5.900,1.000,0,6.9415648,14.71602,0.47170123,1555.9184
5.900,1.100,0,7.3373616,14.934201,0.49131261,1350.2816
5.900,1.200,0,7.7601905,15.158437,0.5119387,1162.5438
5.900,1.300,0,8.2039982,15.387856,0.53314758,993.79624
5.900,1.400,0,8.6628132,15.622142,0.55452148,844.1313
5.900,1.500,0,9.1311512,15.861381,0.5756845,712.90398
5.900,1.600,0,9.6043366,16.105998,0.5963205,598.97404
5.900,1.700,0,10.078688,16.356752,0.61617905,500.90547
5.900,1.800,0,10.551521,16.614701,0.6350714,417.11784
5.900,1.900,0,11.021027,16.881159,0.65285963,345.9976
5.900,2.000,0,11.486086,17.157685,0.66944263,285.97556
5.900,2.100,0,11.946053,17.446059,0.6847422,235.57679
5.900,2.200,0,12.400573,17.748273,0.69869183,193.44963
5.900,2.300,0,12.849436,18.06652,0.71122917,158.37934
5.900,2.400,0,13.292491,18.403204,0.7222922,129.29097
5.900,2.500,0,13.729601,18.760941,0.73181833,105.24517
5.900,2.600,0,14.160627,19.142582,0.73974489,85.429452
5.900,2.700,0,14.585417,19.551241,0.7460098,69.147071
5.900,2.800,0,15.003771,19.990338,0.75055114,55.804852
5.900,2.900,0,15.415376,20.463658,0.75330499,44.900882
5.900,3.000,0,15.819698,20.975433,0.75420126,36.012706
5.900,3.100,0,16.215824,21.530452,0.75315764,28.786367
5.900,3.200,0,16.602249,22.134204,0.75007209,22.926483
5.900,3.300,0,16.976605,22.793088,0.74481373,18.187418
5.900,3.400,0,17.33531,23.514688,0.737212,14.365542
5.900,3.500,0,17.673084,24.308173,0.72704286,11.292519
5.900,3.600,0,17.982239,25.184863,0.71400981,8.8295476
5.900,3.700,0,18.251587,26.159063,0.69771562,6.8624437
5.900,3.800,0,18.464626,27.249301,0.67761835,5.2974782
5.900,3.900,0,18.596454,28.480226,0.65296018,4.0578681
5.900,4.000,0,18.608218,29.88556,0.62264914,3.0808319
6.000,1.000,0,6.8499394,14.614385,0.46871211,1879.7885
6.000,1.100,0,7.2368697,14.825641,0.48813198,1632.0992
6.000,1.200,0,7.650116,15.04219,0.50857729,1405.8981
6.000,1.300,0,8.0836876,15.263111,0.52962253,1202.506
6.000,1.400,0,8.5316917,15.488067,0.55085581,1022.0455
6.000,1.500,0,8.9887167,15.717113,0.57190636,863.75065
6.000,1.600,0,9.4501479,15.950624,0.59246258,726.2576
6.000,1.700,0,9.9123633,16.189311,0.61227826,607.84651
6.000,1.800,0,10.372739,16.434173,0.63116889,506.62273
6.000,1.900,0,10.829532,16.68646,0.64900116,420.65061
6.000,2.000,0,11.281696,16.94765,0.66567909,348.0467
6.000,2.100,0,11.728676,17.219431,0.68113031,287.03986
6.000,2.200,0,12.17022,17.503686,0.69529472,236.00623
6.000,2.300,0,12.606236,17.80248,0.70811683,193.48576
6.000,2.400,0,13.036701,18.118063,0.71954168,158.18589
6.000,2.500,0,13.461623,18.452871,0.72951378,128.97654
6.000,2.600,0,13.881019,18.809539,0.73797759,104.87981
6.000,2.700,0,14.294904,19.190927,0.74487826,85.056662
6.000,2.800,0,14.703277,19.600147,0.75016158,68.792411
6.000,2.900,0,15.106062,20.040613,0.75377242,55.481978
6.000,3.000,0,15.503021,20.516104,0.75565131,44.61577
6.000,3.100,0,15.893632,21.030846,0.75572953,35.766548
6.000,3.200,0,16.276912,21.589626,0.75392286,28.577531
6.000,3.300,0,16.651215,22.197943,0.75012426,22.751806
6.000,3.400,0,17.01396,22.862216,0.74419557,18.043047
6.000,3.500,0,17.361288,23.59007,0.73595747,14.247451
6.000,3.600,0,17.687586,24.390739,0.7251763,11.196826
6.000,3.700,0,17.984765,25.275645,0.71154526,8.7526782
6.000,3.800,0,18.241135,26.259244,0.69465578,6.8012137
6.000,3.900,0,18.439532,27.36029,0.67395235,5.2491145
6.000,4.000,0,18.554104,28.603766,0.64865947,4.0199969
0.100,1.000,1par,13.614801,24.723128,0.55069089,0.00027862828
0.100,1.100,1par,14.951313,26.375439,0.56686498,0.00032482883
0.100,1.200,1par,15.962024,27.671043,0.57684939,0.0003585174
0.100,1.300,1par,16.722122,28.745138,0.58173743,0.00038025722
0.100,1.400,1par,17.270605,29.667208,0.58214461,0.0003911755
0.100,1.500,1par,17.631846,30.474257,0.57858167,0.00039274911
0.100,1.600,1par,17.825876,31.18596,0.57159942,0.00038661927
0.100,1.700,1par,17.873239,31.812261,0.56183492,0.00037444478
0.100,1.800,1par,17.797026,32.357542,0.55001167,0.00035779539
0.100,1.900,1par,17.623299,32.823138,0.53691696,0.00033808211
0.100,2.000,1par,17.380499,33.209014,0.5233669,0.00031651868
0.100,2.100,1par,17.098113,33.514998,0.51016304,0.0002941074
0.100,2.200,1par,16.804832,33.741715,0.49804321,0.00027164272
0.100,2.300,1par,16.526433,33.891287,0.48763073,0.00024972667
0.100,2.400,1par,16.283772,33.967776,0.47938882,0.0002287914
0.100,2.500,1par,16.091277,33.97735,0.47358836,0.00020912491
0.100,2.600,1par,15.956285,33.928162,0.4702962,0.00019089734
0.100,2.700,1par,15.879354,33.829975,0.4693871,0.00017418598
0.100,2.800,1par,15.855437,33.693589,0.47057727,0.00015899773
0.100,2.900,1par,15.875612,33.530162,0.47347257,0.0001452886
0.100,3.000,1par,15.928953,33.350532,0.47762214,0.00013297989
0.100,3.100,1par,16.004199,33.164612,0.48256857,0.00012197131
0.100,3.200,1par,16.091017,32.980943,0.48788832,0.00011215105
0.100,3.300,1par,16.180762,32.806406,0.49321959,0.00010340349
0.100,3.400,1par,16.26683,32.646126,0.49827749,9.5614642e-05
0.100,3.500,1par,16.344672,32.503513,0.50285862,8.8675857e-05
0.100,3.600,1par,16.41161,32.380424,0.5068374,8.2486203e-05
0.100,3.700,1par,16.466536,32.2774,0.51015683,7.6953719e-05
0.100,3.800,1par,16.509557,32.193936,0.51281574,7.1995917e-05
0.100,3.900,1par,16.541636,32.128755,0.51485456,6.7539722e-05
0.100,4.000,1par,16.564255,32.080068,0.51634103,6.3521041e-05
0.200,1.000,1par,13.92181,25.20748,0.55228886,0.00060260463
0.200,1.100,1par,15.106827,26.650831,0.56684261,0.00067752419
0.200,1.200,1par,16.040631,27.838655,0.57619993,0.00073266435
0.200,1.300,1par,16.759652,28.851275,0.58089814,0.0007680199
0.200,1.400,1par,17.285826,29.735228,0.5813248,0.00078479383
0.200,1.500,1par,17.635402,30.517164,0.5778847,0.00078504688
0.200,1.600,1par,17.824146,31.211727,0.5710721,0.00077135221
0.200,1.700,1par,17.870099,31.826218,0.56148986,0.00074649427
0.200,1.800,1par,17.794714,32.363505,0.54983889,0.00071323112
0.200,1.900,1par,17.622906,32.82397,0.53689138,0.00067412482
0.200,2.000,1par,17.382292,33.206917,0.52345395,0.00063143484
0.200,2.100,1par,17.101793,33.51167,0.51032349,0.00058706412
0.200,2.200,1par,16.809752,33.738438,0.49823742,0.00054254561
0.200,2.300,1par,16.531804,33.888979,0.48782242,0.00049905752
0.200,2.400,1par,16.288823,33.967029,0.47954806,0.00045745692
0.200,2.500,1par,16.095384,33.978465,0.47369366,0.00041832331
0.200,2.600,1par,15.959041,33.93119,0.47033543,0.00038200596
0.200,2.700,1par,15.880592,33.834765,0.46935724,0.00034867045
0.200,2.800,1par,15.855206,33.699838,0.47048316,0.00031834173
0.200,2.900,1par,15.874124,33.537475,0.47332495,0.00029094192
0.200,3.000,1par,15.926515,33.358473,0.47743537,0.00026632222
0.200,3.100,1par,16.001155,33.172751,0.48235839,0.00024428896
0.200,3.200,1par,16.087692,32.988892,0.48766997,0.00022462394
0.200,3.300,1par,16.177436,32.813846,0.4930064,0.00020709992
0.200,3.400,1par,16.263715,32.652816,0.49808001,0.00019149175
0.200,3.500,1par,16.34191,32.509293,0.50268426,0.00017758411
0.200,3.600,1par,16.40928,32.385213,0.50669052,0.00016517637
0.200,3.700,1par,16.464663,32.281181,0.51003906,0.0001540853
0.200,3.800,1par,16.508126,32.196746,0.51272652,0.00014414627
0.200,3.900,1par,16.540604,32.130671,0.51479175,0.00013521321
0.200,4.000,1par,16.563566,32.08119,0.51630148,0.00012715784
0.300,1.000,1par,14.355707,25.884023,0.55461652,0.0010201378
0.300,1.100,1par,15.346031,27.069086,0.56692092,0.0010892797
0.300,1.200,1par,16.169394,28.108449,0.57525032,0.0011411717
0.300,1.300,1par,16.824506,29.029617,0.5795635,0.001173354
0.300,1.400,1par,17.313793,29.853574,0.57995712,0.0011852387
0.300,1.500,1par,17.643034,30.594278,0.57667757,0.0011778122
0.300,1.600,1par,17.821952,31.259774,0.57012413,0.0011532155
0.300,1.700,1par,17.864752,31.853702,0.56083755,0.0011143038
0.300,1.800,1par,17.790237,32.376725,0.5494761,0.0010642492
0.300,1.900,1par,17.62138,32.827772,0.53678269,0.0010062255
0.300,2.000,1par,17.384365,33.205095,0.5235451,0.00094318064
0.300,2.100,1par,17.107103,33.50719,0.51055022,0.00087769651
0.300,2.200,1par,16.817306,33.733566,0.49853331,0.00081191784
0.300,2.300,1par,16.540314,33.885364,0.48812562,0.00074753621
0.300,2.400,1par,16.297001,33.965761,0.47980673,0.00068581136
0.300,2.500,1par,16.102157,33.980135,0.47386973,0.00062761616
0.300,2.600,1par,15.96369,33.935957,0.47040637,0.00057349358
0.300,2.700,1par,15.882792,33.842433,0.4693159,0.00052371766
0.300,2.800,1par,15.854996,33.709948,0.47033582,0.00047835256
0.300,2.900,1par,15.871822,33.549397,0.47308814,0.00043730622
0.300,3.000,1par,15.922611,33.371497,0.47713206,0.00040037681
0.300,3.100,1par,15.996208,33.186169,0.48201429,0.00036729124
0.300,3.200,1par,16.082242,33.002058,0.48731029,0.00033773583
0.300,3.300,1par,16.171948,32.826219,0.4926534,0.00031137994
0.300,3.400,1par,16.258548,32.663984,0.49775153,0.0002878932
0.300,3.500,1par,16.337309,32.518981,0.50239301,0.00026695766
0.300,3.600,1par,16.405382,32.393273,0.50644412,0.00024827559
0.300,3.700,1par,16.461516,32.287576,0.50984057,0.00023157409
0.300,3.800,1par,16.50571,32.20153,0.51257533,0.00021660712
0.300,3.900,1par,16.538853,32.133962,0.51468452,0.00020315585
0.300,4.000,1par,16.562387,32.083153,0.51623314,0.00019102769
0.400,1.000,1par,14.831873,26.610294,0.55737353,0.0015838311
0.400,1.100,1par,15.640023,27.571261,0.56725815,0.0015971222
0.400,1.200,1par,16.342408,28.460667,0.57421032,0.0016085491
0.400,1.300,1par,16.918594,29.277916,0.57786196,0.0016112894
0.400,1.400,1par,17.357881,30.02718,0.5780723,0.0016007733
0.400,1.500,1par,17.65729,30.712822,0.57491591,0.0015747759
0.400,1.600,1par,17.820477,31.337358,0.56866559,0.0015331273
0.400,1.700,1par,17.857183,31.901047,0.55976792,0.0014772214
0.400,1.800,1par,17.782753,32.402299,0.54881146,0.0014094717
0.400,1.900,1par,17.617441,32.838395,0.5364891,0.001332813
0.400,2.000,1par,17.385321,33.206281,0.5235552,0.0012502988
0.400,2.100,1par,17.112759,33.503351,0.51077753,0.0011648124
0.400,2.200,1par,16.826455,33.728141,0.49888473,0.0010788836
0.400,2.300,1par,16.551232,33.88091,0.48851204,0.00099459503
0.400,2.400,1par,16.307881,33.964026,0.48015158,0.00091355582
0.400,2.500,1par,16.111441,33.982139,0.47411497,0.00083692121
0.400,2.600,1par,15.970279,33.942079,0.47051562,0.00076544102
0.400,2.700,1par,15.886132,33.852527,0.46927463,0.0006995226
0.400,2.800,1par,15.855052,33.723467,0.47014895,0.00063929812
0.400,2.900,1par,15.868967,33.565524,0.47277577,0.00058468954
0.400,3.000,1par,15.91748,33.38928,0.47672427,0.00053546708
0.400,3.100,1par,15.989553,33.204633,0.48154584,0.00049129925
0.400,3.200,1par,16.074809,33.020298,0.48681597,0.00045179367
0.400,3.300,1par,16.164388,32.843468,0.49216448,0.00041652904
0.400,3.400,1par,16.251374,32.679647,0.49729343,0.00038507916
0.400,3.500,1par,16.330876,32.532649,0.50198421,0.00035702997
0.400,3.600,1par,16.399898,32.404715,0.50609604,0.00033199099
0.400,3.700,1par,16.45706,32.29672,0.50955825,0.00030960222
0.400,3.800,1par,16.502265,32.208432,0.51235853,0.00028953766
0.400,3.900,1par,16.536334,32.138775,0.51452908,0.0002715062
0.400,4.000,1par,16.560672,32.086095,0.51613235,0.00025525092
0.500,1.000,1par,15.277561,27.263524,0.56036635,0.0023496004
0.500,1.100,1par,15.953151,28.084626,0.56803856,0.0022446936
0.500,1.200,1par,16.548035,28.860739,0.57337531,0.0021667976
0.500,1.300,1par,17.041766,29.585128,0.57602476,0.0021038022
0.500,1.400,1par,17.421639,30.25762,0.57577692,0.0020453937
0.500,1.500,1par,17.681598,30.880066,0.57258937,0.0019840147
0.500,1.600,1par,17.821648,31.453468,0.56660358,0.0019150678
0.500,1.700,1par,17.847676,31.976895,0.55814287,0.0018366018
0.500,1.800,1par,17.771293,32.447595,0.54769216,0.0017487282
0.500,1.900,1par,17.609381,32.861638,0.53586438,0.0016529603
0.500,2.000,1par,17.383182,33.214738,0.5233575,0.0015516041
0.500,2.100,1par,17.116865,33.50306,0.51090453,0.0014472638
0.500,2.200,1par,16.835613,33.723953,0.49921825,0.0013424851
0.500,2.300,1par,16.563394,33.876533,0.48893416,0.0012395261
0.500,2.400,1par,16.320739,33.962096,0.48055749,0.0011402349
0.500,2.500,1par,16.122903,33.984302,0.47442208,0.0010460074
0.500,2.600,1par,15.978786,33.94911,0.47066877,0.00095779977
0.500,2.700,1par,15.890805,33.864466,0.46924718,0.00087617478
0.500,2.800,1par,15.855685,33.739784,0.46994034,0.00080136459
0.500,2.900,1par,15.865908,33.585294,0.47240641,0.00073333945
0.500,3.000,1par,15.911454,33.411354,0.47622896,0.00067187383
0.500,3.100,1par,15.981469,33.227795,0.48096689,0.00061660574
0.500,3.200,1par,16.0656,33.043392,0.48619707,0.0005670869
0.500,3.300,1par,16.154893,32.86549,0.49154579,0.00052282322
0.500,3.400,1par,16.242265,32.699804,0.49670832,0.00048330596
0.500,3.500,1par,16.322632,32.550377,0.50145755,0.00044803449
0.500,3.600,1par,16.392809,32.419678,0.50564379,0.00041653201
0.500,3.700,1par,16.451252,32.30879,0.50918812,0.00038835555
0.500,3.800,1par,16.497734,32.217648,0.51207132,0.00036310143
0.500,3.900,1par,16.532987,32.145309,0.51432035,0.00034040737
0.500,4.000,1par,16.558359,32.090208,0.51599413,0.00031995226
0.600,1.000,1par,15.646851,27.766792,0.5635095,0.0033718684
0.600,1.100,1par,16.250153,28.53775,0.56942659,0.0030803231
0.600,1.200,1par,16.768847,29.260359,0.57309095,0.002855424
0.600,1.300,1par,17.189923,29.926598,0.57440286,0.0026809126
0.600,1.400,1par,17.507511,30.537862,0.57330506,0.0025403584
0.600,1.500,1par,17.7199,31.099632,0.56977845,0.0024194914
0.600,1.600,1par,17.828291,31.616815,0.56388637,0.0023074075
0.600,1.700,1par,17.837137,32.091399,0.55582298,0.0021968393
0.600,1.800,1par,17.755021,32.522163,0.54593605,0.0020837956
0.600,1.900,1par,17.595198,32.905506,0.53471897,0.0019668736
0.600,2.000,1par,17.375402,33.236637,0.52277859,0.0018464787
0.600,2.100,1par,17.116846,33.510728,0.51078706,0.0017241044
0.600,2.200,1par,16.842527,33.723881,0.49942435,0.001601749
0.600,2.300,1par,16.575062,33.873874,0.48931701,0.0014814913
0.600,2.400,1par,16.334414,33.960666,0.48098039,0.0013652157
0.600,2.500,1par,16.135923,33.986651,0.47477239,0.0012544596
0.600,2.600,1par,15.989034,33.95664,0.4708662,0.0011503532
0.600,2.700,1par,15.896951,33.877598,0.46924669,0.0010536216
0.600,2.800,1par,15.857228,33.758158,0.46973024,0.00096462487
0.600,2.900,1par,15.863063,33.607987,0.47200276,0.0008834176
0.600,3.000,1par,15.90495,33.437095,0.47566782,0.00080981574
0.600,3.100,1par,15.972322,33.255171,0.48029589,0.00074346083
0.600,3.200,1par,16.054903,33.071012,0.48546754,0.00068387763
0.600,3.300,1par,16.14366,32.892111,0.49080645,0.00063052258
0.600,3.400,1par,16.231335,32.724414,0.49600078,0.00058282228
0.600,3.500,1par,16.312621,32.572234,0.50081371,0.00054020267
0.600,3.600,1par,16.384107,32.438315,0.50508501,0.00050210986
0.600,3.700,1par,16.444046,32.323992,0.50872573,0.00046802393
0.600,3.800,1par,16.49205,32.229416,0.511708,0.0004374672
0.600,3.900,1par,16.528733,32.153812,0.51405206,0.00041000813
0.600,4.000,1par,16.555371,32.095735,0.51581219,0.00038526214
0.700,1.000,1par,15.920459,28.090098,0.56676409,0.004694396
0.700,1.100,1par,16.503114,28.876059,0.57151548,0.0041514721
0.700,1.200,1par,16.984236,29.605728,0.57368073,0.0037188684
0.700,1.300,1par,17.35418,30.263316,0.57343948,0.0033802014
0.700,1.400,1par,17.615445,30.847325,0.57105259,0.0031149311
0.700,1.500,1par,17.776004,31.36637,0.56672173,0.0029023461
0.700,1.600,1par,17.844218,31.832245,0.56057051,0.0027242979
0.700,1.700,1par,17.827495,32.254312,0.55271663,0.0025666076
0.700,1.800,1par,17.733642,32.637047,0.54335927,0.0024193834
0.700,1.900,1par,17.572857,32.980228,0.53283005,0.0022766085
0.700,2.000,1par,17.358958,33.280418,0.52159676,0.0021353533
0.700,2.100,1par,17.1094,33.532728,0.51022988,0.0019948853
0.700,2.200,1par,16.844145,33.732344,0.49934701,0.0018558478
0.700,2.300,1par,16.583754,33.875685,0.48954741,0.0017195943
0.700,2.400,1par,16.347131,33.96117,0.48134768,0.0015877041
0.700,2.500,1par,16.149428,33.98964,0.47512794,0.0014616638
0.700,2.600,1par,16.000553,33.964455,0.47109701,0.0013426867
0.700,2.700,1par,15.904558,33.891304,0.46928138,0.0012316341
0.700,2.800,1par,15.859969,33.777775,0.46953858,0.0011290054
0.700,2.900,1par,15.860876,33.632752,0.4715902,0.0010349708
0.700,3.000,1par,15.898458,33.465729,0.47506684,0.00094942578
0.700,3.100,1par,15.962564,33.286128,0.47955603,0.00087205383
0.700,3.200,1par,16.043086,33.102699,0.48464585,0.00080238727
0.700,3.300,1par,16.130958,32.923052,0.48995938,0.00073986201
0.700,3.400,1par,16.218752,32.753366,0.49517818,0.00068386307
0.700,3.500,1par,16.300924,32.598252,0.50005516,0.0006337604
0.700,3.600,1par,16.373803,32.460767,0.50441824,0.00058893564
0.700,3.700,1par,16.435406,32.342546,0.50816672,0.00054880059
0.700,3.800,1par,16.485145,32.244002,0.51126236,0.00051280912
0.700,3.900,1par,16.523489,32.164571,0.51371707,0.00048046364
0.700,4.000,1par,16.551619,32.102963,0.51557917,0.00045131761
0.800,1.000,1par,16.097282,28.236588,0.57008596,0.0063369751
0.800,1.100,1par,16.69487,29.070155,0.57429588,0.0054950159
0.800,1.200,1par,17.17452,29.850088,0.5753591,0.0048004704
0.800,1.300,1par,17.521772,30.547898,0.57358355,0.0042438637
0.800,1.400,1par,17.741943,31.150411,0.56955727,0.0038056289
0.800,1.500,1par,17.852729,31.661272,0.56386645,0.0034614621
0.800,1.600,1par,17.874151,32.095587,0.55690369,0.0031868536
0.800,1.700,1par,17.822182,32.471409,0.54885768,0.0029601883
0.800,1.800,1par,17.708013,32.802933,0.53983017,0.002764341
0.800,1.900,1par,17.540759,33.097665,0.52996969,0.0025870412
0.800,2.000,1par,17.330593,33.356911,0.5195503,0.00242042
0.800,2.100,1par,17.09053,33.577849,0.50898228,0.0022601379
0.800,2.200,1par,16.8365,33.755842,0.49877294,0.0021043999
0.800,2.300,1par,16.586049,33.886337,0.48946124,0.0019530473
0.800,2.400,1par,16.356278,33.966197,0.48154576,0.0018068218
0.800,2.500,1par,16.161681,33.99448,0.47542075,0.0016668277
0.800,2.600,1par,16.012405,33.972776,0.47133049,0.0015341763
0.800,2.700,1par,15.913326,33.905157,0.46934824,0.0014097796
0.800,2.800,1par,15.864056,33.797844,0.46938072,0.0012942541
0.800,2.900,1par,15.859764,33.658655,0.47119424,0.0011878995
0.800,3.000,1par,15.892506,33.496335,0.47445507,0.0010907236
0.800,3.100,1par,15.952724,33.319868,0.47877513,0.0010024906
0.800,3.200,1par,16.030609,33.137835,0.48375547,0.00092277896
0.800,3.300,1par,16.117141,32.957899,0.48902209,0.00085103828
0.800,3.400,1par,16.204756,32.786446,0.49425169,0.00078664048
0.800,3.500,1par,16.287674,32.62839,0.49918717,0.00072892198
0.800,3.600,1par,16.361944,32.487136,0.50364377,0.00067721671
0.800,3.700,1par,16.425311,32.364661,0.50750759,0.00063088022
0.800,3.800,1par,16.476955,32.261685,0.51072829,0.000589306
0.800,3.900,1par,16.517167,32.177902,0.51330775,0.00055193548
0.800,4.000,1par,16.547004,32.11222,0.51528682,0.00051826294
0.900,1.000,1par,16.185311,28.226422,0.57340996,0.0082793542
0.900,1.100,1par,16.818251,29.114365,0.57766162,0.007123616
0.900,1.200,1par,17.324311,29.963847,0.57817379,0.0061324537
0.900,1.300,1par,17.678301,30.735895,0.57516791,0.0053124253
0.900,1.400,1par,17.879977,31.401481,0.56939917,0.0046530875
0.900,1.500,1par,17.951044,31.949502,0.56185676,0.0041325845
0.900,1.600,1par,17.923455,32.388273,0.55339334,0.0037236371
0.900,1.700,1par,17.826658,32.739165,0.54450557,0.0033986074
0.900,1.800,1par,17.681016,33.026506,0.53535836,0.0031329632
0.900,1.900,1par,17.498541,33.269482,0.52596375,0.0029070669
0.900,2.000,1par,17.28732,33.478816,0.51636593,0.0027066002
0.900,2.100,1par,17.055746,33.657509,0.50674416,0.0025220865
0.900,2.200,1par,16.814676,33.803479,0.49742442,0.0023479541
0.900,2.300,1par,16.577403,33.912413,0.48882994,0.0021814727
0.900,2.400,1par,16.358162,33.980034,0.48140511,0.0020217745
0.900,2.500,1par,16.170025,34.003579,0.4755389,0.0018690589
0.900,2.600,1par,16.022946,33.98259,0.47150455,0.0017240106
0.900,2.700,1par,15.922474,33.919157,0.46942421,0.0015874119
0.900,2.800,1par,15.869358,33.817749,0.46926122,0.0014599141
0.900,2.900,1par,15.860016,33.684761,0.47083654,0.0013419266
0.900,3.000,1par,15.887608,33.527888,0.47386247,0.0012335847
0.900,3.100,1par,15.943387,33.355431,0.47798474,0.0011347665
0.900,3.200,1par,16.01802,33.175625,0.48282496,0.0010451353
0.900,3.300,1par,16.102657,32.996069,0.48801745,0.00096419269
0.900,3.400,1par,16.189674,32.823294,0.49323734,0.00089133106
0.900,3.500,1par,16.273075,32.6625,0.49821891,0.00082588107
0.900,3.600,1par,16.348627,32.517452,0.50276469,0.00076715068
0.900,3.700,1par,16.413776,32.390503,0.50674656,0.00071445527
0.900,3.800,1par,16.467436,32.282731,0.51010047,0.00066713934
0.900,3.900,1par,16.509683,32.194133,0.51281653,0.00062459087
0.900,4.000,1par,16.541424,32.123858,0.51492644,0.00058624959
1.000,1.000,1par,16.195364,28.08486,0.57665817,0.010444878
1.000,1.100,1par,16.873028,29.019083,0.58144593,0.0090095325
1.000,1.200,1par,17.423771,29.937315,0.58200848,0.007722172
1.000,1.300,1par,17.810137,30.796671,0.57831372,0.0066145973
1.000,1.400,1par,18.019678,31.555733,0.57104291,0.0056956633
1.000,1.500,1par,18.069249,32.184839,0.56142114,0.0049550984
1.000,1.600,1par,17.997486,32.674896,0.55080469,0.0043697196
1.000,1.700,1par,17.848787,33.038959,0.54023454,0.0039100853
1.000,1.800,1par,17.658702,33.304853,0.53021406,0.0035461087
1.000,1.900,1par,17.448332,33.503401,0.52079287,0.0032508962
1.000,2.000,1par,17.22738,33.658905,0.51182234,0.0030027399
1.000,2.100,1par,17.000582,33.785325,0.50319429,0.0027856164
1.000,2.200,1par,16.772944,33.887284,0.49496276,0.0025887024
1.000,2.300,1par,16.552036,33.963329,0.48735024,0.0024053883
1.000,2.400,1par,16.347748,34.009336,0.48068413,0.0022321549
1.000,2.500,1par,16.170573,34.021133,0.47530966,0.0020675347
1.000,2.600,1par,16.029532,33.996125,0.47151057,0.00191127
1.000,2.700,1par,15.930486,33.93408,0.46945389,0.0017636935
1.000,2.800,1par,15.875261,33.837288,0.46916468,0.0016253145
1.000,2.900,1par,15.861658,33.710291,0.47052865,0.0014965718
1.000,3.000,1par,15.884177,33.55934,0.47331612,0.0013777096
1.000,3.100,1par,15.935144,33.391728,0.47721832,0.0012687357
1.000,3.200,1par,16.005937,33.215091,0.48188749,0.0011694314
1.000,3.300,1par,16.088057,33.036782,0.48697408,0.0010793889
1.000,3.400,1par,16.173934,32.863368,0.49215692,0.00099805843
1.000,3.500,1par,16.257423,32.70028,0.49716465,0.00092479793
1.000,3.600,1par,16.334021,32.551628,0.50178815,0.00085891636
1.000,3.700,1par,16.400866,32.420165,0.50588472,0.00079970991
1.000,3.800,1par,16.456574,32.307363,0.50937534,0.00074648955
1.000,3.900,1par,16.500973,32.213576,0.51223662,0.00069860061
1.000,4.000,1par,16.534783,32.138243,0.51448933,0.00065543536
1.100,1.000,1par,16.137737,27.835491,0.579754,0.012686865
1.100,1.100,1par,16.862642,28.80208,0.58546612,0.011068288
1.100,1.200,1par,17.468018,29.776467,0.58663837,0.0095359346
1.100,1.300,1par,17.906018,30.718079,0.58291465,0.0081535007
1.100,1.400,1par,18.149414,31.580751,0.57469862,0.0069592445
1.100,1.500,1par,18.202174,32.320592,0.56317578,0.0059655852
1.100,1.600,1par,18.10019,32.907329,0.55003522,0.0051634233
1.100,1.700,1par,17.898558,33.334099,0.5369444,0.0045290758
1.100,1.800,1par,17.651433,33.619139,0.52504121,0.0040316387
1.100,1.900,1par,17.396565,33.797259,0.514733,0.003639169
1.100,2.000,1par,17.151883,33.906149,0.5058635,0.0033229045
1.100,2.100,1par,16.921684,33.975337,0.49805788,0.0030594672
1.100,2.200,1par,16.70527,34.021877,0.49101553,0.0028314464
1.100,2.300,1par,16.502994,34.051751,0.48464449,0.002626918
1.100,2.400,1par,16.318458,34.06382,0.47905544,0.0024384243
1.100,2.500,1par,16.157885,34.053845,0.4744805,0.0022618011
1.100,2.600,1par,16.028164,34.017466,0.47117453,0.0020950932
1.100,2.700,1par,15.934786,33.951963,0.46933329,0.0019376729
1.100,2.800,1par,15.880403,33.857028,0.46904302,0.0017895909
1.100,2.900,1par,15.864248,33.734852,0.47026285,0.0016511409
1.100,3.000,1par,15.882385,33.589759,0.47283415,0.0015225972
1.100,3.100,1par,15.928512,33.427608,0.47650769,0.0014040798
1.100,3.200,1par,15.99501,33.255089,0.4809793,0.0012955042
1.100,3.300,1par,16.073977,33.079051,0.48592618,0.0011965858
1.100,3.400,1par,16.158077,32.905913,0.4910387,0.0011068712
1.100,3.500,1par,16.241121,32.74123,0.49604492,0.0010257822
1.100,3.600,1par,16.318389,32.589416,0.50072666,0.00095266103
1.100,3.700,1par,16.386718,32.453617,0.50492731,0.00088681103
1.100,3.800,1par,16.444406,32.335729,0.50855219,0.00082752992
1.100,3.900,1par,16.491,32.236504,0.51156294,0.00077413528
1.100,4.000,1par,16.527,32.155728,0.51396752,0.00072598223
1.200,1.000,1par,16.020672,27.496991,0.58263363,0.014780291
1.200,1.100,1par,16.791698,28.481781,0.58955928,0.013145109
1.200,1.200,1par,17.455638,29.495638,0.59180407,0.011482767
1.200,1.300,1par,17.957671,30.503825,0.58870229,0.0098905541
1.200,1.400,1par,18.257058,31.46243,0.58028126,0.0084434963
1.200,1.500,1par,18.340661,32.321946,0.56743678,0.0071876285
1.200,1.600,1par,18.23174,33.035957,0.55187563,0.0061398641
1.200,1.700,1par,17.986191,33.573708,0.53572252,0.0052929965
1.200,1.800,1par,17.674145,33.931013,0.52088468,0.0046234495
1.200,1.900,1par,17.356015,34.132048,0.50849616,0.004099391
1.200,2.000,1par,17.067328,34.219377,0.49876208,0.003687492
1.200,2.100,1par,16.818815,34.23802,0.4912321,0.0033575273
1.200,2.200,1par,16.606494,34.222746,0.48524728,0.0030847891
1.200,2.300,1par,16.422601,34.193387,0.48028588,0.0028507552
1.200,2.400,1par,16.262141,34.156813,0.47610242,0.002642621
1.200,2.500,1par,16.12467,34.111724,0.4727017,0.0024522524
1.200,2.600,1par,16.013084,34.053346,0.47023526,0.0022749745
1.200,2.700,1par,15.931334,33.976763,0.46888909,0.0021084491
1.200,2.800,1par,15.882323,33.878805,0.46879819,0.001951761
1.200,2.900,1par,15.866601,33.758798,0.46999901,0.0018047451
1.200,3.000,1par,15.881968,33.618567,0.47241657,0.0016675335
1.200,3.100,1par,15.923805,33.461999,0.47587727,0.0015402811
1.200,3.200,1par,15.985848,33.294379,0.48013653,0.0014230205
1.200,3.300,1par,16.061114,33.121688,0.4849123,0.0013156069
1.200,3.400,1par,16.142749,32.949933,0.48991752,0.0012177158
1.200,3.500,1par,16.224695,32.784618,0.49488741,0.0011288706
1.200,3.600,1par,16.302108,32.630359,0.49959941,0.0010484832
1.200,3.700,1par,16.371562,32.490662,0.50388516,0.00097589545
1.200,3.800,1par,16.43104,32.367849,0.50763459,0.00091041763
1.200,3.900,1par,16.479779,32.263109,0.51079327,0.00085135925
1.200,4.000,1par,16.518021,32.176623,0.51335472,0.00079805266
1.300,1.000,1par,15.849481,27.081314,0.58525523,0.01641993
1.300,1.100,1par,16.664214,28.07287,0.59360562,0.015006615
1.300,1.200,1par,17.387047,29.110652,0.59727439,0.013400956
1.300,1.300,1par,17.95967,30.16664,0.5953487,0.011729344
1.300,1.400,1par,18.331342,31.203165,0.58748343,0.010105821
1.300,1.500,1par,18.472087,32.17294,0.57414981,0.0086180945
1.300,1.600,1par,18.386131,33.023034,0.55676687,0.0073207715
1.300,1.700,1par,18.11813,33.704477,0.53755855,0.0062357775
1.300,1.800,1par,17.744084,34.18627,0.51904123,0.0053582082
1.300,1.900,1par,17.346804,34.467596,0.50327862,0.004664972
1.300,2.000,1par,16.988663,34.579592,0.49129161,0.0041236746
1.300,2.100,1par,16.698095,34.573514,0.48297361,0.0036999501
1.300,2.200,1par,16.474651,34.502141,0.47749648,0.0033624296
1.300,2.300,1par,16.303687,34.405335,0.4738709,0.0030853528
1.300,2.400,1par,16.169446,34.305172,0.47134136,0.0028493195
1.300,2.500,1par,16.061645,34.208758,0.4695185,0.0026408342
1.300,2.600,1par,15.976392,34.114039,0.4683231,0.0024512377
1.300,2.700,1par,15.914157,34.015213,0.4678541,0.0022754638
1.300,2.800,1par,15.877014,33.906427,0.46825972,0.0021108852
1.300,2.900,1par,15.866416,33.783753,0.46964635,0.001956374
1.300,3.000,1par,15.881936,33.645903,0.47203179,0.0018116091
1.300,3.100,1par,15.920931,33.494138,0.47533485,0.0016766095
1.300,3.200,1par,15.978895,33.331752,0.47938959,0.0015514496
1.300,3.300,1par,16.050158,33.163366,0.48397252,0.0014361078
1.300,3.400,1par,16.128685,32.994201,0.48883394,0.0013304053
1.300,3.500,1par,16.208796,32.829445,0.49372738,0.0012339999
1.300,3.600,1par,16.285687,32.673746,0.49843344,0.0011464103
1.300,3.700,1par,16.355751,32.530878,0.5027762,0.0010670528
1.300,3.800,1par,16.41668,32.403569,0.50663183,0.00099528105
1.300,3.900,1par,16.467392,32.293456,0.50992969,0.0009304217
1.300,4.000,1par,16.507842,32.20116,0.51264743,0.00087180354
1.400,1.000,1par,15.625191,26.591023,0.5876115,0.017224074
1.400,1.100,1par,16.482072,27.582863,0.59754753,0.016338815
1.400,1.200,1par,17.262864,28.633495,0.60289058,0.015049789
1.400,1.300,1par,17.908696,29.720962,0.6025611,0.013502273
1.400,1.400,1par,18.362942,30.815005,0.5959091,0.011845321
1.400,1.500,1par,18.582236,31.875132,0.58296969,0.010211155
1.400,1.600,1par,18.550617,32.850685,0.56469498,0.008700804
1.400,1.700,1par,18.292395,33.685232,0.543039,0.0073777027
1.400,1.800,1par,17.875049,34.327271,0.52072444,0.0062689177
1.400,1.900,1par,17.393946,34.74596,0.50060342,0.0053719766
1.400,2.000,1par,16.94127,34.944794,0.48480096,0.0046644505
1.400,2.100,1par,16.576213,34.963121,0.47410565,0.0041136056
1.400,2.200,1par,16.31493,34.861875,0.46798774,0.0036842851
1.400,2.300,1par,16.142162,34.701898,0.46516655,0.0033442191
1.400,2.400,1par,16.031025,34.527749,0.46429395,0.0030668185
1.400,2.500,1par,15.95779,34.362992,0.46438884,0.0028319988
1.400,2.600,1par,15.907773,34.21417,0.46494692,0.002625734
1.400,2.700,1par,15.874865,34.077807,0.46584172,0.0024389704
1.400,2.800,1par,15.858392,33.946579,0.46715728,0.0022663545
1.400,2.900,1par,15.85979,33.81334,0.46903943,0.0021050524
1.400,3.000,1par,15.880182,33.673155,0.47159769,0.0019537886
1.400,3.100,1par,15.919111,33.523937,0.47485806,0.0018121381
1.400,3.200,1par,15.974238,33.366257,0.47875427,0.0016800485
1.400,3.300,1par,16.041676,33.202739,0.48314316,0.0015575477
1.400,3.400,1par,16.116646,33.037307,0.48783171,0.0014445869
1.400,3.500,1par,16.194187,32.874445,0.49260714,0.0013409756
1.400,3.600,1par,16.269777,32.718573,0.49726427,0.0012463717
1.400,3.700,1par,16.339776,32.573575,0.50162673,0.0011603032
1.400,3.800,1par,16.401651,32.442502,0.50556061,0.0010822026
1.400,3.900,1par,16.454019,32.32743,0.50898013,0.001011444
1.400,4.000,1par,16.496525,32.229441,0.51184644,0.00094737733
1.500,1.000,1par,15.340421,26.011242,0.5897612,0.016741241
1.500,1.100,1par,16.24247,27.006706,0.60142359,0.016750511
1.500,1.200,1par,17.081953,28.067295,0.60860702,0.016107467
1.500,1.300,1par,17.802228,29.176581,0.6101547,0.014962347
1.500,1.400,1par,18.344773,30.311617,0.60520604,0.013489538
1.500,1.500,1par,18.657667,31.440403,0.59342964,0.011862328
1.500,1.600,1par,18.707955,32.519874,0.57527758,0.010231627
1.500,1.700,1par,18.49656,33.496044,0.55220133,0.0087117619
1.500,1.800,1par,18.07013,34.308933,0.52668879,0.0073747866
1.500,1.900,1par,17.519769,34.904619,0.50193268,0.0062527156
1.500,2.000,1par,16.958559,35.25302,0.48105265,0.0053454185
1.500,2.100,1par,16.483649,35.363135,0.46612521,0.0046311521
1.500,2.200,1par,16.145125,35.28393,0.4575773,0.0040769562
1.500,2.300,1par,15.941648,35.086952,0.45434691,0.0036470473
1.500,2.400,1par,15.840284,34.84116,0.45464283,0.0033084385
1.500,2.500,1par,15.801474,34.595142,0.45675413,0.0030338902
1.500,2.600,1par,15.794605,34.372985,0.45950637,0.0028027932
1.500,2.700,1par,15.802244,34.179771,0.46232736,0.002600727
1.500,2.800,1par,15.81771,34.009928,0.46509095,0.0024183542
1.500,2.900,1par,15.84063,33.854156,0.46790797,0.0022501232
1.500,3.000,1par,15.872978,33.703731,0.4709561,0.002093064
1.500,3.100,1par,15.916474,33.552532,0.47437474,0.0019458098
1.500,3.200,1par,15.971316,33.397569,0.47821794,0.001807876
1.500,3.300,1par,16.035929,33.238667,0.48244802,0.0016791737
1.500,3.400,1par,16.107315,33.077769,0.48695287,0.0015597124
1.500,3.500,1par,16.18169,32.918124,0.49157388,0.0014494384
1.500,3.600,1par,16.255161,32.763536,0.49613574,0.001348167
1.500,3.700,1par,16.324282,32.617743,0.50047245,0.0012555704
1.500,3.800,1par,16.386427,32.483974,0.50444652,0.0011711967
1.500,3.900,1par,16.439963,32.364673,0.50796012,0.0010945027
1.500,4.000,1par,16.484227,32.261385,0.51095844,0.0010248895
1.600,1.000,1par,14.963399,25.278593,0.59193956,0.014456433
1.600,1.100,1par,15.930729,26.311294,0.60547115,0.01577951
1.600,1.200,1par,16.837659,27.397456,0.61457015,0.016174281
1.600,1.300,1par,17.636291,28.531798,0.61812757,0.015781036
1.600,1.400,1par,18.271176,29.700752,0.61517555,0.014786265
1.600,1.500,1par,18.687266,30.882004,0.60511831,0.013395271
1.600,1.600,1par,18.840224,32.042648,0.58797336,0.011806007
1.600,1.700,1par,18.710281,33.137416,0.56462704,0.010187773
1.600,1.800,1par,18.317808,34.109072,0.53703626,0.0086676205
1.600,1.900,1par,17.733629,34.894085,0.50821304,0.0073256525
1.600,2.000,1par,17.072559,35.436359,0.48178084,0.0061984054
1.600,2.100,1par,16.462631,35.707397,0.4610426,0.0052878434
1.600,2.200,1par,16.000364,35.723126,0.44789933,0.0045728253
1.600,2.300,1par,15.720217,35.543601,0.44227982,0.004020199
1.600,2.400,1par,15.598601,35.251744,0.4424916,0.003593661
1.600,2.500,1par,15.583277,34.924371,0.44620065,0.0032596456
1.600,2.600,1par,15.622943,34.613136,0.45135879,0.0029904064
1.600,2.700,1par,15.682192,34.341525,0.45665392,0.0027649415
1.600,2.800,1par,15.743019,34.112235,0.46150652,0.0025685501
1.600,2.900,1par,15.799975,33.91697,0.46584277,0.0023917053
1.600,3.000,1par,15.854321,33.744084,0.46984002,0.0022287328
1.600,3.100,1par,15.909517,33.583078,0.47373613,0.0020765868
1.600,3.200,1par,15.968519,33.426552,0.47771961,0.0019338559
1.600,3.300,1par,16.032585,33.27058,0.48188475,0.0018000327
1.600,3.400,1par,16.101121,33.114253,0.48622932,0.0016750212
1.600,3.500,1par,16.172098,32.958866,0.49067519,0.0015588348
1.600,3.600,1par,16.242718,32.807061,0.49509823,0.0014514326
1.600,3.700,1par,16.310069,32.662043,0.4993585,0.0013526496
1.600,3.800,1par,16.371647,32.526971,0.5033253,0.0012621825
1.600,3.900,1par,16.425678,32.404526,0.50689456,0.0011796075
1.600,4.000,1par,16.47123,32.296662,0.50999792,0.0011044118
1.700,1.000,1par,14.343401,24.10124,0.59513126,0.0097936688
1.700,1.100,1par,15.49057,25.372033,0.61053721,0.012898252
1.700,1.200,1par,16.506557,26.564865,0.621368,0.014778452
1.700,1.300,1par,17.400426,27.76003,0.62681582,0.015551273
1.700,1.400,1par,18.135497,28.975258,0.62589597,0.015401371
1.700,1.500,1par,18.662133,30.205679,0.61783524,0.014553622
1.700,1.600,1par,18.931906,31.432094,0.60231131,0.013244648
1.700,1.700,1par,18.910748,32.621807,0.57969653,0.011696519
1.700,1.800,1par,18.594628,33.727789,0.55131477,0.010095982
1.700,1.900,1par,18.025667,34.689659,0.51962654,0.0085818349
1.700,2.000,1par,17.30023,35.440401,0.48814994,0.0072414158
1.700,2.100,1par,16.555991,35.922144,0.46088538,0.0061152004
1.700,2.200,1par,15.931829,36.109037,0.44121447,0.0052069034
1.700,2.300,1par,15.516893,36.025539,0.43071924,0.004495834
1.700,2.400,1par,15.323351,35.744226,0.42869445,0.0039486336
1.700,2.500,1par,15.30167,35.359872,0.43274112,0.0035285451
1.700,2.600,1par,15.380304,34.956527,0.43998375,0.0032015308
1.700,2.700,1par,15.498503,34.587696,0.44809295,0.0029394537
1.700,2.800,1par,15.618908,34.275047,0.45569326,0.00272103
1.700,2.900,1par,15.725322,34.018006,0.46226465,0.0025313743
1.700,3.000,1par,15.81518,33.805019,0.46783527,0.0023608497
1.700,3.100,1par,15.892426,33.621833,0.47268173,0.002203723
1.700,3.200,1par,15.962626,33.456072,0.47712195,0.0020569226
1.700,3.300,1par,16.030312,33.299049,0.48140452,0.0019190316
1.700,3.400,1par,16.097962,33.145935,0.48566925,0.0017895502
1.700,3.500,1par,16.166001,32.995142,0.48995093,0.0016683983
1.700,3.600,1par,16.233336,32.847398,0.49420463,0.001555611
1.700,3.700,1par,16.298062,32.70482,0.49833821,0.001451174
1.700,3.800,1par,16.35812,32.570117,0.50224321,0.0013549521
1.700,3.900,1par,16.411792,32.445972,0.50581908,0.0012666741
1.700,4.000,1par,16.45797,32.334627,0.50898902,0.0011859501
1.800,1.000,1par,10.935852,17.999049,0.60757943,0.0021125551
1.800,1.100,1par,14.599973,23.519309,0.62076536,0.0075156378
1.800,1.200,1par,15.996147,25.345344,0.63112765,0.011381273
1.800,1.300,1par,17.061236,26.766597,0.63740773,0.013793017
1.800,1.400,1par,17.923792,28.093955,0.63799462,0.014921667
1.800,1.500,1par,18.57318,29.398216,0.63177916,0.014998778
1.800,1.600,1par,18.970736,30.69198,0.61810075,0.014288034
1.800,1.700,1par,19.077625,31.962365,0.59687777,0.0130566
1.800,1.800,1par,18.872507,33.178163,0.56882316,0.011549354
1.800,1.900,1par,18.369448,34.291048,0.53569224,0.0099690907
1.800,2.000,1par,17.634329,35.237611,0.50044054,0.0084651085
1.800,2.100,1par,16.789726,35.947493,0.46706251,0.0071310123
1.800,2.200,1par,15.994095,36.361634,0.43986183,0.006010554
1.800,2.300,1par,15.391589,36.458109,0.42217189,0.0051088038
1.800,2.400,1par,15.056401,36.271615,0.41510149,0.0044053358
1.800,2.500,1par,14.972266,35.888522,0.41718814,0.0038665414
1.800,2.600,1par,15.061658,35.415576,0.42528344,0.0034552526
1.800,2.700,1par,15.235503,34.943076,0.43600922,0.0031370434
1.800,2.800,1par,15.427041,34.524962,0.44683731,0.0028834832
1.800,2.900,1par,15.600157,34.179863,0.45641369,0.0026730987
1.800,3.000,1par,15.742681,33.903133,0.46434296,0.0024909013
1.800,3.100,1par,15.856229,33.679561,0.47079679,0.0023272109
1.800,3.200,1par,15.948087,33.492143,0.47617396,0.0021762889
1.800,3.300,1par,16.026212,33.326622,0.48088317,0.0020350791
1.800,3.400,1par,16.096798,33.173078,0.48523679,0.0019021914
1.800,3.500,1par,16.163522,33.02587,0.48942004,0.0017771573
1.800,3.600,1par,16.227757,32.882822,0.49350258,0.001659931
1.800,3.700,1par,16.289234,32.744193,0.4974694,0.0015505833
1.800,3.800,1par,16.346808,32.611682,0.5012562,0.0014491365
1.800,3.900,1par,16.399121,32.487601,0.5047809,0.0013554924
1.800,4.000,1par,16.445063,32.37426,0.50796723,0.0012694172
1.900,1.000,1par,15.810737,27.519201,0.57453474,-0.0093021927
1.900,1.100,1par,-10.923953,37.826333,-0.28879229,-0.001027172
1.900,1.200,1par,14.600823,22.237561,0.65658386,0.0053783682
1.900,1.300,1par,16.474182,25.173647,0.65442174,0.0099580073
1.900,1.400,1par,17.592056,26.91597,0.65359175,0.012860239
1.900,1.500,1par,18.403681,28.401406,0.64798485,0.014312654
1.900,1.600,1par,18.945552,29.802586,0.63570162,0.01459417
1.900,1.700,1par,19.195162,31.160981,0.61599994,0.014006277
1.900,1.800,1par,19.125881,32.473639,0.58896635,0.01284501
1.900,1.900,1par,18.731311,33.712129,0.55562528,0.011376214
1.900,2.000,1par,18.045758,34.827252,0.51815049,0.0098170288
1.900,2.100,1par,17.16039,35.75269,0.47997479,0.0083258635
1.900,2.200,1par,16.223682,36.414986,0.44552213,0.0070015541
1.900,2.300,1par,15.41131,36.754656,0.41930224,0.0058904356
1.900,2.400,1par,14.865774,36.75517,0.40445397,0.0049985251
1.900,2.500,1par,14.638459,36.463175,0.40145871,0.0043054652
1.900,2.600,1par,14.679765,35.979859,0.40799953,0.0037773426
1.900,2.700,1par,14.884181,35.423641,0.42017649,0.003376607
1.900,2.800,1par,15.148548,34.889761,0.43418318,0.0030685127
1.900,2.900,1par,15.404221,34.431066,0.44739308,0.0028244173
1.900,3.000,1par,15.619446,34.061983,0.45855951,0.0026227373
1.900,3.100,1par,15.787873,33.773143,0.46746826,0.0024484493
1.900,3.200,1par,15.916114,33.545418,0.47446463,0.0022918863
1.900,3.300,1par,16.015064,33.359019,0.48008198,0.0021473485
1.900,3.400,1par,16.09508,33.197889,0.48482241,0.0020118292
1.900,3.500,1par,16.16392,33.050991,0.48906008,0.0018839903
1.900,3.600,1par,16.226325,32.911991,0.49302167,0.0017634142
1.900,3.700,1par,16.284469,32.778247,0.4968072,0.0016501031
1.900,3.800,1par,16.33876,32.649659,0.50042666,0.0015441737
1.900,3.900,1par,16.388654,32.527611,0.50383823,0.0014456919
1.900,4.000,1par,16.433325,32.41412,0.50698044,0.0013546016
2.000,1.000,1par,14.795673,25.397907,0.58255481,-0.02525833
2.000,1.100,1par,16.113116,27.660739,0.58252659,-0.013468008
2.000,1.200,1par,16.909671,36.955561,0.45756771,-0.0039051079
2.000,1.300,1par,13.980632,19.628354,0.71226717,0.0034305888
2.000,1.400,1par,16.922614,24.839363,0.68128213,0.0086609243
2.000,1.500,1par,18.099277,27.017549,0.66990816,0.012002852
2.000,1.600,1par,18.837962,28.686741,0.65667835,0.013741254
2.000,1.700,1par,19.250585,30.191232,0.63762171,0.014201168
2.000,1.800,1par,19.335403,31.614428,0.61160059,0.013719827
2.000,1.900,1par,19.080081,32.966904,0.5787647,0.01261983
2.000,2.000,1par,18.495097,34.224154,0.54041063,0.011185811
2.000,2.100,1par,17.636769,35.336436,0.49911,0.0096474027
2.000,2.200,1par,16.622335,36.234656,0.45874134,0.0081706765
2.000,2.300,1par,15.624564,36.842606,0.42408955,0.0068586596
2.000,2.400,1par,14.831257,37.101328,0.39975002,0.0057595879
2.000,2.500,1par,14.375354,37.001274,0.3885097,0.0048800296
2.000,2.600,1par,14.278051,36.602673,0.39008218,0.0041995052
2.000,2.700,1par,14.453414,36.022209,0.4012362,0.0036837414
2.000,2.800,1par,14.770096,35.38926,0.41736098,0.0032948271
2.000,2.900,1par,15.11555,34.80244,0.43432444,0.0029977565
2.000,3.000,1par,15.423546,34.311952,0.44950944,0.002763746
2.000,3.100,1par,15.669356,33.926985,0.46185525,0.0025711693
2.000,3.200,1par,15.85365,33.632959,0.47137245,0.0024050266
2.000,3.300,1par,15.988376,33.406711,0.47859773,0.0022557113
2.000,3.400,1par,16.087975,33.225746,0.48420208,0.0021175987
2.000,3.500,1par,16.165011,33.072346,0.48877728,0.0019877591
2.000,3.600,1par,16.228589,32.934517,0.4927532,0.0018649266
2.000,3.700,1par,16.284314,32.805376,0.49639165,0.0017487488
2.000,3.800,1par,16.334983,32.681942,0.49981678,0.0016392867
2.000,3.900,1par,16.381504,32.563871,0.50305763,0.0015367096
2.000,4.000,1par,16.423765,32.452336,0.50608885,0.0014411321
2.100,1.000,1par,14.274651,24.469016,0.58337659,-0.046680315
2.100,1.100,1par,15.356337,25.88585,0.59323287,-0.030642093
2.100,1.200,1par,16.526075,28.055685,0.58904551,-0.017226364
2.100,1.300,1par,17.255703,34.16212,0.50511217,-0.0064775654
2.100,1.400,1par,11.508343,14.257062,0.80720292,0.0016987956
2.100,1.500,1par,17.341115,24.336784,0.71254754,0.0075069156
2.100,1.600,1par,18.584568,27.080531,0.68627047,0.01123272
2.100,1.700,1par,19.225324,28.955802,0.6639541,0.01321685
2.100,1.800,1par,19.487212,30.567512,0.63751384,0.013827952
2.100,1.900,1par,19.392708,32.054213,0.60499716,0.013436189
2.100,2.000,1par,18.945238,33.443159,0.56649066,0.012388032
2.100,2.100,1par,18.173678,34.714644,0.52351619,0.010984559
2.100,2.200,1par,17.157546,35.818607,0.47901209,0.0094659988
2.100,2.300,1par,16.039881,36.683314,0.43725279,0.0080046538
2.100,2.400,1par,15.014695,37.230273,0.40329263,0.0067067408
2.100,2.500,1par,14.275453,37.40215,0.38167467,0.0056217539
2.100,2.600,1par,13.93728,37.198029,0.37467792,0.0047564447
2.100,2.700,1par,13.985052,36.693173,0.38113497,0.0040900387
2.100,2.800,1par,14.295776,36.020041,0.39688396,0.003587853
2.100,2.900,1par,14.716325,35.317869,0.41668213,0.0032116365
2.100,3.000,1par,15.130139,34.686906,0.43619165,0.0029261759
2.100,3.100,1par,15.477376,34.173221,0.45290948,0.0027026081
2.100,3.200,1par,15.742315,33.779903,0.46602606,0.0025193229
2.100,3.300,1par,15.933245,33.486848,0.47580606,0.0023613936
2.100,3.400,1par,16.067372,33.266875,0.4829841,0.0022193132
2.100,3.500,1par,16.162387,33.094939,0.48836431,0.0020875619
2.100,3.600,1par,16.23274,32.951857,0.49261989,0.0019633087
2.100,3.700,1par,16.288605,32.824859,0.49622771,0.0018453755
2.100,3.800,1par,16.336216,32.706667,0.49947663,0.001733486
2.100,3.900,1par,16.378788,32.594094,0.50250783,0.0016277669
2.100,4.000,1par,16.417547,32.486662,0.5053627,0.0015284451
2.200,1.000,1par,13.852819,23.777911,0.58259195,-0.074639662
2.200,1.100,1par,14.863987,24.940356,0.59598133,-0.053507151
2.200,1.200,1par,15.912147,26.406685,0.60258027,-0.035444044
2.200,1.300,1par,16.939205,28.557282,0.59316587,-0.020539857
2.200,1.400,1par,17.302362,33.606891,0.51484568,-0.0087254797
2.200,1.500,1par,2.4625375,2.5295453,0.97350996,0.00019257269
2.200,1.600,1par,17.728748,23.676207,0.7488002,0.0065013385
2.200,1.700,1par,19.049357,27.117615,0.70247168,0.010553809
2.200,1.800,1par,19.564301,29.215123,0.66966349,0.012743335
2.200,1.900,1par,19.654769,30.934842,0.63536026,0.013478781
2.200,2.000,1par,19.369309,32.482139,0.59630645,0.013159977
2.200,2.100,1par,18.727833,33.903289,0.55238986,0.012154382
2.200,2.200,1par,17.77857,35.183917,0.50530389,0.010777132
2.200,2.300,1par,16.624564,36.273746,0.45830845,0.009277196
2.200,2.400,1par,15.433143,37.098565,0.41600379,0.0078317425
2.200,2.500,1par,14.415087,37.578169,0.3836027,0.0065492446
2.200,2.600,1par,13.762156,37.658063,0.36545045,0.0054798678
2.200,2.700,1par,13.563784,37.347603,0.36317684,0.0046302188
2.200,2.800,1par,13.764256,36.738275,0.37465711,0.0039790778
2.200,2.900,1par,14.205116,35.978175,0.39482591,0.0034913135
2.200,3.000,1par,14.716906,35.214968,0.41791622,0.0031283564
2.200,3.100,1par,15.184504,34.548724,0.43950982,0.0028548343
2.200,3.200,1par,15.557747,34.020018,0.45731153,0.0026418602
2.200,3.300,1par,15.831145,33.625172,0.47081231,0.0024678904
2.200,3.400,1par,16.020663,33.338418,0.4805466,0.0023181137
2.200,3.500,1par,16.148389,33.128687,0.48744428,0.0021831549
2.200,3.600,1par,16.23482,32.968607,0.4924327,0.0020576232
2.200,3.700,1par,16.295901,32.837756,0.49625503,0.0019388033
2.200,3.800,1par,16.342562,32.722779,0.49942462,0.0018256164
2.200,3.900,1par,16.381415,32.616161,0.5022484,0.0017178699
2.200,4.000,1par,16.415882,32.514633,0.50487673,0.001615761
2.300,1.000,1par,13.466786,23.179529,0.58097756,-0.11039113
2.300,1.100,1par,14.441534,24.212798,0.59644217,-0.083174733
2.300,1.200,1par,15.446459,25.430895,0.6073895,-0.059544064
2.300,1.300,1par,16.436093,26.948002,0.60991881,-0.039634369
2.300,1.400,1par,17.303125,29.112489,0.59435402,-0.023398428
2.300,1.500,1par,17.270452,33.699314,0.51248677,-0.010648172
2.300,1.600,1par,-26.140592,22.156614,-1.1798099,-0.0010907129
2.300,1.700,1par,18.083006,22.886116,0.79012997,0.0056414343
2.300,1.800,1par,19.493481,27.14342,0.718166,0.0099646209
2.300,1.900,1par,19.85267,29.471176,0.67363007,0.012320826
2.300,2.000,1par,19.75279,31.296353,0.63115309,0.013155203
2.300,2.100,1par,19.268407,32.899752,0.58567027,0.012893766
2.300,2.200,1par,18.435809,34.34799,0.53673619,0.011922043
2.300,2.300,1par,17.322759,35.632185,0.48615482,0.010566905
2.300,2.400,1par,16.055103,36.701839,0.43744682,0.0090842935
2.300,2.500,1par,14.821646,37.480454,0.39545003,0.0076549814
2.300,2.600,1par,13.844331,37.886786,0.36541318,0.0063888499
2.300,2.700,1par,13.305525,37.87047,0.35134302,0.0053362139
2.300,2.800,1par,13.262177,37.452679,0.35410491,0.0045032512
2.300,2.900,1par,13.615896,36.742001,0.37058124,0.0038681727
2.300,3.000,1par,14.176384,35.901621,0.3948675,0.0033953713
2.300,3.100,1par,14.764073,35.085956,0.42079723,0.0030459838
2.300,3.200,1par,15.270284,34.393095,0.44399273,0.0027845252
2.300,3.300,1par,15.656972,33.856945,0.4624449,0.0025821339
2.300,3.400,1par,15.929392,33.4666,0.47597879,0.0024173772
2.300,3.500,1par,16.110827,33.190637,0.48540276,0.0022755948
2.300,3.600,1par,16.227674,32.994325,0.49183226,0.0021475703
2.300,3.700,1par,16.302706,32.84823,0.49630394,0.0020280607
2.300,3.800,1par,16.352942,32.73093,0.49961738,0.0019144791
2.300,3.900,1par,16.389738,32.628682,0.50231075,0.0018058544
2.300,4.000,1par,16.419831,32.533882,0.5046994,0.0017020826
2.400,1.000,1par,13.098637,22.631556,0.57877756,-0.15541484
2.400,1.100,1par,14.046998,23.579876,0.59571973,-0.12094751
2.400,1.200,1par,15.027624,24.664365,0.60928485,-0.090671743
2.400,1.300,1par,16.001802,25.933706,0.61702721,-0.064770286
2.400,1.400,1par,16.906636,27.500437,0.614777,-0.04321379
2.400,1.500,1par,17.588979,29.694973,0.59232175,-0.025812104
2.400,1.600,1par,17.129176,34.059662,0.5029168,-0.012257934
2.400,1.700,1par,-52.875724,49.029518,-1.0784467,-0.0021620103
2.400,1.800,1par,18.401217,22.011986,0.83596347,0.0049190763
2.400,1.900,1par,19.914411,27.172749,0.73288172,0.0094601084
2.400,2.000,1par,20.0873,29.729765,0.67566293,0.011946982
2.400,2.100,1par,19.781128,31.654651,0.62490433,0.012856965
2.400,2.200,1par,19.094332,33.308245,0.57326141,0.012638732
2.400,2.300,1par,18.078546,34.777738,0.51983098,0.01169304
2.400,2.400,1par,16.820321,36.059561,0.46645941,0.010356291
2.400,2.500,1par,15.466465,37.102905,0.4168532,0.0088897677
2.400,2.600,1par,14.223321,37.829214,0.37598775,0.0074767006
2.400,2.700,1par,13.317705,38.156959,0.34902428,0.0062276263
2.400,2.800,1par,12.915238,38.041219,0.33950642,0.005192556
2.400,2.900,1par,13.03516,37.516383,0.34745247,0.0043769999
2.400,3.000,1par,13.536509,36.708664,0.36875516,0.0037585014
2.400,3.100,1par,14.20229,35.795421,0.39676275,0.0033009632
2.400,3.200,1par,14.849194,34.935984,0.42504008,0.0029652561
2.400,3.300,1par,15.379229,34.224762,0.44935969,0.0027158262
2.400,3.400,1par,15.76802,33.688024,0.46806011,0.0025238824
2.400,3.500,1par,16.031499,33.307372,0.48131985,0.0023681413
2.400,3.600,1par,16.199622,33.045878,0.49021612,0.0022341236
2.400,3.700,1par,16.302401,32.865431,0.49603489,0.0021127932
2.400,3.800,1par,16.364315,32.73483,0.49990529,0.0019990695
2.400,3.900,1par,16.403019,32.631899,0.50266825,0.0018905037
2.400,4.000,1par,16.429973,32.54269,0.50487446,0.0017862375
2.500,1.000,1par,12.742224,22.117768,0.57610803,-0.21146499
2.500,1.100,1par,13.667336,23.00136,0.59419687,-0.16836271
2.500,1.200,1par,14.628729,23.995817,0.60963664,-0.13017003
2.500,1.300,1par,15.592928,25.126356,0.62058055,-0.097120678
2.500,1.400,1par,16.512333,26.442426,0.6244636,-0.069199385
2.500,1.500,1par,17.307023,28.056287,0.61686789,-0.046205119
2.500,1.600,1par,17.778819,30.288637,0.58697984,-0.027804755
2.500,1.700,1par,16.856097,34.54938,0.48788422,-0.013575582
2.500,1.800,1par,-43.657269,56.325663,-0.77508664,-0.0030374914
2.500,1.900,1par,18.683752,21.11119,0.88501655,0.0043228883
2.500,2.000,1par,20.307073,27.21905,0.74606103,0.009033112
2.500,2.100,1par,20.264432,29.995617,0.67557979,0.011617992
2.500,2.200,1par,19.740312,32.011687,0.61665953,0.012582694
2.500,2.300,1par,18.852739,33.708416,0.55928877,0.012395133
2.500,2.400,1par,17.666715,35.192791,0.50199811,0.011468604
2.500,2.500,1par,16.285872,36.466084,0.44660327,0.010147001
2.500,2.600,1par,14.875122,37.477036,0.39691297,0.0086954696
2.500,2.700,1par,13.653631,38.145297,0.35793748,0.0072986781
2.500,2.800,1par,12.84666,38.389866,0.33463676,0.0060671614
2.500,2.900,1par,12.59658,38.17256,0.32999045,0.0050502423
2.500,3.000,1par,12.88151,37.542176,0.34312102,0.0042525687
2.500,3.100,1par,13.519949,36.642722,0.36896682,0.0036509436
2.500,3.200,1par,14.274282,35.664501,0.40023783,0.0032087767
2.500,3.300,1par,14.963501,34.769849,0.43035853,0.002886704
2.500,3.400,1par,15.503629,34.047946,0.45534698,0.002649145
2.500,3.500,1par,15.884726,33.516681,0.47393495,0.002467419
2.500,3.600,1par,16.132883,33.150087,0.48666186,0.0023204261
2.500,3.700,1par,16.283889,32.905972,0.49486121,0.0021938926
2.500,3.800,1par,16.370617,32.743182,0.49997024,0.00207898
2.500,3.900,1par,16.418663,32.629051,0.50319156,0.0019707814
2.500,4.000,1par,16.445889,32.540886,0.50539155,0.0018669921
2.600,1.000,1par,12.395427,21.630916,0.57304215,-0.28062603
2.600,1.100,1par,13.298018,22.46071,0.5920569,-0.22724234
2.600,1.200,1par,14.240975,23.385893,0.60895581,-0.17962402
2.600,1.300,1par,15.195079,24.421325,0.62220537,-0.13806147
2.600,1.400,1par,16.121309,25.593003,0.62991081,-0.1025504
2.600,1.500,1par,16.963632,26.951272,0.62941861,-0.072869415
2.600,1.600,1par,17.625199,28.608976,0.61607236,-0.048646053
2.600,1.700,1par,17.862494,30.882205,0.57840734,-0.029409013
2.600,1.800,1par,16.442186,35.103595,0.46839038,-0.014626967
2.600,1.900,1par,-33.906742,56.316028,-0.60207979,-0.0037361959
2.600,2.000,1par,18.937036,20.245025,0.9353921,0.0038398189
2.600,2.100,1par,20.664235,27.293302,0.75711746,0.0086754133
2.600,2.200,1par,20.38027,30.272172,0.67323446,0.01132928
2.600,2.300,1par,19.63197,32.368718,0.60651059,0.012330388
2.600,2.400,1par,18.550693,34.100676,0.54399781,0.012162653
2.600,2.500,1par,17.211943,35.593213,0.48357373,0.011249423
2.600,2.600,1par,15.733873,36.851759,0.42695038,0.0099402342
2.600,2.700,1par,14.295906,37.824428,0.37795432,0.0085027767
2.600,2.800,1par,13.124984,38.429388,0.34153507,0.0071222619
2.600,2.900,1par,12.438721,38.587009,0.32235515,0.0059086615
2.600,3.000,1par,12.350933,38.267074,0.32275612,0.0049102899
2.600,3.100,1par,12.796977,37.533747,0.34094589,0.0041307788
2.600,3.200,1par,13.55836,36.548645,0.3709675,0.0035461411
2.600,3.300,1par,14.383334,35.513549,0.40500975,0.0031193016
2.600,3.400,1par,15.098592,34.591908,0.43647758,0.0028106953
2.600,3.500,1par,15.636581,33.866317,0.46171483,0.002584755
2.600,3.600,1par,16.001895,33.34577,0.4798778,0.0024129479
2.600,3.700,1par,16.22994,32.9968,0.49186406,0.0022743859
2.600,3.800,1par,16.361381,32.772277,0.49924456,0.0021550218
2.600,3.900,1par,16.431159,32.628363,0.50358514,0.0020462283
2.600,4.000,1par,16.465405,32.531229,0.50614151,0.0019432797
2.700,1.000,1par,12.057703,21.167405,0.5696354,-0.36537789
2.700,1.100,1par,12.93762,21.950109,0.58941027,-0.29975123
2.700,1.200,1par,13.861483,22.817531,0.60749267,-0.24091244
2.700,1.300,1par,14.803621,23.779314,0.62254198,-0.18921684
2.700,1.400,1par,15.730931,24.850924,0.63301192,-0.14466895
2.700,1.500,1par,16.599425,26.059071,0.63699218,-0.10701714
2.700,1.600,1par,17.344951,27.455056,0.631758,-0.075834557
2.700,1.700,1par,17.853696,29.152819,0.61241748,-0.050583332
2.700,1.800,1par,17.836278,31.46709,0.56682323,-0.030662317
2.700,1.900,1par,15.889205,35.686228,0.44524752,-0.015440343
2.700,2.000,1par,-29.792605,55.697079,-0.53490427,-0.0042783062
2.700,2.100,1par,19.174139,19.470086,0.98479988,0.0034562674
2.700,2.200,1par,20.977315,27.403424,0.76549979,0.0083784742
2.700,2.300,1par,20.431706,30.561559,0.66854265,0.011076
2.700,2.400,1par,19.459194,32.726344,0.59460335,0.012097749
2.700,2.500,1par,18.196572,34.485092,0.5276649,0.011940644
2.700,2.600,1par,16.726308,35.978921,0.46489188,0.011035826
2.700,2.700,1par,15.177916,37.216589,0.40782662,0.0097368226
2.700,2.800,1par,13.741393,38.145409,0.36023713,0.0083127071
2.700,2.900,1par,12.646487,38.682405,0.32693126,0.0069484654
2.700,3.000,1par,12.097773,38.750176,0.31219917,0.0057530318
2.700,3.100,1par,12.176498,38.327599,0.31769529,0.0047734525
2.700,3.200,1par,12.775195,37.494895,0.34071826,0.0040122262
2.700,3.300,1par,13.642994,36.430794,0.37449071,0.0034445468
2.700,3.400,1par,14.520505,35.346925,0.41079966,0.0030328712
2.700,3.500,1par,15.246742,34.406034,0.44314152,0.0027374693
2.700,3.600,1par,15.772122,33.682998,0.46825172,0.002522826
2.700,3.700,1par,16.115337,33.177602,0.48572941,0.002360589
2.700,3.800,1par,16.320026,32.84908,0.49681836,0.0022301071
2.700,3.900,1par,16.430693,32.645743,0.50330278,0.0021175764
2.700,4.000,1par,16.483551,32.521435,0.50685189,0.0020145909
2.800,1.000,1par,11.72915,20.725277,0.56593454,-0.46867195
2.800,1.100,1par,12.585964,21.465461,0.58633557,-0.38846438
2.800,1.200,1par,13.489637,22.282309,0.60539672,-0.31626723
2.800,1.300,1par,14.4175,23.182578,0.62191098,-0.25251172
2.800,1.400,1par,15.340967,24.176388,0.63454337,-0.19721011
2.800,1.500,1par,16.223687,25.279709,0.64176718,-0.15007038
2.800,1.600,1par,17.017147,26.519899,0.64167465,-0.11059474
2.800,1.700,1par,17.649288,27.949196,0.63147748,-0.078158383
2.800,1.800,1par,17.989378,29.682909,0.60605173,-0.05206823
2.800,1.900,1par,17.702049,32.036421,0.55256012,-0.031603949
2.800,2.000,1par,15.207904,36.274487,0.41924519,-0.016044467
2.800,2.100,1par,-29.081305,55.420425,-0.52473984,-0.0046839375
2.800,2.200,1par,19.41217,18.831383,1.0308414,0.0031588544
2.800,2.300,1par,21.237425,27.554177,0.77075156,0.0081339331
2.800,2.400,1par,20.417015,30.864688,0.66150077,0.010853366
2.800,2.500,1par,19.226692,33.084587,0.58113744,0.011882416
2.800,2.600,1par,17.799754,34.86145,0.5105856,0.011728294
2.800,2.700,1par,16.221737,36.34973,0.44626844,0.010827912
2.800,2.800,1par,14.630117,37.560616,0.38950685,0.009537332
2.800,2.900,1par,13.221557,38.44045,0.34394906,0.0081260067
2.800,3.000,1par,12.224062,38.905487,0.31419892,0.006778041
2.800,3.100,1par,11.824605,38.881395,0.30411988,0.0056009395
2.800,3.200,1par,12.069097,38.357136,0.31465063,0.0046402745
2.800,3.300,1par,12.808479,37.429421,0.34220349,0.0038973283
2.800,3.400,1par,13.764821,36.293323,0.37926592,0.0033464644
2.800,3.500,1par,14.677319,35.168592,0.41734167,0.0029496963
2.800,3.600,1par,15.401094,34.215595,0.45011912,0.0026671662
2.800,3.700,1par,15.905306,33.500581,0.47477703,0.0024634474
2.800,3.800,1par,16.221872,33.013996,0.49136349,0.002310398
2.800,3.900,1par,16.401405,32.708075,0.50144819,0.0021876247
2.800,4.000,1par,16.491171,32.526978,0.50699977,0.0020815804
2.900,1.000,1par,11.410097,20.303341,0.56198124,-0.59401983
2.900,1.100,1par,12.243369,21.004407,0.58289528,-0.4964455
2.900,1.200,1par,13.125731,21.77563,0.60277161,-0.40834265
2.900,1.300,1par,14.037075,22.622054,0.620504,-0.33023257
2.900,1.400,1par,14.952453,23.550838,0.63490111,-0.26213525
2.900,1.500,1par,15.841023,24.572477,0.64466528,-0.20370767
2.900,1.600,1par,16.663668,25.703361,0.64830698,-0.15436308
2.900,1.700,1par,17.367647,26.971406,0.64392814,-0.11336685
2.900,1.800,1par,17.873225,28.429721,0.62868097,-0.079908677
2.900,1.900,1par,18.033101,30.195052,0.59722041,-0.05315321
2.900,2.000,1par,17.466668,32.584579,0.53604093,-0.032272936
2.900,2.100,1par,14.416736,36.852546,0.39120053,-0.016467287
2.900,2.200,1par,-30.282195,55.48165,-0.5458056,-0.0049723308
2.900,2.300,1par,19.667533,18.358657,1.0712948,0.0029349205
2.900,2.400,1par,21.436479,27.747432,0.77255724,0.0079339206
2.900,2.500,1par,20.336349,31.181432,0.6521942,0.01065686
2.900,2.600,1par,18.940707,33.442999,0.56635791,0.01168211
2.900,2.700,1par,17.370145,35.229329,0.4930592,0.011524736
2.900,2.800,1par,15.709422,36.705409,0.42798657,0.010625636
2.900,2.900,1par,14.100702,37.883945,0.37220785,0.0093421392
2.900,3.000,1par,12.743734,38.710173,0.32920892,0.0079432145
2.900,3.100,1par,11.860803,39.099968,0.30334561,0.0066115373
2.900,3.200,1par,11.617561,38.98287,0.29801709,0.005452864
2.900,3.300,1par,12.022897,38.35877,0.31343279,0.0045111351
2.900,3.400,1par,12.888439,37.341042,0.34515477,0.0037863618
2.900,3.500,1par,13.914951,36.140105,0.38502796,0.0032520805
2.900,3.600,1par,14.846009,34.982086,0.42438889,0.0028698922
2.900,3.700,1par,15.555774,34.023463,0.45720726,0.0025998492
2.900,3.800,1par,16.032238,33.321168,0.48114276,0.0024066476
2.900,3.900,1par,16.319299,32.856337,0.49668651,0.0022623822
2.900,4.000,1par,16.473163,32.574572,0.50570619,0.0021469355
3.000,1.000,1par,11.100916,19.900764,0.55781355,-0.74559779
3.000,1.100,1par,11.910317,20.565434,0.57914251,-0.6273389
3.000,1.200,1par,12.770396,21.294739,0.59969722,-0.52029597
3.000,1.300,1par,13.663243,22.09264,0.61845226,-0.42509797
3.000,1.400,1par,14.566929,22.964543,0.63432261,-0.34177373
3.000,1.500,1par,15.454884,23.917916,0.6461635,-0.26991794
3.000,1.600,1par,16.294491,24.963545,0.65273147,-0.20883491
3.000,1.700,1par,17.044181,26.118147,0.65258001,-0.15765468
3.000,1.800,1par,17.647237,27.410101,0.64382239,-0.11542097
3.000,1.900,1par,18.016631,28.893264,0.62355816,-0.081153631
3.000,2.000,1par,17.989327,30.685725,0.58624415,-0.053889566
3.000,2.100,1par,17.141373,33.106943,0.51775765,-0.032706612
3.000,2.200,1par,13.540557,37.408681,0.36196295,-0.016735099
3.000,2.300,1par,-32.591031,55.772222,-0.58435956,-0.0051613533
3.000,2.400,1par,19.951143,18.066024,1.1043461,0.0027728225
3.000,2.500,1par,21.568156,27.982657,0.7707687,0.007771241
3.000,2.600,1par,20.19194,31.510844,0.64079338,0.010482349
3.000,2.700,1par,18.608692,33.800778,0.55054034,0.011494721
3.000,2.800,1par,16.917639,35.588169,0.47537256,0.01132912
3.000,2.900,1par,15.19936,37.04572,0.41028654,0.010428874
3.000,3.000,1par,13.597841,38.186772,0.35608773,0.009151486
3.000,3.100,1par,12.312827,38.955347,0.3160754,0.007764712
3.000,3.200,1par,11.557482,39.267344,0.29432808,0.0064493437
3.000,3.300,1par,11.473161,39.056927,0.29375483,0.0053091364
3.000,3.400,1par,12.03099,38.335594,0.3138334,0.0043862828
3.000,3.500,1par,13.006433,37.233307,0.34932253,0.0036794922
3.000,3.600,1par,14.084932,35.974677,0.39152351,0.0031614904
3.000,3.700,1par,15.019682,34.790496,0.43171797,0.0027935007
3.000,3.800,1par,15.705972,33.832033,0.46423377,0.0025355232
3.000,3.900,1par,16.150071,33.146416,0.48723429,0.0023524092
3.000,4.000,1par,16.406326,32.70563,0.50163614,0.0022165133
3.100,1.000,1par,10.801936,19.516872,0.55346653,-0.92836947
3.100,1.100,1par,11.587287,20.147453,0.57512414,-0.7854774
3.100,1.200,1par,12.424331,20.837816,0.59623961,-0.65588181
3.100,1.300,1par,13.297047,21.591195,0.61585507,-0.54034093
3.100,1.400,1par,14.186045,22.411899,0.63296937,-0.43889455
3.100,1.500,1par,15.068217,23.305609,0.64654895,-0.35106281
3.100,1.600,1par,15.91584,24.280023,0.65551175,-0.27601872
3.100,1.700,1par,16.694821,25.346139,0.65867313,-0.2127281
3.100,1.800,1par,17.361358,26.520916,0.65462889,-0.16005618
3.100,1.900,1par,17.855079,27.833074,0.64150583,-0.11684403
3.100,2.000,1par,18.082321,29.337049,0.61636469,-0.081959179
3.100,2.100,1par,17.865706,31.152043,0.57350029,-0.054325848
3.100,2.200,1par,16.741077,33.599761,0.49824989,-0.032939725
3.100,2.300,1par,12.609019,37.933878,0.33239466,-0.016872041
3.100,2.400,1par,-35.525028,56.196359,-0.63215889,-0.0052672252
3.100,2.500,1par,20.265411,17.954059,1.128737,0.0026620834
3.100,2.600,1par,21.628556,28.257488,0.76540972,0.0076394595
3.100,2.700,1par,19.987987,31.851373,0.62753925,0.010326148
3.100,2.800,1par,18.238842,34.156883,0.53397268,0.011318352
3.100,2.900,1par,16.451632,35.937343,0.45778654,0.011140654
3.100,3.000,1par,14.700088,37.370461,0.39336116,0.010237459
3.100,3.100,1par,13.127715,38.469391,0.34125092,0.0089655178
3.100,3.200,1par,11.931655,39.176872,0.30455864,0.00759076
3.100,3.300,1par,11.313048,39.40924,0.28706587,0.0062917251
3.100,3.400,1par,11.386609,39.105956,0.29117326,0.0051699713
3.100,3.500,1par,12.085822,38.290633,0.3156339,0.0042658634
3.100,3.600,1par,13.153885,37.109545,0.35446098,0.0035767993
3.100,3.700,1par,14.266969,35.800216,0.39851629,0.0030747192
3.100,3.800,1par,15.192453,34.596475,0.43913298,0.0027205076
3.100,3.900,1par,15.847974,33.643259,0.47105942,0.0024741497
3.100,4.000,1par,16.256962,32.977592,0.49296994,0.0023006811
3.200,1.000,1par,10.513402,19.151052,0.54897256,-1.1482306
3.200,1.100,1par,11.274687,19.74958,0.57088237,-0.97600938
3.200,1.200,1par,12.088183,20.40352,0.59245574,-0.81956309
3.200,1.300,1par,12.939487,21.115592,0.61279299,-0.67980531
3.200,1.400,1par,13.811369,21.889377,0.63096219,-0.55679005
3.200,1.500,1par,14.683589,22.729447,0.64601612,-0.44994916
3.200,1.600,1par,15.532308,23.641687,0.65698815,-0.35829896
3.200,1.700,1par,16.328925,24.633952,0.66286257,-0.28060812
3.200,1.800,1par,17.038046,25.717381,0.66251092,-0.21552632
3.200,1.900,1par,17.613873,26.909079,0.6545699,-0.16167694
3.200,2.000,1par,17.992863,28.237972,0.63718678,-0.11771946
3.200,2.100,1par,18.075703,29.758865,0.60740564,-0.082387261
3.200,2.200,1par,17.672599,31.591733,0.55940581,-0.054506907
3.200,2.300,1par,16.28347,34.060074,0.47808088,-0.033003928
3.200,2.400,1par,11.654539,38.421136,0.30333667,-0.016899846
3.200,2.500,1par,-38.749911,56.679917,-0.6836621,-0.0053044086
3.200,2.600,1par,20.60375,18.013125,1.1438187,0.0025934398
3.200,2.700,1par,21.616474,28.568291,0.75665969,0.0075329243
3.200,2.800,1par,19.730285,32.201065,0.61272151,0.010185031
3.200,2.900,1par,17.839582,34.510133,0.5169375,0.011151341
3.200,3.000,1par,15.980656,36.27621,0.44052717,0.010958624
3.200,3.100,1par,14.218614,37.679489,0.37735686,0.010051212
3.200,3.200,1par,12.694733,38.732198,0.32775658,0.0087843116
3.200,3.300,1par,11.601349,39.375768,0.29463169,0.0074215267
3.200,3.400,1par,11.12505,39.527366,0.28145184,0.0061388486
3.200,3.500,1par,11.352168,39.132355,0.29009672,0.0050354915
3.200,3.600,1par,12.179507,38.2268,0.31861173,0.0041499426
3.200,3.700,1par,13.322542,36.972821,0.3603334,0.0034782955
3.200,3.800,1par,14.45411,35.619526,0.40579175,0.0029917384
3.200,3.900,1par,15.359534,34.402257,0.44646878,0.0026508572
3.200,4.000,1par,15.979166,33.458698,0.47757883,0.002415658
3.300,1.000,1par,10.235463,18.802698,0.54436143,-1.4121795
3.300,1.100,1par,10.972824,19.371027,0.56645546,-1.2050484
3.300,1.200,1par,11.762486,19.990766,0.58839597,-1.0166415
3.300,1.300,1par,12.591439,20.664252,0.60933437,-0.84805905
3.300,1.400,1par,13.444292,21.394557,0.62839776,-0.69937374
3.300,1.500,1par,14.303214,22.185526,0.64470927,-0.56991363
3.300,1.600,1par,15.147547,23.041928,0.65739059,-0.45850905
3.300,1.700,1par,15.95297,23.969789,0.66554485,-0.36369363
3.300,1.800,1par,16.690135,24.977058,0.66821859,-0.28385878
3.300,1.900,1par,17.322505,26.074939,0.6643354,-0.21736565
3.300,2.000,1par,17.802627,27.280585,0.65257498,-0.1626212
3.300,2.100,1par,18.064486,28.622977,0.63111834,-0.11812516
3.300,2.200,1par,18.004395,30.157043,0.59702123,-0.082494789
3.300,2.300,1par,17.422472,32.003105,0.54439942,-0.054473388
3.300,2.400,1par,15.787896,34.48568,0.45781021,-0.032927575
3.300,2.500,1par,10.709967,38.865107,0.27556768,-0.016837785
3.300,2.600,1par,-42.007225,57.165426,-0.73483621,-0.0052856071
3.300,2.700,1par,20.952236,18.226908,1.1495222,0.0025588206
3.300,2.800,1par,21.533294,28.910657,0.74482201,0.0074467458
3.300,2.900,1par,19.425717,32.557744,0.59665426,0.01005622
3.300,3.000,1par,17.419117,34.859298,0.49969788,0.010992256
3.300,3.100,1par,15.512199,36.604163,0.42378236,0.010782405
3.300,3.200,1par,13.760517,37.972744,0.36237879,0.0098699484
3.300,3.300,1par,12.301819,38.975696,0.31562794,0.0086078951
3.300,3.400,1par,11.321687,39.553148,0.28623984,0.0072571095
3.300,3.500,1par,10.989949,39.623488,0.27735945,0.0059908052
3.300,3.600,1par,11.363433,39.138485,0.29033911,0.004905748
3.300,3.700,1par,12.30408,38.146842,0.32254517,0.004038524
3.300,3.800,1par,13.504701,36.825915,0.36671733,0.0033839425
3.300,3.900,1par,14.640402,35.435041,0.41316171,0.0029124794
3.300,4.000,1par,15.517288,34.209691,0.45359335,0.0025844628
3.400,1.000,1par,9.9681727,18.471193,0.53966045,-1.728519
3.400,1.100,1par,10.681889,19.01104,0.56187822,-1.4798499
3.400,1.200,1par,11.447644,19.598594,0.58410537,-1.2534112
3.400,1.300,1par,12.253618,20.23589,0.60553884,-1.0505274
3.400,1.400,1par,13.085988,20.925624,0.62535714,-0.87129545
3.400,1.500,1par,13.928968,21.671138,0.64274277,-0.71492168
3.400,1.600,1par,14.764542,22.47648,0.65688854,-0.58001658
3.400,1.700,1par,15.571856,23.346556,0.66698728,-0.46483467
3.400,1.800,1par,16.326205,24.287477,0.67220672,-0.36745957
3.400,1.900,1par,16.997584,25.307228,0.67164939,-0.28593868
3.400,2.000,1par,17.548538,26.417,0.66428957,-0.21837522
3.400,2.100,1par,17.930453,27.633887,0.64885743,-0.16298592
3.400,2.200,1par,18.075738,28.986765,0.62358589,-0.11813243
3.400,2.300,1par,17.877785,30.53042,0.58557284,-0.082333138
3.400,2.400,1par,17.129151,32.385029,0.52892189,-0.054261554
3.400,2.500,1par,15.274068,34.8751,0.43796486,-0.032735702
3.400,2.600,1par,9.8062108,39.261907,0.249764,-0.016702714
3.400,2.700,1par,-45.08542,57.607391,-0.78263255,-0.0052218388
3.400,2.800,1par,21.292469,18.575524,1.1462648,0.0025512826
3.400,2.900,1par,21.382574,29.279799,0.73028418,0.007376749
3.400,3.000,1par,19.081714,32.919149,0.57965392,0.0099373614
3.400,3.100,1par,16.985128,35.203161,0.48248873,0.010839883
3.400,3.200,1par,15.052676,36.920661,0.40770332,0.010611459
3.400,3.300,1par,13.330132,38.250256,0.34849784,0.0096934955
3.400,3.400,1par,11.950671,39.20048,0.30486032,0.0084362605
3.400,3.500,1par,11.091333,39.710199,0.27930691,0.0070975504
3.400,3.600,1par,10.903322,39.699387,0.27464712,0.0058476259
3.400,3.700,1par,11.413546,39.126633,0.29170786,0.0047807362
3.400,3.800,1par,12.451741,38.053319,0.32721827,0.0039315631
3.400,3.900,1par,13.69343,36.67131,0.37340988,0.0032936635
3.400,4.000,1par,14.821017,35.248842,0.42046819,0.0028368438
3.500,1.000,1par,9.7114946,18.155906,0.53489452,-2.1070937
3.500,1.100,1par,10.401968,18.668878,0.55718225,-1.8090196
3.500,1.200,1par,11.143925,19.22611,0.57962454,-1.5373406
3.500,1.300,1par,11.926566,19.829384,0.60145923,-1.2936502
3.500,1.400,1par,12.737408,20.481102,0.62191029,-1.0780766
3.500,1.500,1par,13.562397,21.184241,0.64021158,-0.88968396
3.500,1.600,1par,14.385745,21.942355,0.65561537,-0.72682307
3.500,1.700,1par,15.189462,22.759636,0.66738598,-0.58741794
3.500,1.800,1par,15.95256,23.641079,0.67478137,-0.46918667
3.500,1.900,1par,16.649985,24.592829,0.67702601,-0.36980288
3.500,2.000,1par,17.251207,25.622845,0.67327448,-0.28700665
3.500,2.100,1par,17.718201,26.742227,0.66255519,-0.21867472
3.500,2.200,1par,18.001841,27.967901,0.64366077,-0.16285957
3.500,2.300,1par,18.033949,29.328472,0.61489562,-0.11780544
3.500,2.400,1par,17.706479,30.878305,0.5734278,-0.08194802
3.500,2.500,1par,16.806957,32.736902,0.51339486,-0.053903346
3.500,2.600,1par,14.76076,35.227544,0.4190119,-0.032450155
3.500,2.700,1par,8.9701803,39.608987,0.22646831,-0.016509215
3.500,2.800,1par,-47.809811,57.969359,-0.82474279,-0.0051225543
3.500,2.900,1par,21.604647,19.03791,1.1348224,0.0025649195
3.500,3.000,1par,21.169501,29.670858,0.71347789,0.0073194114
3.500,3.100,1par,18.705822,33.283049,0.56202251,0.0098264792
3.500,3.200,1par,16.544626,35.540578,0.46551372,0.010693209
3.500,3.300,1par,14.607526,37.225254,0.39240903,0.010445332
3.500,3.400,1par,12.930739,38.512153,0.33575735,0.0095216917
3.500,3.500,1par,11.641947,39.40723,0.29542668,0.0082693744
3.500,3.600,1par,10.907994,39.848161,0.27373894,0.0069428487
3.500,3.700,1par,10.860027,39.756833,0.27316127,0.0057092954
3.500,3.800,1par,11.49542,39.098982,0.29400815,0.0046604083
3.500,3.900,1par,12.61511,37.948577,0.33242642,0.0038289796
3.500,4.000,1par,13.882759,36.511196,0.38023293,0.0032073532
3.600,1.000,1par,9.4653163,17.856184,0.53008618,-2.5595712
3.600,1.100,1par,10.133046,18.343802,0.55239618,-2.2027593
3.600,1.200,1par,10.851473,18.872451,0.57499009,-1.8772859
3.600,1.300,1par,11.610665,19.443702,0.59714272,-1.5850668
3.600,1.400,1par,12.399283,20.059713,0.61811868,-1.3262699
3.600,1.500,1par,13.204746,20.723177,0.63719697,-1.0997932
3.600,1.600,1par,14.013152,21.437294,0.65368098,-0.90368117
3.600,1.700,1par,14.808906,22.205776,0.66689435,-0.73546704
3.600,1.800,1par,15.574078,23.032913,0.67616624,-0.59243564
3.600,1.900,1par,16.287542,23.923746,0.68081068,-0.47181669
3.600,2.000,1par,16.923951,24.884397,0.68010289,-0.37091781
3.600,2.100,1par,17.452487,25.922744,0.67325,-0.28720948
3.600,2.200,1par,17.835026,27.049716,0.65934244,-0.21837306
3.600,2.300,1par,18.022647,28.281961,0.63724885,-0.16232158
3.600,2.400,1par,17.94757,29.647647,0.60536237,-0.11720118
3.600,2.500,1par,17.501666,31.20044,0.56094293,-0.081379614
3.600,2.600,1par,16.469809,33.05861,0.49820029,-0.05342658
3.600,2.700,1par,14.264664,35.542871,0.40133684,-0.032089799
3.600,2.800,1par,8.2233382,39.905037,0.20607269,-0.016269772
3.600,2.900,1par,-50.040233,58.222315,-0.85946827,-0.0049957783
3.600,3.000,1par,21.870128,19.593484,1.1161939,0.0025947593
3.600,3.100,1par,20.900336,30.079124,0.69484523,0.007271793
3.600,3.200,1par,18.305413,33.647318,0.5440378,0.0097219401
3.600,3.300,1par,16.103938,35.87051,0.44894645,0.010551399
3.600,3.400,1par,14.181329,37.517597,0.3779914,0.010283644
3.600,3.500,1par,12.564704,38.758656,0.324178,0.0093543895
3.600,3.600,1par,11.375366,39.596699,0.28728067,0.0081071844
3.600,3.700,1par,10.768507,39.968301,0.26942619,0.0067929707
3.600,3.800,1par,10.85436,39.797556,0.27273936,0.005575762
3.600,3.900,1par,11.601976,39.057585,0.29704795,0.0045446835
3.600,4.000,1par,12.787471,37.834745,0.33798223,0.0037306659
3.700,1.000,1par,9.2294595,17.571363,0.52525574,-3.0997733
3.700,1.100,1par,9.8750246,18.035065,0.54754584,-2.6731576
3.700,1.200,1par,10.570316,18.536772,0.570235,-2.2837443
3.700,1.300,1par,11.306145,19.077863,0.59263161,-1.9338349
3.700,1.400,1par,12.072142,19.660289,0.61403686,-1.6236475
3.700,1.500,1par,12.856982,20.286514,0.63376991,-1.3518854
3.700,1.600,1par,13.64836,20.959465,0.65117886,-1.1162325
3.700,1.700,1par,14.432705,21.682511,0.66563807,-0.91376002
3.700,1.800,1par,15.194633,22.459478,0.67653545,-0.74123992
3.700,1.900,1par,15.916231,23.294716,0.68325501,-0.59537567
3.700,2.000,1par,16.576236,24.19326,0.68515925,-0.47296126
3.700,2.100,1par,17.149157,25.161168,0.68157236,-0.37098349
3.700,2.200,1par,17.60423,26.206171,0.67175898,-0.28668047
3.700,2.300,1par,17.90377,27.338951,0.65488138,-0.21756786
3.700,2.400,1par,17.999766,28.575774,0.629896,-0.16144235
3.700,2.500,1par,17.825679,29.944211,0.59529634,-0.11636965
3.700,2.600,1par,17.274443,31.496953,0.54844806,-0.080662867
3.700,2.700,1par,16.130409,33.350483,0.48366343,-0.052855248
3.700,2.800,1par,13.799567,35.821533,0.38523106,-0.03167077
3.700,2.900,1par,7.5810187,40.149866,0.18881803,-0.01599498
3.700,3.000,1par,-51.671174,58.343888,-0.88563131,-0.0048482613
3.700,3.100,1par,22.073193,20.22316,1.0914809,0.002636657
3.700,3.200,1par,20.58197,30.500174,0.67481486,0.0072314669
3.700,3.300,1par,17.887549,34.009995,0.52594976,0.009622407
3.700,3.400,1par,15.668761,36.192047,0.43293382,0.010413773
3.700,3.500,1par,13.77791,37.797455,0.36451952,0.010126081
3.700,3.600,1par,12.23354,38.990076,0.31376036,0.0091914544
3.700,3.700,1par,11.149746,39.769697,0.28035783,0.0079496237
3.700,3.800,1par,10.668941,40.071893,0.26624501,0.0066478566
3.700,3.900,1par,10.880262,39.823227,0.27321397,0.0054469466
3.700,4.000,1par,11.726419,39.00435,0.30064388,0.0044334565
3.800,1.000,1par,9.0036928,17.300774,0.52042138,-3.7440673
3.800,1.100,1par,9.6277328,17.741923,0.54265441,-3.2345326
3.800,1.200,1par,10.300389,18.218237,0.56538891,-2.7691524
3.800,1.300,1par,11.013103,18.730918,0.58796385,-2.3506887
3.800,1.400,1par,11.756335,19.281736,0.6097135,-1.979423
3.800,1.500,1par,12.519824,19.872957,0.62999302,-1.6538305
3.800,1.600,1par,13.292622,20.507288,0.64819015,-1.3711704
3.800,1.700,1par,14.062869,21.187842,0.6637235,-1.1279679
3.800,1.800,1par,14.817326,21.918116,0.67603102,-0.92038853
3.800,1.900,1par,15.540753,22.702008,0.68455414,-0.74451259
3.800,2.000,1par,16.21521,23.543884,0.68872283,-0.59652499
3.800,2.100,1par,16.819374,24.448738,0.68794445,-0.47283807
3.800,2.200,1par,17.327854,25.422511,0.6815949,-0.37016231
3.800,2.300,1par,17.710352,26.472729,0.66900365,-0.28553893
3.800,2.400,1par,17.930151,27.609757,0.64941359,-0.21634554
3.800,2.500,1par,17.940735,28.849375,0.62187601,-0.16028359
3.800,2.600,1par,17.677449,30.21841,0.58498937,-0.1153543
3.800,2.700,1par,17.035175,31.768316,0.53623159,-0.079827895
3.800,2.800,1par,15.799628,33.61324,0.4700418,-0.052209863
3.800,2.900,1par,13.375947,36.064502,0.37088956,-0.031206757
3.800,3.000,1par,7.0524899,40.344281,0.17480767,-0.015693749
3.800,3.100,1par,-52.632092,58.317966,-0.90250219,-0.0046856314
3.800,3.200,1par,22.202034,20.90989,1.0617958,0.002687191
3.800,3.300,1par,20.221663,30.929967,0.65378868,0.0071964502
3.800,3.400,1par,17.458963,34.369315,0.50798113,0.0095267989
3.800,3.500,1par,15.244225,36.504422,0.4175994,0.010279783
3.800,3.600,1par,13.400369,38.064704,0.35204186,0.0099723845
3.800,3.700,1par,11.937905,39.206804,0.30448553,0.0090327641
3.800,3.800,1par,10.963033,39.927076,0.2745764,0.0077966149
3.800,3.900,1par,10.604728,40.160204,0.2640606,0.0065074271
3.800,4.000,1par,10.931561,39.835438,0.274418,0.0053227485
3.900,1.000,1par,8.787743,17.043746,0.51559928,-4.511828
3.900,1.100,1par,9.3909409,17.463636,0.53774261,-3.9038366
3.900,1.200,1par,10.041542,17.916021,0.56047836,-3.3482377
3.900,1.300,1par,10.731525,18.401944,0.58317343,-2.8483434
3.900,1.400,1par,11.452054,18.923006,0.60519212,-2.4045134
3.900,1.500,1par,12.193774,19.481301,0.62592198,-2.0149567
3.900,1.600,1par,12.946887,20.079349,0.64478621,-1.6764311
3.900,1.700,1par,13.700982,20.720055,0.66124255,-1.3848176
3.900,1.800,1par,14.444635,21.406671,0.6747726,-1.1355647
3.900,1.900,1par,15.164854,22.142785,0.68486659,-0.92401503
3.900,2.000,1par,15.846459,22.932331,0.69100953,-0.7456322
3.900,2.100,1par,16.471506,23.779654,0.69267225,-0.5961473
3.900,2.200,1par,17.018778,24.689661,0.6893079,-0.47164418
3.900,2.300,1par,17.463302,25.668132,0.68034956,-0.3685994
3.900,2.400,1par,17.775654,26.722333,0.66519844,-0.28389033
3.900,2.500,1par,17.920524,27.862245,0.64318304,-0.21478175
3.900,2.600,1par,17.853298,29.103076,0.61345056,-0.15889889
3.900,2.700,1par,17.511625,30.470766,0.57470248,-0.11419254
3.900,2.800,1par,16.792991,32.015287,0.52453038,-0.078900436
3.900,2.900,1par,15.486156,33.84793,0.45752151,-0.051507821
3.900,3.000,1par,13.000968,36.273188,0.35841812,-0.030709276
3.900,3.100,1par,6.6415779,40.489939,0.16403033,-0.015373515
3.900,3.200,1par,-52.887027,58.134437,-0.90973663,-0.0045125393
3.900,3.300,1par,22.249147,21.638856,1.0282035,0.0027435635
3.900,3.400,1par,19.826901,31.364887,0.63213688,0.007165141
3.900,3.500,1par,17.026072,34.723729,0.4903296,0.0094342524
3.900,3.600,1par,14.834898,36.807012,0.40304543,0.010148994
3.900,3.700,1par,13.051045,38.319322,0.34058654,0.0098223446
3.900,3.800,1par,11.677569,39.409299,0.29631505,0.0088782064
3.900,3.900,1par,10.812362,40.069715,0.26983874,0.0076480723
3.900,4.000,1par,10.570854,40.234476,0.26273123,0.0063715873
4.000,1.000,1par,8.5813049,16.799613,0.51080372,-5.4259827
4.000,1.100,1par,9.1643733,17.199469,0.53282884,-4.7011335
4.000,1.200,1par,9.7935598,17.629313,0.55552704,-4.0384349
4.000,1.300,1par,10.461301,18.090036,0.57829076,-3.4418544
4.000,1.400,1par,11.15936,18.583088,0.60051158,-2.911849
4.000,1.500,1par,11.879148,19.110402,0.6216064,-2.4463151
4.000,1.600,1par,12.611843,19.674335,0.64103022,-2.0414202
4.000,1.700,1par,13.348263,20.277615,0.65827578,-1.6922846
4.000,1.800,1par,14.078521,20.923302,0.67286328,-1.393509
4.000,1.900,1par,14.791525,21.61475,0.68432553,-1.1395637
4.000,2.000,1par,15.474419,22.355601,0.69219426,-0.92505844
4.000,2.100,1par,16.112061,23.149789,0.6959917,-0.74491728
4.000,2.200,1par,16.686608,24.001602,0.69522895,-0.59448098
4.000,2.300,1par,17.177191,24.915821,0.68940898,-0.46955551
4.000,2.400,1par,17.559576,25.89802,0.67802772,-0.36642294
4.000,2.500,1par,17.805558,26.95516,0.66056216,-0.28182693
4.000,2.600,1par,17.881523,28.096774,0.63642619,-0.21294213
4.000,2.700,1par,17.744978,29.337419,0.60485819,-0.15733436
4.000,2.800,1par,17.336094,30.702027,0.56465633,-0.11291635
4.000,2.900,1par,16.555467,32.238863,0.51352515,-0.077902319
4.000,3.000,1par,15.196438,34.055869,0.44622082,-0.050763765
4.000,3.100,1par,12.6788,36.449353,0.34784704,-0.030187944
4.000,3.200,1par,6.3475876,40.589191,0.15638616,-0.015040428
4.000,3.300,1par,-52.433337,57.7889,-0.90732541,-0.0043327936
4.000,3.400,1par,22.21135,22.397451,0.99169096,0.0028035109
4.000,3.500,1par,19.405358,31.80175,0.61019781,0.0071362602
4.000,3.600,1par,16.594957,35.071905,0.47316953,0.0093440865
4.000,3.700,1par,14.44473,37.099337,0.38935278,0.010021064
4.000,3.800,1par,12.731446,38.56139,0.33016045,0.009675789
4.000,3.900,1par,11.451412,39.598082,0.28919107,0.0087276774
4.000,4.000,1par,10.694182,40.19851,0.26603429,0.0075039035
4.100,1.000,1par,8.384051,16.567723,0.50604728,-6.5136539
4.100,1.100,1par,8.9477195,16.948705,0.52792939,-5.6501626
4.100,1.200,1par,9.5561753,17.357318,0.55055599,-4.8603757
4.100,1.300,1par,10.202245,17.794316,0.57334291,-4.149042
4.100,1.400,1par,10.8782,18.261003,0.5957066,-3.5167376
4.100,1.500,1par,11.576103,18.759166,0.61709052,-2.9609929
4.100,1.600,1par,12.287957,19.291011,0.63697839,-2.4772796
4.100,1.700,1par,13.005621,19.859113,0.65489437,-2.0598195
4.100,1.800,1par,13.720511,20.466365,0.67039317,-1.7022119
4.100,1.900,1par,14.423147,21.115942,0.68304538,-1.3978954
4.100,2.000,1par,15.102636,21.811268,0.69242356,-1.1404694
4.100,2.100,1par,15.7462,22.556004,0.69809349,-0.92390264
4.100,2.200,1par,16.338791,23.35405,0.69961276,-0.74265546
4.100,2.300,1par,16.862847,24.2096,0.69653554,-0.59173862
4.100,2.400,1par,17.298103,25.127275,0.68841938,-0.46672726
4.100,2.500,1par,17.621346,26.112405,0.67482663,-0.36374497
4.100,2.600,1par,17.805809,27.171599,0.65530958,-0.27942873
4.100,2.700,1par,17.819698,28.313898,0.62936221,-0.21088314
4.100,2.800,1par,17.622695,29.553135,0.59630542,-0.15562938
4.100,2.900,1par,17.157592,30.913125,0.55502611,-0.11155282
4.100,3.000,1par,16.328516,32.440222,0.50334169,-0.07685192
4.100,3.100,1par,14.934831,34.238572,0.43619899,-0.04998993
4.100,3.200,1par,12.411119,36.595022,0.33914772,-0.029650726
4.100,3.300,1par,6.1662654,40.64492,0.1517106,-0.014699534
4.100,3.400,1par,-51.299457,57.282207,-0.89555657,-0.0041494837
4.100,3.500,1par,22.08956,23.175127,0.95315811,0.0028652216
4.100,3.600,1par,18.964829,32.237804,0.58827918,0.0071088
4.100,3.700,1par,16.171281,35.412724,0.45665171,0.0092557724
4.100,3.800,1par,14.076936,37.381054,0.37657943,0.0098957261
4.100,3.900,1par,12.442171,38.791074,0.32074831,0.0095325771
4.100,4.000,1par,11.25747,39.773719,0.28303791,0.0085810797
4.200,1.000,1par,8.1956384,16.347436,0.5013409,-7.8069181
4.200,1.100,1par,8.7406436,16.71064,0.52305857,-6.779003
4.200,1.200,1par,9.3290807,17.099262,0.54558381,-5.8384679
4.200,1.300,1par,9.9541088,17.513926,0.56835393,-4.9909916
4.200,1.400,1par,10.608432,17.955801,0.59080808,-4.2372958
4.200,1.500,1par,11.284665,18.426537,0.61241379,-3.5744821
4.200,1.600,1par,11.975509,18.928201,0.63268078,-2.9972019
4.200,1.700,1par,12.673702,19.463225,0.65116149,-2.4986161
4.200,1.800,1par,13.371766,20.034357,0.66744172,-2.0711408
4.200,1.900,1par,14.061585,20.644618,0.68112596,-1.7069951
4.200,2.000,1par,14.73394,21.297265,0.69182311,-1.3985832
4.200,2.100,1par,15.37805,21.995757,0.69913713,-1.1387435
4.200,2.200,1par,15.981229,22.743742,0.70266486,-0.92089389
4.200,2.300,1par,16.528651,23.545055,0.70200097,-0.73910299
4.200,2.400,1par,17.003243,24.403764,0.69674673,-0.58810763
4.200,2.500,1par,17.385575,25.324297,0.68651757,-0.46329505
4.200,2.600,1par,17.653628,26.311706,0.670942,-0.36066257
4.200,2.700,1par,17.782159,27.372216,0.64964267,-0.27676451
4.200,2.800,1par,17.741179,28.514328,0.62218473,-0.208653
4.200,2.900,1par,17.492495,29.751096,0.58796135,-0.15381735
4.200,3.000,1par,16.981567,31.105124,0.54594114,-0.11012481
4.200,3.100,1par,16.116463,32.620677,0.49405667,-0.075764605
4.200,3.200,1par,14.703915,34.397696,0.42746803,-0.049196463
4.200,3.300,1par,12.197637,36.712398,0.33224845,-0.02910417
4.200,3.400,1par,6.0906287,40.660393,0.14979267,-0.014354939
4.200,3.500,1par,-49.541581,56.619839,-0.87498626,-0.0039650893
4.200,3.600,1par,21.888402,23.963182,0.91341801,0.0029272643
4.200,3.700,1par,18.513109,32.6707,0.56665787,0.0070819783
4.200,3.800,1par,15.760138,35.745272,0.44090132,0.0091689063
4.200,3.900,1par,13.733867,37.651945,0.36475851,0.0097727771
4.200,4.000,1par,12.182894,39.008617,0.31231289,0.0093925932
4.300,1.000,1par,8.0157156,16.138134,0.49669407,-9.3437007
4.300,1.100,1par,8.5427929,16.484594,0.51822888,-8.1208583
4.300,1.200,1par,9.1119391,16.854395,0.54062687,-7.0015777
4.300,1.300,1par,9.7165979,17.248038,0.5633451,-5.9926442
4.300,1.400,1par,10.349842,17.666566,0.58584343,-5.0949572
4.300,1.500,1par,11.004753,18.1115,0.60761132,-4.305115
4.300,1.600,1par,11.674621,18.584777,0.62818195,-3.6168019
4.300,1.700,1par,12.352931,19.088695,0.64713336,-3.021927
4.300,1.800,1par,13.033136,19.62587,0.66407941,-2.511508
4.300,1.900,1par,13.708282,20.199185,0.67865519,-2.0763226
4.300,2.000,1par,14.370568,20.811755,0.69050243,-1.7073619
4.300,2.100,1par,15.010918,21.466886,0.69925923,-1.396127
4.300,2.200,1par,15.618647,22.168041,0.70455695,-1.1348021
4.300,2.300,1par,16.181246,22.918824,0.70602426,-0.91634048
4.300,2.400,1par,16.68428,23.722975,0.70329629,-0.73448563
4.300,2.500,1par,17.111352,24.58441,0.69602454,-0.58375163
4.300,2.600,1par,17.444017,25.507333,0.68388242,-0.45937626
4.300,2.700,1par,17.661512,26.496494,0.66656036,-0.35725917
4.300,2.800,1par,17.740079,27.557703,0.64374301,-0.27389297
4.300,2.900,1par,17.65143,28.698889,0.6150562,-0.20629258
4.300,3.000,1par,17.359407,29.932278,0.57995612,-0.15192641
4.300,3.100,1par,16.812205,31.279183,0.53748864,-0.10865139
4.300,3.200,1par,15.922243,32.781624,0.48570635,-0.074653132
4.300,3.300,1par,14.504847,34.534977,0.42000453,-0.048391719
4.300,3.400,1par,12.036572,36.803781,0.32704717,-0.028553614
4.300,3.500,1par,6.1116004,40.639111,0.15038716,-0.014009946
4.300,3.600,1par,-47.239085,55.811098,-0.84641025,-0.0037815775
4.300,3.700,1par,21.615637,24.75452,0.87319961,0.0029885245
4.300,3.800,1par,18.05777,33.098463,0.54557729,0.0070551994
4.300,3.900,1par,15.365851,36.068822,0.42601477,0.0090831863
4.300,4.000,1par,13.416912,37.911904,0.35389708,0.0096520626
4.400,1.000,1par,7.843928,15.939219,0.49211494,-11.168831
4.400,1.100,1par,8.3538045,16.26991,0.51345118,-9.7149809
4.400,1.200,1par,8.9043932,16.621992,0.53569951,-8.383835
4.400,1.300,1par,9.4893821,16.995852,0.55833517,-7.1834933
4.400,1.400,1par,10.102158,17.392415,0.58083697,-6.1150716
4.400,1.500,1par,10.736197,17.81308,0.60271428,-5.1745775
4.400,1.600,1par,11.385291,18.259659,0.62352157,-4.3545553
4.400,1.700,1par,12.043551,18.734328,0.64286002,-3.6454363
4.400,1.800,1par,12.705217,19.239576,0.66036887,-3.0365865
4.400,1.900,1par,13.36432,19.77816,0.675711,-2.5170799
4.400,2.000,1par,14.014266,20.353068,0.68855793,-2.0762371
4.400,2.100,1par,14.647432,20.967473,0.6985788,-1.7039774
4.400,2.200,1par,15.254842,21.624699,0.70543603,-1.3910259
4.400,2.300,1par,15.825957,22.328187,0.70878827,-1.1290155
4.400,2.400,1par,16.348577,23.081469,0.70829883,-0.91051378
4.400,2.500,1par,16.808816,23.888163,0.70364625,-0.72900033
4.400,2.600,1par,17.19108,24.752006,0.69453278,-0.57881221
4.400,2.700,1par,17.477958,25.676961,0.6806864,-0.45507176
4.400,2.800,1par,17.649904,26.667451,0.66185195,-0.35360597
4.400,2.900,1par,17.684522,27.72885,0.63776616,-0.27086389
4.400,3.000,1par,17.555094,28.868487,0.60810576,-0.20383631
4.400,3.100,1par,17.227429,30.097722,0.57238315,-0.14998008
4.400,3.200,1par,16.652555,31.436511,0.5297202,-0.10714844
4.400,3.300,1par,15.747652,32.924499,0.47829587,-0.073528015
4.400,3.400,1par,14.337681,34.652186,0.4137598,-0.047582519
4.400,3.500,1par,11.924995,36.871504,0.32342037,-0.028003369
4.400,3.600,1par,6.2184806,40.584686,0.15322234,-0.013667188
4.400,3.700,1par,-44.488646,54.868187,-0.8108277,-0.0036004869
4.400,3.800,1par,21.281426,25.543414,0.83314731,0.0030481504
4.400,3.900,1par,17.60586,33.519461,0.52524292,0.00702802
4.400,4.000,1par,14.991794,36.38282,0.41205694,0.0089983925
4.500,1.000,1par,7.6799219,15.750118,0.48761043,-13.335287
4.500,1.100,1par,8.1733112,16.065956,0.5087348,-11.607764
4.500,1.200,1par,8.7060734,16.401358,0.53081419,-10.025583
4.500,1.300,1par,9.2721068,16.756601,0.55334056,-8.5984063
4.500,1.400,1par,9.8650658,17.132499,0.57581008,-7.3276123
4.500,1.500,1par,10.478764,17.530338,0.59775027,-6.2085152
4.500,1.600,1par,11.107413,17.951813,0.61873487,-5.2323155
4.500,1.700,1par,11.745652,18.398981,0.63838598,-4.3876997
4.500,1.800,1par,12.388388,18.874212,0.65636586,-3.6620831
4.500,1.900,1par,13.030485,19.380144,0.67236262,-3.0425265
4.500,2.000,1par,13.666371,19.919646,0.686075,-2.516376
4.500,2.100,1par,14.289663,20.495773,0.69720053,-2.0716806
4.500,2.200,1par,14.892849,21.111729,0.70543011,-1.6974395
4.500,2.300,1par,15.467076,21.77083,0.71044956,-1.3837238
4.500,2.400,1par,16.002051,22.476462,0.71194705,-1.1217092
4.500,2.500,1par,16.486014,23.232064,0.70962331,-0.90365042
4.500,2.600,1par,16.905737,24.04111,0.70320122,-0.72281746
4.500,2.700,1par,17.246479,24.90714,0.69243112,-0.57341095
4.500,2.800,1par,17.49182,25.833855,0.67708905,-0.45046758
4.500,2.900,1par,17.623313,26.825337,0.65696522,-0.3497633
4.500,3.000,1par,17.61978,27.886507,0.6318389,-0.26771919
4.500,3.100,1par,17.455956,29.024076,0.6014302,-0.20131301
4.500,3.200,1par,17.099602,30.248505,0.56530404,-0.14799793
4.500,3.300,1par,16.504716,31.578342,0.52265935,-0.10562905
4.500,3.400,1par,15.593598,33.050746,0.47180775,-0.072397857
4.500,3.500,1par,14.201626,34.75108,0.40866718,-0.046774391
4.500,3.600,1par,11.859073,36.917875,0.32122849,-0.027456878
4.500,3.700,1par,6.3993442,40.500729,0.15800566,-0.013328733
4.500,3.800,1par,-41.397293,53.805253,-0.76939129,-0.0034230008
4.500,3.900,1par,20.897449,26.32529,0.7938165,0.0031055055
4.500,4.000,1par,17.163579,33.932363,0.5058174,0.0070001207
4.600,1.000,1par,7.5233479,15.570282,0.48318637,-15.905662
4.600,1.100,1par,8.0009463,15.87213,0.50408777,-13.854025
4.600,1.200,1par,8.516604,16.191825,0.52598171,-11.974496
4.600,1.300,1par,9.064401,16.529548,0.54837563,-10.278593
4.600,1.400,1par,9.6382216,16.886006,0.5707816,-8.7680104
4.600,1.500,1par,10.232165,17.262378,0.59274367,-7.4372482
4.600,1.600,1par,10.840797,17.660248,0.61385306,-6.2759231
4.600,1.700,1par,11.459205,18.081563,0.6337508,-5.2706626
4.600,1.800,1par,12.082855,18.528576,0.65212,-4.406578
4.600,1.900,1par,12.707312,19.003813,0.66867172,-3.6683517
4.600,2.000,1par,13.327877,19.510028,0.68312956,-3.0409958
4.600,2.100,1par,13.93922,20.050165,0.69521721,-2.5103488
4.600,2.200,1par,14.53508,20.627321,0.70465186,-2.0633689
4.600,2.300,1par,15.108053,21.244702,0.7111445,-1.6882799
4.600,2.400,1par,15.649482,21.905585,0.71440601,-1.3746109
4.600,2.500,1par,16.14943,22.613285,0.71415671,-1.1131671
4.600,2.600,1par,16.596675,23.371122,0.71013598,-0.89595497
4.600,2.700,1par,16.97869,24.18241,0.7021091,-0.71608324
4.600,2.800,1par,17.281549,25.050478,0.68986903,-0.56765152
4.600,2.900,1par,17.489719,25.978751,0.67323171,-0.4456366
4.600,3.000,1par,17.585706,26.970959,0.65202378,-0.34578195
4.600,3.100,1par,17.549422,28.031559,0.62605945,-0.26449393
4.600,3.200,1par,17.356991,29.166628,0.59509761,-0.19874664
4.600,3.300,1par,16.978158,30.385709,0.55875471,-0.14599613
4.600,3.400,1par,16.370034,31.7059,0.51630876,-0.10410395
4.600,3.500,1par,15.460297,33.161784,0.46620824,-0.071269639
4.600,3.600,1par,14.095212,34.833373,0.40464677,-0.045971762
4.600,3.700,1par,11.83424,36.945131,0.32031935,-0.026916864
4.600,3.800,1par,6.6414521,40.390765,0.16442997,-0.012996183
4.600,3.900,1par,-38.07497,52.637475,-0.7233434,-0.0032500091
4.600,4.000,1par,20.475947,27.096531,0.75566675,0.0031601295
4.700,1.000,1par,7.3738637,15.399187,0.4788476,-18.953895
4.700,1.100,1par,7.8363471,15.687854,0.49951683,-16.518527
4.700,1.200,1par,8.3356081,15.992761,0.52121133,-14.286905
4.700,1.300,1par,8.8658849,16.313992,0.54345281,-12.27275
4.700,1.400,1par,9.4212594,16.652161,0.56576798,-10.478138
4.700,1.500,1par,9.9960741,17.008343,0.58771593,-8.8966132
4.700,1.600,1par,10.585195,17.384021,0.60890373,-7.5159257
4.700,1.700,1par,11.184083,17.781031,0.62898957,-6.3202724
4.700,1.800,1par,11.788677,18.201521,0.64767539,-5.292044
4.700,1.900,1par,12.395135,18.647905,0.66469315,-4.413113
4.700,2.000,1par,12.999493,19.122829,0.67978921,-3.6657341
4.700,2.100,1par,13.597321,19.629129,0.69271135,-3.0331325
4.700,2.200,1par,14.183425,20.169797,0.70320119,-2.4998539
4.700,2.300,1par,14.751644,20.747939,0.71099322,-2.0519376
4.700,2.400,1par,15.294731,21.366739,0.71581962,-1.6769653
4.700,2.500,1par,15.804317,22.029416,0.7174188,-1.3640271
4.700,2.600,1par,16.270906,22.73919,0.71554467,-1.1036344
4.700,2.700,1par,16.683855,23.499248,0.70997398,-0.88760294
4.700,2.800,1par,17.031307,24.312729,0.70050989,-0.70892229
4.700,2.900,1par,17.300057,25.182739,0.68698074,-0.56162171
4.700,3.000,1par,17.475325,26.112423,0.66923417,-0.44064019
4.700,3.100,1par,17.540441,27.105147,0.64712584,-0.34170447
4.700,3.200,1par,17.476321,28.1649,0.62050001,-0.2612173
4.700,3.300,1par,17.260467,29.297116,0.58915244,-0.19615699
4.700,3.400,1par,16.864674,30.510404,0.55275159,-0.14398792
4.700,3.500,1par,16.249266,31.82038,0.51065595,-0.10258185
4.700,3.600,1par,15.347413,33.258985,0.46145163,-0.070148971
4.700,3.700,1par,14.016409,34.900708,0.40160816,-0.045178143
4.700,3.800,1par,11.845359,36.955405,0.32053116,-0.026385442
4.700,3.900,1par,6.9317262,40.258164,0.17218188,-0.012670751
4.700,4.000,1par,-34.627381,51.380262,-0.67394325,-0.0030821617
4.800,1.000,1par,7.2311361,15.236337,0.47459806,-22.567309
4.800,1.100,1par,7.6791577,15.512583,0.49502766,-19.67776
4.800,1.200,1par,8.1627119,15.803561,0.51651094,-17.029347
4.800,1.300,1par,8.6761752,16.109268,0.53858285,-14.638404
4.800,1.400,1par,9.2138006,16.430227,0.56078354,-12.507466
4.800,1.500,1par,9.770138,16.76742,0.58268584,-10.628958
4.800,1.600,1par,10.340307,17.12223,0.60391121,-8.9884256
4.800,1.700,1par,10.920083,17.496395,0.62413332,-7.5671995
4.800,1.800,1par,11.505802,17.891956,0.6430712,-6.3444578
4.800,1.900,1par,12.094119,18.311224,0.66047575,-5.2987544
4.800,2.000,1par,12.681696,18.756736,0.67611419,-4.4090856
4.800,2.100,1par,13.264863,19.231226,0.6897565,-3.655589
4.800,2.200,1par,13.839341,19.737581,0.70116703,-3.0199585
4.800,2.300,1par,14.400032,20.278812,0.71010234,-2.4856508
4.800,2.400,1par,14.940902,20.858012,0.7163148,-2.0379449
4.800,2.500,1par,15.454939,21.478318,0.71956003,-1.6639025
4.800,2.600,1par,15.934136,22.142875,0.71960556,-1.352266
4.800,2.700,1par,16.369473,22.854789,0.71623821,-1.0933214
4.800,2.800,1par,16.750866,23.617103,0.70926843,-0.87874384
4.800,2.900,1par,17.067046,24.432772,0.6985309,-0.70144012
4.800,3.000,1par,17.305406,25.304671,0.68388187,-0.55539543
4.800,3.100,1par,17.451792,26.235656,0.66519365,-0.4355297
4.800,3.200,1par,17.490268,27.228733,0.642346,-0.33756619
4.800,3.300,1par,17.402726,28.287416,0.61521089,-0.25791341
4.800,3.400,1par,17.168076,29.416491,0.58362081,-0.1935603
4.800,3.500,1par,16.760211,30.623624,0.5472968,-0.14198407
4.800,3.600,1par,16.142699,31.922927,0.50567729,-0.10106976
4.800,3.700,1par,15.254147,33.343653,0.45748277,-0.069040313
4.800,3.800,1par,13.962715,34.954637,0.39945243,-0.04439628
4.800,3.900,1par,11.886897,36.9507,0.32169611,-0.025864229
4.800,4.000,1par,7.2572875,40.106091,0.18095225,-0.012353331
4.900,1.000,1par,7.0948426,15.081262,0.4704409,-26.849016
4.900,1.100,1par,7.5290315,15.345799,0.49062494,-23.422053
4.900,1.200,1par,7.9975479,15.623653,0.51188721,-20.280405
4.900,1.300,1par,8.4948904,15.914742,0.53377495,-17.443502
4.900,1.400,1par,9.0154603,16.219504,0.55584069,-14.914436
4.900,1.500,1par,9.5539853,16.538834,0.57766983,-12.684311
4.900,1.600,1par,10.105799,16.874023,0.59889687,-10.73608
4.900,1.700,1par,10.666943,17.226711,0.61920947,-9.0476882
4.900,1.800,1par,11.234083,17.598844,0.63834211,-7.5945221
4.900,1.900,1par,11.804297,17.992629,0.65606292,-6.3512161
4.900,2.000,1par,12.374769,18.410502,0.67215815,-5.2929178
4.900,2.100,1par,12.942479,18.855091,0.68641824,-4.3961165
4.900,2.200,1par,13.503924,19.329185,0.69862872,-3.6391358
4.900,2.300,1par,14.054918,19.835697,0.70856689,-3.0023801
4.900,2.400,1par,14.590472,20.377631,0.71600436,-2.468406
4.900,2.500,1par,15.104742,20.958045,0.72071332,-2.0218766
4.900,2.600,1par,15.59101,21.580012,0.72247457,-1.6494424
4.900,2.700,1par,16.041668,22.246584,0.72108457,-1.3395793
4.900,2.800,1par,16.448162,22.960745,0.71636011,-1.0824073
4.900,2.900,1par,16.80089,23.725384,0.70813987,-0.86950423
4.900,3.000,1par,17.089064,24.543263,0.69628329,-0.69372551
4.900,3.100,1par,17.300553,25.417023,0.68066793,-0.54903449
4.900,3.200,1par,17.421743,26.349234,0.66118592,-0.43034781
4.900,3.300,1par,17.43739,27.342536,0.63773858,-0.33339635
4.900,3.400,1par,17.330374,28.399968,0.61022515,-0.25460204
4.900,3.500,1par,17.081049,29.525669,0.57851524,-0.19096979
4.900,3.600,1par,16.665421,30.726357,0.54238195,-0.13999329
4.900,3.700,1par,16.050229,32.014631,0.50134044,-0.099573293
4.900,3.800,1par,15.179301,33.417018,0.45423864,-0.067947167
4.900,3.900,1par,13.931249,34.99661,0.39807423,-0.043628281
4.900,4.000,1par,11.95315,36.932876,0.32364525,-0.025354427
5.000,1.000,1par,6.9646719,14.933516,0.46637857,-31.920746
5.000,1.100,1par,7.3856323,15.18701,0.48631246,-27.858053
5.000,1.200,1par,7.8397573,15.452496,0.50734569,-24.132865
5.000,1.300,1par,8.3216536,15.729816,0.52903692,-20.768284
5.000,1.400,1par,8.8258526,16.019331,0.55095012,-17.768064
5.000,1.500,1par,9.3472345,16.321854,0.57268217,-15.121765
5.000,1.600,1par,9.8813151,16.638589,0.5938794,-12.809279
5.000,1.700,1par,10.424357,16.971087,0.61424214,-10.804559
5.000,1.800,1par,10.973306,17.321201,0.63351881,-9.0785157
5.000,1.900,1par,11.525591,17.69104,0.65149316,-7.6011548
5.000,2.000,1par,12.07884,18.082941,0.66796881,-6.3430785
5.000,2.100,1par,12.63058,18.499431,0.68275506,-5.2764661
5.000,2.200,1par,13.177971,18.943199,0.6956571,-4.3756594
5.000,2.300,1par,13.717606,19.417061,0.70647177,-3.6174554
5.000,2.400,1par,14.245391,19.923931,0.71498898,-2.9811927
5.000,2.500,1par,14.756491,20.466785,0.72099701,-2.4486993
5.000,2.600,1par,15.245304,21.048627,0.72428972,-2.0041518
5.000,2.700,1par,15.705447,21.672453,0.72467326,-1.6338858
5.000,2.800,1par,16.1297,22.341208,0.72197079,-1.3261811
5.000,2.900,1par,16.509909,23.057746,0.7160244,-1.0710435
5.000,3.000,1par,16.836861,23.824795,0.70669489,-0.85999054
5.000,3.100,1par,17.100135,24.644923,0.69386035,-0.6858527
5.000,3.200,1par,17.287993,25.520538,0.67741491,-0.54259029
5.000,3.300,1par,17.387311,26.453918,0.65726789,-0.42512981
5.000,3.400,1par,17.383543,27.447342,0.63334157,-0.32921893
5.000,3.500,1par,17.260587,28.503379,0.60556285,-0.25129931
5.000,3.600,1par,17.000257,29.625521,0.57383825,-0.18839615
5.000,3.700,1par,16.580618,30.819538,0.53799049,-0.1380225
5.000,3.800,1par,15.971407,32.09651,0.49760572,-0.098096843
5.000,3.900,1par,15.121333,33.480223,0.45164972,-0.066872235
5.000,4.000,1par,13.918873,35.027968,0.39736456,-0.042875727
5.100,1.000,1par,6.8403255,14.792679,0.46241288,-37.926186
5.100,1.100,1par,7.2486363,15.035756,0.48209323,-33.111656
5.100,1.200,1par,7.688992,15.289581,0.50289096,-28.696272
5.100,1.300,1par,8.1560962,15.553927,0.52437536,-24.707484
5.100,1.400,1par,8.6445948,15.829084,0.54612097,-21.149848
5.100,1.500,1par,9.1494998,16.115787,0.5677352,-18.011103
5.100,1.600,1par,9.6664813,16.415163,0.58887512,-15.267537
5.100,1.700,1par,10.191989,16.728678,0.6092525,-12.888393
5.100,1.800,1par,10.723202,17.058094,0.62862835,-10.839297
5.100,1.900,1par,11.257843,17.405431,0.64680056,-9.0847921
5.100,2.000,1par,11.793913,17.772929,0.66358858,-7.5901124
5.100,2.100,1par,12.329402,18.163017,0.67881907,-6.3223463
5.100,2.200,1par,12.862034,18.578285,0.69231544,-5.2511314
5.100,2.300,1par,13.389066,19.021453,0.70389291,-4.3490025
5.100,2.400,1par,13.907172,19.49534,0.71335879,-3.5914958
5.100,2.500,1par,14.412384,20.002839,0.72051694,-2.9570877
5.100,2.600,1par,14.900066,20.54688,0.72517415,-2.4270309
5.100,2.700,1par,15.364897,21.130401,0.72714648,-1.9851297
5.100,2.800,1par,15.800818,21.756306,0.72626381,-1.6174885
5.100,2.900,1par,16.200946,22.427428,0.72237202,-1.3122527
5.100,3.000,1par,16.557445,23.146483,0.71533307,-1.0593574
5.100,3.100,1par,16.861385,23.916037,0.70502421,-0.85029176
5.100,3.200,1par,17.102629,24.738462,0.6913376,-0.67788339
5.100,3.300,1par,17.269782,25.615932,0.6741813,-0.53610527
5.100,3.400,1par,17.35021,26.55044,0.65348107,-0.41990466
5.100,3.500,1par,17.33009,27.543906,0.62918055,-0.32505346
5.100,3.600,1par,17.194362,28.598431,0.60123446,-0.24801823
5.100,3.700,1par,16.92627,29.716866,0.56958464,-0.1858479
5.100,3.800,1par,16.505817,30.904038,0.53409903,-0.13607719
5.100,3.900,1par,15.90548,32.169511,0.49442716,-0.096643822
5.100,4.000,1par,15.078432,33.534324,0.44964174,-0.065817558
5.200,1.000,1par,6.7215171,14.658356,0.45854508,-45.034913
5.200,1.100,1par,7.1177317,14.8916,0.47796957,-39.331451
5.200,1.200,1par,7.5449156,15.134426,0.49852671,-34.099923
5.200,1.300,1par,7.9978593,15.386542,0.51979575,-29.372934
5.200,1.400,1par,8.4713106,15.648173,0.54136101,-25.155997
5.200,1.500,1par,8.960396,15.919983,0.56283954,-21.434715
5.200,1.600,1par,9.4609172,16.203025,0.58389821,-18.181127
5.200,1.700,1par,9.9694806,16.498686,0.60425908,-15.35892
5.200,1.800,1par,10.48346,16.808645,0.62369453,-12.927485
5.200,1.900,1par,11.000825,17.134834,0.64201525,-10.844915
5.200,2.000,1par,11.51989,17.479403,0.6590551,-9.0701057
5.200,2.100,1par,12.039035,17.844686,0.67465663,-7.5641341
5.200,2.200,1par,12.556462,18.233175,0.6886602,-6.2910814
5.200,2.300,1par,13.069994,18.647493,0.7008982,-5.2184474
5.200,2.400,1par,13.576964,19.090367,0.7111945,-4.3172752
5.200,2.500,1par,14.074146,19.564599,0.71936799,-3.5620811
5.200,2.600,1par,14.557738,20.073042,0.72523823,-2.9306615
5.200,2.700,1par,15.023336,20.618568,0.72863138,-2.4038291
5.200,2.800,1par,15.465895,21.204035,0.72938455,-1.9651156
5.200,2.900,1par,15.879643,21.832248,0.72734805,-1.600467
5.200,3.000,1par,16.257955,22.505922,0.72238566,-1.2979463
5.200,3.100,1par,16.593219,23.227636,0.71437399,-1.0474556
5.200,3.200,1par,16.876707,23.999787,0.70320235,-0.8404818
5.200,3.300,1par,17.098518,24.824559,0.68877431,-0.66986854
5.200,3.400,1par,17.247593,25.70389,0.671011,-0.52961428
5.200,3.500,1par,17.311809,26.639494,0.64985504,-0.41469593
5.200,3.600,1par,17.278097,27.632935,0.62527188,-0.32091575
5.200,3.700,1par,17.132431,28.685854,0.59724317,-0.24476923
5.200,3.800,1par,16.859402,29.800468,0.56574287,-0.18333178
5.200,3.900,1par,16.440765,30.980667,0.53067822,-0.13416161
5.200,4.000,1par,15.851435,32.234506,0.4917536,-0.095216823
5.300,1.000,1par,6.6079735,14.530173,0.45477595,-53.447027
5.300,1.100,1par,6.9926203,14.754132,0.47394317,-46.692783
5.300,1.200,1par,7.4072044,14.986579,0.49425587,-40.496413
5.300,1.300,1par,7.8465956,15.227161,0.51530258,-34.896623
5.300,1.400,1par,8.3056327,15.476044,0.53667674,-29.900074
5.300,1.500,1par,8.7795427,15.733827,0.55800426,-25.489862
5.300,1.600,1par,9.2642392,16.001494,0.57896089,-21.633015
5.300,1.700,1par,9.7564608,16.280358,0.59927802,-18.286668
5.300,1.800,1par,10.253744,16.572022,0.61873824,-15.402854
5.300,1.900,1par,10.754264,16.878335,0.6371638,-12.932054
5.300,2.000,1par,11.256597,17.201358,0.65440166,-10.825682
5.300,2.100,1par,11.759455,17.543335,0.67030895,-9.037715
5.300,2.200,1par,12.261441,17.906666,0.68474169,-7.5256733
5.300,2.300,1par,12.760862,18.293875,0.69754834,-6.2511093
5.300,2.400,1par,13.255612,18.707596,0.70856845,-5.1797587
5.300,2.500,1par,13.743104,19.150539,0.71763534,-4.2814587
5.300,2.600,1par,14.220249,19.625475,0.72458115,-3.5299216
5.300,2.700,1par,14.683439,20.135201,0.72924222,-2.9024244
5.300,2.800,1par,15.128505,20.682519,0.73146338,-2.379458
5.300,2.900,1par,15.550646,21.270201,0.73110009,-1.9443677
5.300,3.000,1par,15.944303,21.900948,0.72801887,-1.583003
5.300,3.100,1par,16.303031,22.577355,0.72209659,-1.283389
5.300,3.200,1par,16.619359,23.301859,0.71322032,-1.0354263
5.300,3.300,1par,16.884718,24.076697,0.70128879,-0.83062169
5.300,3.400,1par,17.089427,24.903859,0.686216,-0.66184994
5.300,3.500,1par,17.222782,25.785058,0.66793654,-0.52314568
5.300,3.600,1par,17.273207,26.721729,0.64641053,-0.4095227
5.300,3.700,1par,17.228392,27.715091,0.62162495,-0.31681842
5.300,3.800,1par,17.075296,28.766328,0.59358621,-0.24156055
5.300,3.900,1par,16.799729,29.877032,0.56229579,-0.18085305
5.300,4.000,1par,16.384971,31.050169,0.52769347,-0.13227901
5.400,1.000,1par,6.4994343,14.407782,0.45110582,-63.398605
5.400,1.100,1par,6.873017,14.622968,0.47001518,-55.402541
5.400,1.200,1par,7.2755483,14.845614,0.49008065,-48.065801
5.400,1.300,1par,7.7019705,15.075314,0.5108995,-41.434307
5.400,1.400,1par,8.1472049,15.312176,0.53207361,-35.516103
5.400,1.500,1par,8.6065667,15.556743,0.55323707,-30.291336
5.400,1.600,1par,9.0760658,15.809931,0.57407371,-25.72113
5.400,1.700,1par,9.5525521,16.072989,0.59432332,-21.754891
5.400,1.800,1par,10.033697,16.347445,0.61377771,-18.335975
5.400,1.900,1par,10.517849,16.635071,0.63226955,-15.405876
5.400,2.000,1par,11.003802,16.937846,0.64965768,-12.907175
5.400,2.100,1par,11.490545,17.257927,0.66581258,-10.785472
5.400,2.200,1par,11.977024,17.597622,0.68060471,-8.9905375
5.400,2.300,1par,12.461958,17.959363,0.69389754,-7.4769011
5.400,2.400,1par,12.943715,18.345687,0.7055454,-6.2040296
5.400,2.500,1par,13.420256,18.759213,0.71539547,-5.136233
5.400,2.600,1par,13.889106,19.202623,0.72329211,-4.2423985
5.400,2.700,1par,14.347338,19.678636,0.72908192,-3.4956251
5.400,2.800,1par,14.791544,20.189989,0.73261776,-2.8728101
5.400,2.900,1par,15.217764,20.739404,0.73376093,-2.3542252
5.400,3.000,1par,15.621377,21.32956,0.73238159,-1.9231027
5.400,3.100,1par,15.996968,21.963055,0.72835804,-1.5652483
5.400,3.200,1par,16.338191,22.642361,0.72157631,-1.2686865
5.400,3.300,1par,16.637675,23.369777,0.71193128,-1.0233426
5.400,3.400,1par,16.886986,24.147378,0.69933,-0.82076145
5.400,3.500,1par,17.076684,24.976968,0.68369724,-0.65386163
5.400,3.600,1par,17.196455,25.860038,0.66498182,-0.51672241
5.400,3.700,1par,17.235284,26.797751,0.64316157,-0.40440021
5.400,3.800,1par,17.181599,27.790985,0.61824361,-0.31277148
5.400,3.900,1par,17.023255,28.840479,0.59025561,-0.2383986
5.400,4.000,1par,16.747113,29.947207,0.5592212,-0.17841572
5.500,1.000,1par,6.3956516,14.290853,0.44753463,-75.168135
5.500,1.100,1par,6.75865,14.497746,0.46618627,-65.704796
5.500,1.200,1par,7.1496506,14.711134,0.48600269,-57.020514
5.500,1.300,1par,7.5636626,14.93056,0.50658936,-49.16976
5.500,1.400,1par,7.9956827,15.156081,0.52755607,-42.162226
5.500,1.500,1par,8.4411046,15.388188,0.54854442,-35.974598
5.500,1.600,1par,8.8960212,15.627737,0.56924563,-30.561044
5.500,1.700,1par,9.3573759,15.875914,0.58940708,-25.861856
5.500,1.800,1par,9.8229534,16.134179,0.60882884,-21.810148
5.500,1.900,1par,10.291244,16.404232,0.62735298,-18.336815
5.500,2.000,1par,10.761225,16.687974,0.64484911,-15.374014
5.500,2.100,1par,11.23212,16.987481,0.66119988,-12.857451
5.500,2.200,1par,11.703162,17.30497,0.67628908,-10.727753
5.500,2.300,1par,12.173418,17.642785,0.68999413,-8.9311541
5.500,2.400,1par,12.641665,18.003369,0.70218331,-7.4197195
5.500,2.500,1par,13.106329,18.389247,0.71271697,-6.1512309
5.500,2.600,1par,13.565458,18.80301,0.72145137,-5.0888761
5.500,2.700,1par,14.016713,19.247295,0.72824327,-4.2008179
5.500,2.800,1par,14.457338,19.724761,0.73295378,-3.4597079
5.500,2.900,1par,14.884104,20.238075,0.73545057,-2.8421851
5.500,3.000,1par,15.293205,20.789877,0.73560826,-2.328389
5.500,3.100,1par,15.680136,21.382751,0.7333077,-1.9015015
5.500,3.200,1par,16.039553,22.019189,0.72843524,-1.5473288
5.500,3.300,1par,16.365165,22.701542,0.72088344,-1.2539259
5.500,3.400,1par,16.649678,23.431973,0.7105538,-1.0112643
5.500,3.500,1par,16.884808,24.212402,0.69736195,-0.8109418
5.500,3.600,1par,17.061388,25.044449,0.68124428,-0.64593107
5.500,3.700,1par,17.169516,25.929387,0.66216437,-0.51036279
5.500,3.800,1par,17.198738,26.868116,0.640117,-0.39934054
5.500,3.900,1par,17.138161,27.861179,0.61512689,-0.30878272
5.500,4.000,1par,16.976412,28.90888,0.58723865,-0.23528829
5.600,1.000,1par,6.2963904,14.179079,0.44406202,-89.084088
5.600,1.100,1par,6.6492607,14.378127,0.46245668,-77.887438
5.600,1.200,1par,7.0292285,14.582764,0.48202305,-67.611145
5.600,1.300,1par,7.4313643,14.792484,0.50237433,-58.319777
5.600,1.400,1par,7.8507348,15.007301,0.52312769,-50.025015
5.600,1.500,1par,8.2828044,15.227655,0.54393169,-42.699477
5.600,1.600,1par,8.7237375,15.45435,0.56448428,-36.289131
5.600,1.700,1par,9.1705565,15.68851,0.58453969,-30.723522
5.600,1.800,1par,9.6211404,15.931535,0.60390543,-25.923685
5.600,1.900,1par,10.074097,16.185057,0.62243199,-21.808008
5.600,2.000,1par,10.528558,16.450904,0.63999874,-18.296348
5.600,2.100,1par,10.98394,16.731073,0.65649943,-15.312737
5.600,2.200,1par,11.439721,17.0277,0.6718301,-12.787002
5.600,2.300,1par,11.895263,17.343038,0.68588116,-10.65559
5.600,2.400,1par,12.349689,17.67944,0.69853395,-8.8618247
5.600,2.500,1par,12.801822,18.03934,0.70966136,-7.3557788
5.600,2.600,1par,13.250159,18.425235,0.71913111,-6.093909
5.600,2.700,1par,13.692861,18.839672,0.72680994,-5.038548
5.600,2.800,1par,14.127733,19.285234,0.73256733,-4.1573312
5.600,2.900,1par,14.552172,19.764516,0.73627768,-3.422606
5.600,3.000,1par,14.963084,20.280108,0.73782075,-2.8108568
5.600,3.100,1par,15.356759,20.834564,0.73708089,-2.3021647
5.600,3.200,1par,15.728741,21.430376,0.73394609,-1.879714
5.600,3.300,1par,16.07371,22.069929,0.72830819,-1.5293482
5.600,3.400,1par,16.385409,22.755458,0.72006499,-1.2391783
5.600,3.500,1par,16.656626,23.488992,0.70912477,-0.99923982
5.600,3.600,1par,16.879262,24.272298,0.69541258,-0.80119559
5.600,3.700,1par,17.044447,25.10682,0.67887719,-0.63808024
5.600,3.800,1par,17.142707,25.993619,0.65949673,-0.50408133
5.600,3.900,1par,17.164107,26.933336,0.63728116,-0.39435309
5.600,4.000,1par,17.09835,27.926189,0.61226936,-0.30485811
5.700,1.000,1par,6.2014275,14.072171,0.44068734,-105.53383
5.700,1.100,1par,6.5446037,14.263793,0.45882631,-92.29001
5.700,1.200,1par,6.9140124,14.460154,0.47814237,-80.133254
5.700,1.300,1par,7.3047817,14.6607,0.49825599,-69.140079
5.700,1.400,1par,7.7120436,14.865407,0.5187913,-59.324554
5.700,1.500,1par,8.1313265,15.07467,0.5394033,-50.654522
5.700,1.600,1par,8.558857,15.289241,0.55979607,-43.066282
5.700,1.700,1par,8.9917246,15.510193,0.57973004,-36.47671
5.700,1.800,1par,9.4278862,15.738867,0.59901938,-30.792594
5.700,1.900,1par,9.8660477,15.976832,0.61752217,-25.917567
5.700,2.000,1par,10.305467,16.225848,0.63512657,-21.756974
5.700,2.100,1par,10.745725,16.487838,0.65173643,-18.221068
5.700,2.200,1par,11.186504,16.764859,0.66725907,-15.226936
5.700,2.300,1par,11.627417,17.059081,0.68159691,-12.699468
5.700,2.400,1par,12.06788,17.372767,0.69464353,-10.571669
5.700,2.500,1par,12.507056,17.70826,0.70628371,-8.7845102
5.700,2.600,1par,12.943821,18.067966,0.71639615,-7.2865003
5.700,2.700,1par,13.376765,18.454341,0.72485733,-6.0330864
5.700,2.800,1par,13.80417,18.869883,0.73154509,-4.9859793
5.700,2.900,1par,14.223975,19.317109,0.73634078,-4.1124568
5.700,3.000,1par,14.633695,19.798546,0.73912978,-3.384685
5.700,3.100,1par,15.030313,20.316705,0.73980073,-2.7790813
5.700,3.200,1par,15.410157,20.874058,0.7382444,-2.275731
5.700,3.300,1par,15.768772,21.473001,0.73435341,-1.8578639
5.700,3.400,1par,16.10084,22.115818,0.72802372,-1.5113915
5.700,3.500,1par,16.400139,22.804628,0.71915838,-1.2245018
5.700,3.600,1par,16.659572,23.541333,0.70767326,-0.98730852
5.700,3.700,1par,16.87125,24.327552,0.6935038,-0.79154908
5.700,3.800,1par,17.026623,25.164555,0.67661131,-0.63032649
5.700,3.900,1par,17.116622,26.0532,0.65698733,-0.49788933
5.700,4.000,1par,17.13178,26.993875,0.63465432,-0.38944506
5.800,1.000,1par,6.1105518,13.96986,0.43740967,-124.97416
5.800,1.100,1par,6.4444461,14.154449,0.45529473,-109.31291
5.800,1.200,1par,6.8037465,14.342977,0.47436084,-94.935398
5.800,1.300,1par,7.183635,14.534845,0.49423539,-81.932256
5.800,1.400,1par,7.5793053,14.729996,0.51454904,-70.320421
5.800,1.500,1par,7.9863446,14.928785,0.53496278,-60.06213
5.800,1.600,1par,8.4010338,15.131918,0.55518631,-51.082287
5.800,1.700,1par,8.8205194,15.340417,0.57498565,-43.282827
5.800,1.800,1par,9.2428229,15.55557,0.59418093,-36.553739
5.800,1.900,1par,9.666731,15.778888,0.61263704,-30.781252
5.800,2.000,1par,10.091606,16.012067,0.63025006,-25.853588
5.800,2.100,1par,10.517166,16.256962,0.64693304,-21.664747
5.800,2.200,1par,10.943266,16.515555,0.66260361,-18.116777
5.800,2.300,1par,11.36973,16.789935,0.67717533,-15.120932
5.800,2.400,1par,11.796224,17.082281,0.69055323,-12.598036
5.800,2.500,1par,12.222198,17.394847,0.70263328,-10.478317
5.800,2.600,1par,12.646854,17.729946,0.71330468,-8.7008984
5.800,2.700,1par,13.069143,18.089947,0.72245335,-7.2130983
5.800,2.800,1par,13.487756,18.477255,0.72996537,-5.9696307
5.800,2.900,1par,13.901092,18.894307,0.73572913,-4.9317859
5.800,3.000,1par,14.307191,19.343557,0.73963599,-4.0666293
5.800,3.100,1par,14.703636,19.827459,0.74157945,-3.3462497
5.800,3.200,1par,15.087437,20.348447,0.74145396,-2.7470711
5.800,3.300,1par,15.454908,20.908908,0.73915422,-2.2492347
5.800,3.400,1par,15.801575,21.511148,0.73457607,-1.8360523
5.800,3.500,1par,16.12212,22.157351,0.72761945,-1.4935278
5.800,3.600,1par,16.410381,22.849527,0.71819344,-1.2099431
5.800,3.700,1par,16.659403,23.589453,0.70622253,-0.97550165
5.800,3.800,1par,16.861535,24.378605,0.69165301,-0.78202297
5.800,3.900,1par,17.008544,25.218087,0.67445815,-0.62268335
5.800,4.000,1par,17.091727,26.108556,0.65464084,-0.49179542
5.900,1.000,1par,6.0235637,13.871894,0.43422792,-147.94363
5.900,1.100,1par,6.3485672,14.049816,0.45186123,-129.42825
5.900,1.200,1par,6.6981882,14.230926,0.47067832,-112.42859
5.900,1.300,1par,7.0676578,14.41458,0.49031312,-97.051949
5.900,1.400,1par,7.4522298,14.600693,0.51040247,-83.318729
5.900,1.500,1par,7.8475457,14.789586,0.53061294,-71.184586
5.900,1.600,1par,8.2499345,14.98192,0.55065937,-60.56099
5.900,1.700,1par,8.6565905,15.17867,0.57031283,-51.332259
5.900,1.800,1par,9.0655891,15.381078,0.58939882,-43.368572
5.900,1.900,1par,9.4757831,15.590599,0.60778828,-36.535631
5.900,2.000,1par,9.886622,15.808871,0.62538444,-30.701462
5.900,2.100,1par,10.297936,16.037684,0.64210867,-25.740888
5.900,2.200,1par,10.709727,16.278949,0.65788808,-21.538215
5.900,2.300,1par,11.121995,16.534681,0.67264651,-17.988605
5.900,2.400,1par,11.534622,16.806977,0.68629965,-14.998508
5.900,2.500,1par,11.947299,17.098004,0.69875404,-12.48547
5.900,2.600,1par,12.359505,17.409988,0.70990883,-10.377538
5.900,2.700,1par,12.770498,17.745206,0.71965905,-8.6124312
5.900,2.800,1par,13.179316,18.105973,0.72789881,-7.1366033
5.900,2.900,1par,13.58475,18.49464,0.73452359,-5.9042739
5.900,3.000,1par,13.985285,18.913581,0.73943084,-4.8764843
5.900,3.100,1par,14.379023,19.365182,0.74251936,-4.0202109
5.900,3.200,1par,14.763565,19.851826,0.74368798,-3.3075524
5.900,3.300,1par,15.1359,20.37587,0.74283452,-2.7150009
5.900,3.400,1par,15.492307,20.93962,0.73985616,-2.2227962
5.900,3.500,1par,15.828287,21.545295,0.73465167,-1.8143611
5.900,3.600,1par,16.138542,22.194983,0.72712567,-1.4758124
5.900,3.700,1par,16.417,22.890588,0.71719432,-1.1955394
5.900,3.800,1par,16.656877,23.633767,0.70479145,-0.96384388
5.900,3.900,1par,16.850765,24.425858,0.68987402,-0.77263339
5.900,4.000,1par,16.990723,25.267805,0.67242575,-0.61516114
6.000,1.000,1par,5.9402748,13.778039,0.4311408,-175.07717
6.000,1.100,1par,6.2567591,13.949636,0.44852489,-153.19265
6.000,1.200,1par,6.5971077,14.123715,0.46709435,-133.09743
6.000,1.300,1par,6.9565976,14.299588,0.48648936,-114.91849
6.000,1.400,1par,7.3305409,14.477147,0.50635261,-98.680426
6.000,1.500,1par,7.7146312,14.656683,0.52635589,-84.331179
6.000,1.600,1par,8.1052388,14.838814,0.54621877,-71.766366
6.000,1.700,1par,8.4995991,15.024476,0.56571686,-60.849538
6.000,1.800,1par,8.8958323,15.214862,0.58468045,-51.427515
6.000,1.900,1par,9.292845,15.41138,0.60298592,-43.34179
6.000,2.000,1par,9.6901575,15.615612,0.62054291,-36.43657
6.000,2.100,1par,10.087695,15.829289,0.63728033,-30.564058
6.000,2.200,1par,10.48558,16.054257,0.65313393,-25.58763
6.000,2.300,1par,10.883965,16.292457,0.66803705,-21.383459
6.000,2.400,1par,11.28291,16.54591,0.68191532,-17.841036
6.000,2.500,1par,11.682314,16.816702,0.69468518,-14.862941
6.000,2.600,1par,12.081889,17.106972,0.70625525,-12.364147
6.000,2.700,1par,12.481156,17.418906,0.71652925,-10.271043
6.000,2.800,1par,12.879444,17.754732,0.72540912,-8.5203319
6.000,2.900,1par,13.275875,18.11671,0.73279727,-7.0578844
6.000,3.000,1par,13.669317,18.50713,0.73859735,-5.8376291
6.000,3.100,1par,14.05831,18.928302,0.74271372,-4.8205046
6.000,3.200,1par,14.440966,19.382546,0.74505003,-3.9735013
6.000,3.300,1par,14.814865,19.872173,0.74550805,-3.2688008
6.000,3.400,1par,15.176949,20.399467,0.7439875,-2.6830135
6.000,3.500,1par,15.523453,20.966657,0.74038762,-2.1965128
6.000,3.600,1par,15.84987,21.575877,0.7346107,-1.7928564
6.000,3.700,1par,16.150951,22.229125,0.7265671,-1.4582897
6.000,3.800,1par,16.42074,22.928201,0.71618093,-1.18132
6.000,3.900,1par,16.652642,23.674649,0.70339551,-0.95235437
6.000,4.000,1par,16.839478,24.469675,0.68817745,-0.76339262
0.100,1.000,1perp,13.95307,35.030907,0.39830741,-0.0040010964
0.100,1.100,1perp,13.760843,36.197921,0.38015561,-0.0035867746
0.100,1.200,1perp,13.337942,37.397337,0.35665487,-0.0032015138
0.100,1.300,1perp,12.657784,38.606139,0.32786971,-0.0028483432
0.100,1.400,1perp,11.713307,39.799486,0.29430799,-0.0025284219
0.100,1.500,1perp,10.521034,40.951605,0.25691384,-0.0022414797
0.100,1.600,1perp,9.1222404,42.037066,0.21700469,-0.0019862199
0.100,1.700,1perp,7.5805366,43.032323,0.17615913,-0.0017606624
0.100,1.800,1perp,5.9758306,43.917385,0.13606982,-0.0015624207
0.100,1.900,1perp,4.3953611,44.677359,0.098380056,-0.0013889161
0.100,2.000,1perp,2.9232578,45.303591,0.064525961,-0.0012375345
0.100,2.100,1perp,1.6305511,45.794192,0.035606069,-0.0011057361
0.100,2.200,1perp,0.56756282,46.153802,0.012297206,-0.00099112792
0.100,2.300,1perp,-0.23995259,46.392668,-0.0051722093,-0.00089150607
0.100,2.400,1perp,-0.79050036,46.525204,-0.016990798,-0.00080487718
0.100,2.500,1perp,-1.1029835,46.568322,-0.023685274,-0.00072946386
0.100,2.600,1perp,-1.2106217,46.539796,-0.026012613,-0.00066369971
0.100,2.700,1perp,-1.1542225,46.45689,-0.024845022,-0.0006062174
0.100,2.800,1perp,-0.97613539,46.335345,-0.021066756,-0.00055583276
0.100,2.900,1perp,-0.71571183,46.188762,-0.015495367,-0.00051152684
0.100,3.000,1perp,-0.40652934,46.02833,-0.0088321548,-0.00047242749
0.100,3.100,1perp,-0.075211697,45.862827,-0.0016399272,-0.00043779134
0.100,3.200,1perp,0.2585598,45.698801,0.0056579122,-0.0004069868
0.100,3.300,1perp,0.58129964,45.540861,0.012764353,-0.00037947851
0.100,3.400,1perp,0.88462473,45.392014,0.019488554,-0.00035481335
0.100,3.500,1perp,1.1640873,45.253992,0.025723418,-0.00033260808
0.100,3.600,1perp,1.4180932,45.127565,0.031424103,-0.00031253852
0.100,3.700,1perp,1.6469793,45.012807,0.036589126,-0.00029433026
0.100,3.800,1perp,1.852272,44.909315,0.041244718,-0.00027775066
0.100,3.900,1perp,2.0361235,44.816386,0.045432569,-0.00026260208
0.100,4.000,1perp,2.2009065,44.733144,0.0492008,-0.0002487162
0.200,1.000,1perp,13.951864,34.943385,0.39927053,-0.008105692
0.200,1.100,1perp,13.781629,36.100247,0.38175997,-0.0072717961
0.200,1.200,1perp,13.383815,37.291747,0.35889481,-0.0064938049
0.200,1.300,1perp,12.730498,38.495327,0.33070242,-0.0057787289
0.200,1.400,1perp,11.812747,39.686467,0.29765177,-0.005129664
0.200,1.500,1perp,10.644866,40.83955,0.26065091,-0.0045466495
0.200,1.600,1perp,9.2658587,41.929093,0.22098877,-0.0040274854
0.200,1.700,1perp,7.7373915,42.931278,0.18022737,-0.0035684485
0.200,1.800,1perp,6.138107,43.825637,0.14005745,-0.0031648832
0.200,1.900,1perp,4.5549094,44.596636,0.10213572,-0.0028116625
0.200,2.000,1perp,3.0725893,45.23489,0.067925206,-0.002503532
0.200,2.100,1perp,1.7636892,45.737766,0.038560896,-0.0022353517
0.200,2.200,1perp,0.68058205,46.109237,0.014760211,-0.0020022568
0.200,2.300,1perp,-0.14877703,46.359017,-0.0032092361,-0.0017997546
0.200,2.400,1perp,-0.72090266,46.501158,-0.015502897,-0.001623774
0.200,2.500,1perp,-1.0531657,46.55238,-0.02262324,-0.0014706814
0.200,2.600,1perp,-1.1778173,46.53042,-0.025312845,-0.0013372726
0.200,2.700,1perp,-1.1352367,46.452621,-0.024438592,-0.00122075
0.200,2.800,1perp,-0.96777799,46.334877,-0.020886599,-0.001118691
0.200,2.900,1perp,-0.71508894,46.190984,-0.015481137,-0.0010290114
0.200,3.000,1perp,-0.41119957,46.032337,-0.0089328415,-0.00094992803
0.200,3.100,1perp,-0.083235155,45.867909,-0.0018146708,-0.00087992152
0.200,3.200,1perp,0.24864441,45.704424,0.0054402701,-0.00081770178
0.200,3.300,1perp,0.57053783,45.546642,0.012526452,-0.00076217591
0.200,3.400,1perp,0.8737248,45.397688,0.01924602,-0.00071241945
0.200,3.500,1perp,1.1534991,45.259387,0.025486406,-0.00066765099
0.200,3.600,1perp,1.4080783,45.132583,0.031198709,-0.00062721005
0.200,3.700,1perp,1.6376691,45.017399,0.036378581,-0.00059053788
0.200,3.800,1perp,1.8437131,44.913469,0.041050338,-0.00055716114
0.200,3.900,1perp,2.0283103,44.820112,0.045254467,-0.00052667801
0.200,4.000,1perp,2.1938046,44.736468,0.049038395,-0.00049874649
0.300,1.000,1perp,13.944999,34.803265,0.40068077,-0.012413731
0.300,1.100,1perp,13.81025,35.942924,0.38422724,-0.011151561
0.300,1.200,1perp,13.453192,37.120754,0.36241699,-0.0099672953
0.300,1.300,1perp,12.843842,38.314974,0.33521729,-0.0088738231
0.300,1.400,1perp,11.970306,39.50164,0.30303314,-0.0078777832
0.300,1.500,1perp,10.843296,40.655438,0.26671206,-0.0069807592
0.300,1.600,1perp,9.4980649,41.750859,0.22749388,-0.0061805134
0.300,1.700,1perp,7.9929704,42.763702,0.18691016,-0.005472124
0.300,1.800,1perp,6.40439,43.672766,0.14664494,-0.0048489555
0.300,1.900,1perp,4.8184543,44.461498,0.10837364,-0.004303436
0.300,2.000,1perp,3.3208283,45.119319,0.073601029,-0.0038276463
0.300,2.100,1perp,1.9863868,45.642365,0.043520681,-0.0034137427
0.300,2.200,1perp,0.87080523,46.033478,0.018916781,-0.003054242
0.300,2.300,1perp,0.0056743673,46.301455,0.00012255268,-0.0027421977
0.300,2.400,1perp,-0.60216398,46.459705,-0.012960994,-0.0024712945
0.300,2.500,1perp,-0.96744344,46.524596,-0.020794236,-0.0022358842
0.300,2.600,1perp,-1.1207011,46.51377,-0.024093965,-0.0020309807
0.300,2.700,1perp,-1.1015089,46.444674,-0.023716582,-0.0018522285
0.300,2.800,1perp,-0.95215518,46.333444,-0.020550063,-0.0016958555
0.300,2.900,1perp,-0.71273137,46.194192,-0.015429026,-0.0015586179
0.300,3.000,1perp,-0.41799336,46.038651,-0.0090791836,-0.0014377415
0.300,3.100,1perp,-0.095890556,45.876122,-0.0020902063,-0.0013308643
0.300,3.200,1perp,0.2326202,45.713624,0.0050886405,-0.0012359825
0.300,3.300,1perp,0.55293901,45.556166,0.012137523,-0.0011513999
0.300,3.400,1perp,0.85577519,45.407078,0.018846735,-0.0010756833
0.300,3.500,1perp,1.1359828,45.268348,0.025094417,-0.0010076227
0.300,3.600,1perp,1.3914576,45.140937,0.030824738,-0.00094619606
0.300,3.700,1perp,1.6221823,45.025058,0.036028432,-0.00089054014
0.300,3.800,1perp,1.8294512,44.920407,0.040726506,-0.00083992431
0.300,3.900,1perp,2.015274,44.826342,0.044957359,-0.00079372911
0.300,4.000,1perp,2.1819432,44.74203,0.048767194,-0.00075142792
0.400,1.000,1perp,13.925884,34.618678,0.40226505,-0.017017442
0.400,1.100,1perp,13.838465,35.733759,0.38726587,-0.015318408
0.400,1.200,1perp,13.53629,36.891576,0.3669209,-0.013711093
0.400,1.300,1perp,12.986826,38.07145,0.34111719,-0.012217048
0.400,1.400,1perp,12.174359,39.250299,0.3101724,-0.010848948
0.400,1.500,1perp,11.104819,40.403329,0.27484912,-0.0096119351
0.400,1.600,1perp,9.8083048,41.505117,0.23631556,-0.0085052167
0.400,1.700,1perp,8.3384417,42.531061,0.19605534,-0.0075236614
0.400,1.800,1perp,6.7681479,43.459065,0.15573616,-0.0066592306
0.400,1.900,1perp,5.1820464,44.271257,0.11705216,-0.0059021689
0.400,2.000,1perp,3.6665598,44.955453,0.081559845,-0.0052419316
0.400,2.100,1perp,2.2994226,45.506085,0.050530002,-0.0046678654
0.400,2.200,1perp,1.1406691,45.924388,0.024837981,-0.0041696781
0.400,2.300,1perp,0.22688533,46.217816,0.0049090448,-0.0037377369
0.400,2.400,1perp,-0.43032918,46.398804,-0.0092745748,-0.0033632387
0.400,2.500,1perp,-0.84185532,46.48315,-0.018110978,-0.0030382836
0.400,2.600,1perp,-1.0356274,46.488293,-0.022277165,-0.0027558842
0.400,2.700,1perp,-1.0498913,46.431777,-0.022611483,-0.0025099311
0.400,2.800,1perp,-0.92668492,46.330042,-0.020001815,-0.0022951314
0.400,2.900,1perp,-0.70661105,46.197618,-0.0152954,-0.0021069344
0.400,3.000,1perp,-0.4253775,46.046705,-0.0092379574,-0.0019414503
0.400,3.100,1perp,-0.11205902,45.887061,-0.0024420613,-0.0017953706
0.400,3.200,1perp,0.21127581,45.726122,0.0046204621,-0.0016658908
0.400,3.300,1perp,0.52903892,45.569254,0.011609559,-0.0015506402
0.400,3.400,1perp,0.83112433,45.42008,0.01829861,-0.0014476182
0.400,3.500,1perp,1.1117522,45.280818,0.024552387,-0.001355138
0.400,3.600,1perp,1.3683503,45.152607,0.030305011,-0.0012717771
0.400,3.700,1perp,1.6005735,45.035788,0.035540035,-0.0011963359
0.400,3.800,1perp,1.8094983,44.930147,0.04027359,-0.0011278005
0.400,3.900,1perp,1.9969985,44.835103,0.04454096,-0.0010653127
0.400,4.000,1perp,2.1652889,44.749861,0.048386494,-0.0010081443
0.500,1.000,1perp,13.886489,34.400103,0.40367579,-0.021996187
0.500,1.100,1perp,13.856148,35.482954,0.39050153,-0.01985691
0.500,1.200,1perp,13.620918,36.613794,0.37201603,-0.017810879
0.500,1.300,1perp,13.14552,37.773374,0.34801022,-0.015891742
0.500,1.400,1perp,12.409876,38.939789,0.31869398,-0.014121569
0.500,1.500,1perp,11.414215,40.089044,0.28472156,-0.012511975
0.500,1.600,1perp,10.182238,41.196015,0.2471656,-0.011065898
0.500,1.700,1perp,8.7614109,42.2358,0.20744039,-0.009779623
0.500,1.800,1perp,7.2198041,43.185376,0.16718169,-0.0086447458
0.500,1.900,1perp,5.6394459,44.025367,0.12809537,-0.0076498875
0.500,2.000,1perp,4.1069648,44.741659,0.09179286,-0.0067820831
0.500,2.100,1perp,2.7030649,45.326545,0.059635361,-0.006027832
0.500,2.200,1perp,1.4928837,45.779171,0.032610544,-0.0053738421
0.500,2.300,1perp,0.51920808,46.105183,0.011261382,-0.004807521
0.500,2.400,1perp,-0.20020041,46.315646,-0.0043225223,-0.0043172681
0.500,2.500,1perp,-0.67103202,46.425492,-0.014453956,-0.0038926198
0.500,2.600,1perp,-0.91754518,46.451789,-0.019752634,-0.0035242916
0.500,2.700,1perp,-0.97594835,46.412109,-0.021027882,-0.0032041504
0.500,2.800,1perp,-0.88767822,46.323217,-0.019162707,-0.0029251454
0.500,2.900,1perp,-0.6937957,46.200143,-0.015017177,-0.0026812132
0.500,3.000,1perp,-0.43111103,46.055665,-0.0093606515,-0.0024671739
0.500,3.100,1perp,-0.13008805,45.900127,-0.0028341545,-0.0022786251
0.500,3.200,1perp,0.18578866,45.741504,0.0040617086,-0.0021118397
0.500,3.300,1perp,0.49964723,45.585632,0.01096063,-0.0019636713
0.500,3.400,1perp,0.80030696,45.436523,0.017613737,-0.0018314687
0.500,3.500,1perp,1.0811424,45.296706,0.023868013,-0.0017130004
0.500,3.600,1perp,1.3389507,45.167555,0.029644082,-0.0016063883
0.500,3.700,1perp,1.5729398,45.049586,0.034915743,-0.0015100509
0.500,3.800,1perp,1.7838858,44.94271,0.03969244,-0.0014226547
0.500,3.900,1perp,1.9734724,44.846429,0.044005118,-0.0013430731
0.500,4.000,1perp,2.1438025,44.760004,0.047895495,-0.0012703519
0.600,1.000,1perp,13.818156,34.159638,0.40451706,-0.027410349
0.600,1.100,1perp,13.852316,35.202464,0.39350416,-0.024838832
0.600,1.200,1perp,13.693659,36.298857,0.37724767,-0.022345235
0.600,1.300,1perp,13.304275,37.431291,0.3554319,-0.019978882
0.600,1.400,1perp,12.659547,38.57936,0.32814299,-0.017775261
0.600,1.500,1perp,11.753445,39.720198,0.295906,-0.015756286
0.600,1.600,1perp,10.602298,40.829281,0.25967389,-0.013931869
0.600,1.700,1perp,9.2460871,41.881645,0.22076704,-0.012302199
0.600,1.800,1perp,7.7465187,42.853458,0.18076765,-0.01086023
0.600,1.900,1perp,6.1815975,43.723808,0.1413783,-0.0095940142
0.600,2.000,1perp,4.6371118,44.476444,0.10425995,-0.0084886943
0.600,2.100,1perp,3.1963129,45.10117,0.070869845,-0.0075280635
0.600,2.200,1perp,1.9297391,45.594585,0.042323865,-0.0066957152
0.600,2.300,1perp,0.88730869,45.960027,0.019306096,-0.0059758271
0.600,2.400,1perp,0.094276417,46.206726,0.002040318,-0.0053536517
0.600,2.500,1perp,-0.44842231,46.348374,-0.0096750386,-0.0048157843
0.600,2.600,1perp,-0.76009407,46.4014,-0.016380844,-0.004350272
0.600,2.700,1perp,-0.87395976,46.383266,-0.018842135,-0.0039466128
0.600,2.800,1perp,-0.83028583,46.311023,-0.017928471,-0.0035956868
0.600,2.900,1perp,-0.6703679,46.200245,-0.014510051,-0.0032896472
0.600,3.000,1perp,-0.43215678,46.064383,-0.0093815818,-0.0030217914
0.600,3.100,1perp,-0.14770755,45.914482,-0.0032170143,-0.0027864265
0.600,3.200,1perp,0.15779843,45.759182,0.003448454,-0.0025787385
0.600,3.300,1perp,0.46590846,45.604907,0.010216191,-0.0023946693
0.600,3.400,1perp,0.76409274,45.456162,0.016809443,-0.0022308053
0.600,3.500,1perp,1.044648,45.31587,0.023052586,-0.0020842788
0.600,3.600,1perp,1.3035568,45.185714,0.028848871,-0.0019526811
0.600,3.700,1perp,1.539442,45.066437,0.03415939,-0.0018339885
0.600,3.800,1perp,1.7526809,44.958113,0.038984753,-0.0017264983
0.600,3.900,1perp,1.9447003,44.860359,0.043350084,-0.0016287755
0.600,4.000,1perp,2.1174483,44.772506,0.047293496,-0.0015396076
0.700,1.000,1perp,13.712249,33.910281,0.4043685,-0.033294861
0.700,1.100,1perp,13.816033,34.90533,0.39581444,-0.03031684
0.700,1.200,1perp,13.740989,35.959504,0.38212399,-0.027380281
0.700,1.300,1perp,13.446977,37.057235,0.3628705,-0.024553071
0.700,1.400,1perp,12.905047,38.179908,0.33800623,-0.021888255
0.700,1.500,1perp,12.102775,39.306129,0.30791064,-0.019422581
0.700,1.600,1perp,11.048528,40.412344,0.27339488,-0.017177173
0.700,1.700,1perp,9.773711,41.473879,0.23565944,-0.01515966
0.700,1.800,1perp,8.3321708,42.466369,0.19620634,-0.013367013
0.700,1.900,1perp,6.7962066,43.36751,0.15671194,-0.011788517
0.700,2.000,1perp,5.2492377,44.158882,0.11887162,-0.010408483
0.700,2.100,1perp,3.7760342,44.827571,0.084234637,-0.0092084871
0.700,2.200,1perp,2.4522483,45.367236,0.054053288,-0.0081690869
0.700,2.300,1perp,1.3354315,45.778411,0.029171643,-0.0072710414
0.700,2.400,1perp,0.45945999,46.06797,0.0099735236,-0.0064961123
0.700,2.500,1perp,-0.166648,46.247895,-0.0036033641,-0.005827536
0.700,2.600,1perp,-0.5557856,46.33361,-0.011995301,-0.0052502531
0.700,2.700,1perp,-0.73697101,46.342229,-0.015902796,-0.00475097
0.700,2.800,1perp,-0.74846199,46.290976,-0.016168637,-0.0043181097
0.700,2.900,1perp,-0.63134109,46.195955,-0.013666588,-0.0039416965
0.700,3.000,1perp,-0.42457821,46.071349,-0.0092156669,-0.0036132059
0.700,3.100,1perp,-0.16192597,45.929009,-0.0035255708,-0.0033254
0.700,3.200,1perp,0.12950119,45.778358,0.0028288736,-0.0030721639
0.700,3.300,1perp,0.42938191,45.626532,0.0094107944,-0.00284835
0.700,3.400,1perp,0.72355123,45.478639,0.015909694,-0.0026496359
0.700,3.500,1perp,1.002974,45.338096,0.022122103,-0.0024723973
0.700,3.600,1perp,1.2626096,45.20697,0.027929533,-0.0023135969
0.700,3.700,1perp,1.5003344,45.086298,0.033276949,-0.002170689
0.700,3.800,1perp,1.7160089,44.976361,0.038153572,-0.0020415373
0.700,3.900,1perp,1.9107199,44.876926,0.04257689,-0.0019243459
0.700,4.000,1perp,2.0862057,44.787419,0.046580173,-0.0018176017
0.800,1.000,1perp,13.56049,33.665337,0.40280274,-0.039653568
0.800,1.100,1perp,13.737015,34.605062,0.39696548,-0.036317732
0.800,1.200,1perp,13.750148,35.609177,0.38614059,-0.032962938
0.800,1.300,1perp,13.558147,36.664221,0.36979231,-0.02967669
0.800,1.400,1perp,13.128272,37.753596,0.34773567,-0.02653294
0.800,1.500,1perp,12.442012,38.857692,0.32019431,-0.023587929
0.800,1.600,1perp,11.499642,39.954314,0.28781979,-0.020879014
0.800,1.700,1perp,10.323295,41.019505,0.25166795,-0.01842589
0.800,1.800,1perp,8.9576584,42.028787,0.2131315,-0.01623335
0.800,1.900,1perp,7.4675677,42.958786,0.17383097,-0.014294732
0.800,2.000,1perp,5.9321672,43.789082,0.13547138,-0.012595382
0.800,2.100,1perp,4.4361115,44.50399,0.099678961,-0.011115723
0.800,2.200,1perp,3.0591931,45.093961,0.067840417,-0.0098337239
0.800,2.300,1perp,1.8665001,45.55628,0.040971302,-0.0087267423
0.800,2.400,1perp,0.90127956,45.894922,0.019637893,-0.0077727908
0.800,2.500,1perp,0.18197598,46.119605,0.0039457402,-0.0069513338
0.800,2.600,1perp,-0.29631245,46.244278,-0.0064075484,-0.0062437248
0.800,2.700,1perp,-0.55692743,46.285353,-0.012032477,-0.0056333861
0.800,2.800,1perp,-0.63497341,46.260008,-0.013726184,-0.0051058149
0.800,2.900,1perp,-0.57059143,46.184793,-0.01235453,-0.0046484811
0.800,3.000,1perp,-0.40343292,46.074631,-0.008756075,-0.0042506628
0.800,3.100,1perp,-0.16891272,45.942251,-0.0036766314,-0.0039032546
0.800,3.200,1perp,0.10376171,45.797973,0.0022656398,-0.0035985673
0.800,3.300,1perp,0.39214043,45.649765,0.0085901961,-0.0033301357
0.800,3.400,1perp,0.68013404,45.503459,0.014946865,-0.0030925394
0.800,3.500,1perp,0.95710179,45.363072,0.021098699,-0.0028812425
0.800,3.600,1perp,1.2167445,45.231148,0.026900589,-0.0026924528
0.800,3.700,1perp,1.4560044,45.109086,0.032277409,-0.0025229995
0.800,3.800,1perp,1.6740824,44.997436,0.037203952,-0.002370229
0.800,3.900,1perp,1.8716237,44.896153,0.041687842,-0.0022319171
0.800,4.000,1perp,2.050086,44.804793,0.045755953,-0.0021061953
0.900,1.000,1perp,13.354943,33.438015,0.39939401,-0.046455962
0.900,1.100,1perp,13.605847,34.315162,0.39649665,-0.042836548
0.900,1.200,1perp,13.709636,35.261502,0.38879899,-0.039113713
0.900,1.300,1perp,13.623716,36.265732,0.37566361,-0.035392648
0.900,1.400,1perp,13.312369,37.313404,0.35677177,-0.031769528
0.900,1.500,1perp,12.75169,38.386924,0.33218839,-0.028323888
0.900,1.600,1perp,11.934229,39.465807,0.30239414,-0.025114491
0.900,1.700,1perp,10.872648,40.527264,0.26827985,-0.022178589
0.900,1.800,1perp,9.6015744,41.547208,0.23110035,-0.019533808
0.900,1.900,1perp,8.1767714,42.501685,0.192387,-0.0171816
0.900,2.000,1perp,6.6710278,43.368637,0.15382148,-0.015111315
0.900,2.100,1perp,5.166749,44.129784,0.11708077,-0.013304149
0.900,2.200,1perp,3.7461812,44.772284,0.083671881,-0.011736544
0.900,2.300,1perp,2.4811119,45.289842,0.054782967,-0.010382863
0.900,2.400,1perp,1.4243263,45.683022,0.03117846,-0.0092173252
0.900,2.500,1perp,0.60473091,45.958685,0.013158142,-0.0082152977
0.900,2.600,1perp,0.026973922,46.128726,0.00058475324,-0.0073540691
0.900,2.700,1perp,-0.32493548,46.208377,-0.0070319605,-0.0066132379
0.900,2.800,1perp,-0.4814901,46.214441,-0.010418607,-0.0059748331
0.900,2.900,1perp,-0.48083261,46.163716,-0.010415813,-0.0054232599
0.900,3.000,1perp,-0.36268065,46.071806,-0.0078720737,-0.00494514
0.900,3.100,1perp,-0.16387669,45.952349,-0.003566231,-0.0045290984
0.900,3.200,1perp,0.084239522,45.816648,0.0018386225,-0.0041655285
0.900,3.300,1perp,0.35688666,45.673619,0.0078138469,-0.0038463582
0.900,3.400,1perp,0.63577486,45.529944,0.013963884,-0.0035648288
0.900,3.500,1perp,0.90837096,45.390357,0.020012422,-0.0033152951
0.900,3.600,1perp,1.1668567,45.257979,0.025782343,-0.0030930476
0.900,3.700,1perp,1.4070228,45.134657,0.031173889,-0.0028941585
0.900,3.800,1perp,1.627241,45.02128,0.036143819,-0.0027153503
0.900,3.900,1perp,1.8275887,44.918042,0.040687185,-0.0025538839
0.900,4.000,1perp,2.009154,44.824666,0.04482251,-0.0024074656
1.000,1.000,1perp,13.087652,33.241273,0.39371693,-0.053637766
1.000,1.100,1perp,13.413808,34.04885,0.39395775,-0.04983324
1.000,1.200,1perp,13.609276,34.929913,0.38961667,-0.045820477
1.000,1.300,1perp,13.631388,35.875276,0.37996609,-0.041716678
1.000,1.400,1perp,13.442412,36.872661,0.36456311,-0.037638278
1.000,1.500,1perp,13.014043,37.906616,0.3433185,-0.033689692
1.000,1.600,1perp,12.331914,38.958623,0.31653875,-0.029955343
1.000,1.700,1perp,11.399574,40.007465,0.28493617,-0.026495734
1.000,1.800,1perp,10.241225,41.029974,0.2496035,-0.023347282
1.000,1.900,1perp,8.9023487,42.0022,0.21194958,-0.020524938
1.000,2.000,1perp,7.4473936,42.901003,0.17359486,-0.018026368
1.000,2.100,1perp,5.9541017,43.705901,0.13623107,-0.015836649
1.000,2.200,1perp,4.5048656,44.40091,0.10145886,-0.013932676
1.000,2.300,1perp,3.1765309,44.976021,0.07062721,-0.012286871
1.000,2.400,1perp,2.0308191,45.427977,0.04470415,-0.010870023
1.000,2.500,1perp,1.1075929,45.760203,0.024204284,-0.0096532983
1.000,2.600,1perp,0.42238536,45.981892,0.0091859066,-0.0086095292
1.000,2.700,1perp,-0.031696058,46.106501,-0.00068745313,-0.0077139508
1.000,2.800,1perp,-0.27880249,46.149984,-0.0060412263,-0.0069445291
1.000,2.900,1perp,-0.35367004,46.129078,-0.0076669652,-0.0062820152
1.000,3.000,1perp,-0.29513161,46.059904,-0.0064075602,-0.0057098261
1.000,3.100,1perp,-0.14095744,45.956971,-0.0030671612,-0.0052138274
1.000,3.200,1perp,0.075519426,45.832615,0.0016477224,-0.0047820696
1.000,3.300,1perp,0.32708293,45.696801,0.0071576768,-0.0044045118
1.000,3.400,1perp,0.5930065,45.557182,0.013016751,-0.0040727544
1.000,3.500,1perp,0.85857884,45.419333,0.018903378,-0.0037797917
1.000,3.600,1perp,1.1141818,45.287069,0.024602647,-0.0035197911
1.000,3.700,1perp,1.3542079,45.162784,0.02998504,-0.0032879003
1.000,3.800,1perp,1.5759998,45.047781,0.03498507,-0.0030800815
1.000,3.900,1perp,1.7789138,44.942559,0.039581943,-0.0028929708
1.000,4.000,1perp,1.963557,44.847054,0.043783411,-0.0027237603
1.100,1.000,1perp,12.749952,33.087896,0.38533583,-0.061106149
1.100,1.100,1perp,13.152331,33.819011,0.38890347,-0.057233447
1.100,1.200,1perp,13.439867,34.627469,0.38812732,-0.053035027
1.100,1.300,1perp,13.570553,35.506079,0.38220364,-0.048630782
1.100,1.400,1perp,13.50564,36.444648,0.37057951,-0.044151329
1.100,1.500,1perp,13.213599,37.429869,0.35302286,-0.039723981
1.100,1.600,1perp,12.674302,38.44532,0.32967087,-0.035460702
1.100,1.700,1perp,11.883044,39.471656,0.3010526,-0.031449972
1.100,1.800,1perp,10.853856,40.487093,0.26808189,-0.027753216
1.100,1.900,1perp,9.6213105,41.4683,0.23201603,-0.024405312
1.100,2.000,1perp,8.2399176,42.391715,0.19437566,-0.021417988
1.100,2.100,1perp,6.7803694,43.23526,0.15682499,-0.018784758
1.100,2.200,1perp,5.3225009,43.980216,0.12102035,-0.016486207
1.100,2.300,1perp,3.9458347,44.612964,0.088445919,-0.014494839
1.100,2.400,1perp,2.7195487,45.126221,0.060265377,-0.012779059
1.100,2.500,1perp,1.694184,45.519479,0.03721888,-0.011306146
1.100,2.600,1perp,0.89701213,45.798578,0.019586026,-0.010044315
1.100,2.700,1perp,0.33185395,45.974517,0.0072182152,-0.0089639811
1.100,2.800,1perp,-0.017211871,46.06179,-0.00037366916,-0.008038448
1.100,2.900,1perp,-0.17977879,46.07662,-0.0039017356,-0.007244165
1.100,3.000,1perp,-0.19247046,46.035355,-0.004180927,-0.0065607109
1.100,3.100,1perp,-0.093153498,45.953245,-0.0020271365,-0.005970608
1.100,3.200,1perp,0.083231642,45.843648,0.0018155545,-0.005459046
1.100,3.300,1perp,0.30708672,45.717644,0.0067170286,-0.0050135683
1.100,3.400,1perp,0.55509165,45.583968,0.012177344,-0.0046237556
1.100,3.500,1perp,0.81009617,45.449164,0.017824226,-0.0042809266
1.100,3.600,1perp,1.0603927,45.317862,0.023399001,-0.0039778658
1.100,3.700,1perp,1.2987038,45.193118,0.028736761,-0.0037085837
1.100,3.800,1perp,1.5211116,45.076742,0.033744933,-0.0034681094
1.100,3.900,1perp,1.7260681,44.969613,0.038382988,-0.0032523143
1.100,4.000,1perp,1.9135609,44.871941,0.042644933,-0.0030577641
1.200,1.000,1perp,12.331481,32.99079,0.37378556,-0.068749251
1.200,1.100,1perp,12.812132,33.63837,0.38087852,-0.064934165
1.200,1.200,1perp,13.192469,34.366887,0.38387152,-0.060674044
1.200,1.300,1perp,13.431773,35.170968,0.38189945,-0.05607968
1.200,1.400,1perp,13.491236,36.042338,0.37431635,-0.051285808
1.200,1.500,1perp,13.337333,36.969719,0.36076372,-0.046436188
1.200,1.600,1perp,12.945539,37.938776,0.34122183,-0.041668356
1.200,1.700,1perp,12.304158,38.932185,0.31604078,-0.03710097
1.200,1.800,1perp,11.417883,39.929895,0.28594824,-0.032825682
1.200,1.900,1perp,10.310435,40.909732,0.25202889,-0.028904038
1.200,2.000,1perp,9.0254094,41.848411,0.21566911,-0.025368729
1.200,2.100,1perp,7.6244233,42.722988,0.17846185,-0.022227799
1.200,2.200,1perp,6.1819879,43.512644,0.14207337,-0.019470308
1.200,2.300,1perp,4.7773982,44.200545,0.1080846,-0.017072205
1.200,2.400,1perp,3.484957,44.775423,0.077831917,-0.015001566
1.200,2.500,1perp,2.3646752,45.23254,0.052278188,-0.013222816
1.200,2.600,1perp,1.4556677,45.573809,0.031940883,-0.011699818
1.200,2.700,1perp,0.77367886,45.807047,0.016889953,-0.010397943
1.200,2.800,1perp,0.31286548,45.944581,0.0068096275,-0.0092853141
1.200,2.900,1perp,0.050745995,46.001507,0.0011031377,-0.0083334211
1.200,3.000,1perp,-0.045400232,45.99397,-0.00098709096,-0.0075173061
1.200,3.100,1perp,-0.012321916,45.937704,-0.00026823099,-0.0068154732
1.200,3.200,1perp,0.11413834,45.846988,0.0024895494,-0.0062096333
1.200,3.300,1perp,0.30227797,45.734031,0.0066094757,-0.0056843699
1.200,3.400,1perp,0.52616035,45.608733,0.011536395,-0.0052267775
1.200,3.500,1perp,0.76599689,45.478726,0.016842972,-0.0048261056
1.200,3.600,1perp,1.0077136,45.349588,0.022221009,-0.0044734292
1.200,3.700,1perp,1.2420754,45.225154,0.027464259,-0.0041613535
1.200,3.800,1perp,1.4636437,45.107855,0.032447645,-0.003883756
1.200,3.900,1perp,1.6697508,44.999039,0.037106365,-0.0036355665
1.200,4.000,1perp,1.8595976,44.899258,0.041417112,-0.003412581
1.300,1.000,1perp,11.818856,32.963446,0.35854431,-0.076448492
1.300,1.100,1perp,12.38205,33.519849,0.36939457,-0.072813921
1.300,1.200,1perp,12.857378,34.160771,0.37637845,-0.068625229
1.300,1.300,1perp,13.205928,34.882456,0.37858367,-0.06397196
1.300,1.400,1perp,13.389693,35.67832,0.37528934,-0.058980189
1.300,1.500,1perp,13.374343,36.538902,0.36603025,-0.053799332
1.300,1.600,1perp,13.132401,37.451819,0.35064789,-0.048585709
1.300,1.700,1perp,12.646698,38.401755,0.32932606,-0.043486239
1.300,1.800,1perp,11.913892,39.370573,0.30260907,-0.038625349
1.300,1.900,1perp,10.947571,40.337659,0.27139826,-0.034096981
1.300,2.000,1perp,9.7801938,41.280623,0.23691972,-0.029962058
1.300,2.100,1perp,8.4629202,42.17643,0.20065521,-0.026250517
1.300,2.200,1perp,7.0624853,43.002949,0.16423258,-0.02296633
1.300,2.300,1perp,5.6548798,43.740774,0.12928166,-0.02009389
1.300,2.400,1perp,4.3165447,44.375005,0.097274237,-0.017604417
1.300,2.500,1perp,3.1148027,44.896644,0.069377184,-0.01546157
1.300,2.600,1perp,2.0997595,45.303279,0.046348951,-0.013625865
1.300,2.700,1perp,1.2995905,45.59889,0.028500485,-0.012057851
1.300,2.800,1perp,0.72006195,45.792863,0.015724327,-0.010720183
1.300,2.900,1perp,0.34782265,45.898439,0.0075780931,-0.0095788083
1.300,3.000,1perp,0.1560444,45.930966,0.0033973681,-0.0086035195
1.300,3.100,1perp,0.11070734,45.906255,0.0024115959,-0.0077680544
1.300,3.200,1perp,0.17615372,45.839286,0.0038428547,-0.0070499304
1.300,3.300,1perp,0.31915629,45.743325,0.0069771118,-0.006430122
1.300,3.400,1perp,0.5113414,45.629474,0.011206384,-0.0058926683
1.300,3.500,1perp,0.73019561,45.506549,0.016045946,-0.0054242642
1.300,3.600,1perp,0.9590473,45.381203,0.021133139,-0.0050138683
1.300,3.700,1perp,1.1864184,45.258185,0.026214449,-0.0046523435
1.300,3.800,1perp,1.4050688,45.140664,0.031126454,-0.0043321403
1.300,3.900,1perp,1.6109651,45.030562,0.035774928,-0.0040470231
1.300,4.000,1perp,1.8023226,44.928861,0.04011503,-0.0037918375
1.400,1.000,1perp,11.193899,33.020537,0.3389981,-0.084091377
1.400,1.100,1perp,11.847514,33.477079,0.35389929,-0.080745759
1.400,1.200,1perp,12.422787,34.022021,0.36513959,-0.076758135
1.400,1.300,1perp,12.883038,34.653019,0.37177246,-0.072186692
1.400,1.400,1perp,13.191822,35.36492,0.37302,-0.067135636
1.400,1.500,1perp,13.315116,36.149807,0.3683316,-0.061746289
1.400,1.600,1perp,13.223916,36.997002,0.35743209,-0.056182269
1.400,1.700,1perp,12.897209,37.893047,0.3403582,-0.050611675
1.400,1.800,1perp,12.325234,38.821716,0.31748299,-0.045189883
1.400,1.900,1perp,11.512717,39.764176,0.28952486,-0.040046156
1.400,2.000,1perp,10.481507,40.699395,0.25753471,-0.035275892
1.400,2.100,1perp,9.2717336,41.604941,0.22285175,-0.030938721
1.400,2.200,1perp,7.9405496,42.458212,0.18702035,-0.027061343
1.400,2.300,1perp,6.5578036,43.238056,0.1516674,-0.02364336
1.400,2.400,1perp,5.1987883,43.926576,0.11835178,-0.020664344
1.400,2.500,1perp,3.9351962,44.510805,0.088409909,-0.018090755
1.400,2.600,1perp,2.8262452,44.983883,0.062827952,-0.015881877
1.400,2.700,1perp,1.9120942,45.345466,0.042167263,-0.013994412
1.400,2.800,1perp,1.2110136,45.601266,0.026556579,-0.012385713
1.400,2.900,1perp,0.72057673,45.761862,0.015746228,-0.011015841
1.400,3.000,1perp,0.42196796,45.841065,0.0092050209,-0.0098486931
1.400,3.100,1perp,0.28585207,45.854198,0.0062339347,-0.0088524709
1.400,3.200,1perp,0.27825488,45.816563,0.0060732376,-0.007999704
1.400,3.300,1perp,0.36537663,45.742301,0.0079877185,-0.0072670044
1.400,3.400,1perp,0.51686694,45.643673,0.011323956,-0.0066346765
1.400,3.500,1perp,0.7075807,45.530736,0.015540726,-0.006086269
1.400,3.600,1perp,0.91811122,45.411327,0.02021767,-0.0056081207
1.400,3.700,1perp,1.1344847,45.291239,0.025048658,-0.0051889327
1.400,3.800,1perp,1.3473733,45.174513,0.029825961,-0.0048193823
1.400,3.900,1perp,1.5511076,45.063764,0.034420285,-0.0044917863
1.400,4.000,1perp,1.7426874,44.960504,0.038760405,-0.0041998112
1.500,1.000,1perp,10.431198,33.178612,0.31439524,-0.09158249
1.500,1.100,1perp,11.188531,33.525024,0.3337367,-0.088610629
1.500,1.200,1perp,11.873075,33.964371,0.3495744,-0.084937874
1.500,1.300,1perp,12.450777,34.495527,0.3609389,-0.08058493
1.500,1.400,1perp,12.88746,35.114501,0.36701247,-0.075623092
1.500,1.500,1perp,13.15044,35.814612,0.36718086,-0.070171317
1.500,1.600,1perp,13.210549,36.586569,0.36107647,-0.064385824
1.500,1.700,1perp,13.044574,37.418499,0.34861296,-0.058443751
1.500,1.800,1perp,12.638109,38.29593,0.3300118,-0.052524089
1.500,1.900,1perp,11.988671,39.201824,0.30581922,-0.046789721
1.500,2.000,1perp,11.10866,40.116772,0.27690812,-0.041373849
1.500,2.100,1perp,10.027441,41.019475,0.24445562,-0.036372566
1.500,2.200,1perp,8.7916278,41.887627,0.20988603,-0.031843626
1.500,2.300,1perp,7.4627059,42.699221,0.17477382,-0.027810098
1.500,2.400,1perp,6.1116736,43.434206,0.14071107,-0.024266985
1.500,2.500,1perp,4.8112154,44.076248,0.10915665,-0.021188948
1.500,2.600,1perp,3.6268825,44.614259,0.081294246,-0.018537695
1.500,2.700,1perp,2.6092934,45.043351,0.057928493,-0.016268212
1.500,2.800,1perp,1.7891909,45.364985,0.039439911,-0.014333496
1.500,2.900,1perp,1.1763117,45.586282,0.025804073,-0.012687831
1.500,3.000,1perp,0.76184099,45.718689,0.016663666,-0.011288808
1.500,3.100,1perp,0.52328531,45.776305,0.011431357,-0.01009839
1.500,3.200,1perp,0.43023346,45.774219,0.0093990345,-0.0090832931
1.500,3.300,1perp,0.44968156,45.727106,0.0098340263,-0.0082149271
1.500,3.400,1perp,0.55012015,45.648234,0.012051291,-0.0074690716
1.500,3.500,1perp,0.7041237,45.548888,0.015458636,-0.0068254206
1.500,3.600,1perp,0.88957074,45.438163,0.019577612,-0.0062670798
1.500,3.700,1perp,1.0898159,45.323017,0.024045528,-0.0057800689
1.500,3.800,1perp,1.2931784,45.208496,0.028604765,-0.0053528607
1.500,3.900,1perp,1.4920723,45.098039,0.033085082,-0.0049759692
1.500,4.000,1perp,1.6820254,44.993804,0.037383489,-0.0046415938
1.600,1.000,1perp,9.4946259,33.456854,0.28378717,-0.098851009
1.600,1.100,1perp,10.376913,33.680688,0.30809683,-0.096308733
1.600,1.200,1perp,11.186559,34.003031,0.32898711,-0.093039124
1.600,1.300,1perp,11.892597,34.423805,0.34547597,-0.089024168
1.600,1.400,1perp,12.463853,34.939924,0.35672237,-0.084295469
1.600,1.500,1perp,12.870004,35.545612,0.36207013,-0.078937633
1.600,1.600,1perp,13.083041,36.23261,0.36108471,-0.073084155
1.600,1.700,1perp,13.079157,36.990279,0.35358364,-0.066905589
1.600,1.800,1perp,12.84113,37.805607,0.33966204,-0.060591791
1.600,1.900,1perp,12.361138,38.663195,0.31971332,-0.054331722
1.600,2.000,1perp,11.64376,39.545299,0.29444107,-0.048294847
1.600,2.100,1perp,10.708584,40.432067,0.26485374,-0.04261747
1.600,2.200,1perp,9.5916303,41.302079,0.23223117,-0.037395702
1.600,2.300,1perp,8.3446728,42.133305,0.19805408,-0.032684928
1.600,2.400,1perp,7.0318296,42.904468,0.16389504,-0.028504268
1.600,2.500,1perp,5.7234201,43.596709,0.13128101,-0.024843969
1.600,2.600,1perp,4.4879783,44.195263,0.10154885,-0.021673741
1.600,2.700,1perp,3.3840626,44.690832,0.075721629,-0.018950584
1.600,2.800,1perp,2.45376,45.080313,0.054430856,-0.01662528
1.600,2.900,1perp,1.7193339,45.366711,0.03789858,-0.014647245
1.600,3.000,1perp,1.1834926,45.558265,0.025977562,-0.012967821
1.600,3.100,1perp,0.83269705,45.667007,0.018234106,-0.011542256
1.600,3.200,1perp,0.64223828,45.707101,0.014051171,-0.01033069
1.600,3.300,1perp,0.58168074,45.69325,0.012730124,-0.0092984516
1.600,3.400,1perp,0.61958556,45.639431,0.013575664,-0.0084159112
1.600,3.500,1perp,0.72693612,45.558037,0.015956265,-0.0076580831
1.600,3.600,1perp,0.87915115,45.45943,0.019339247,-0.007004104
1.600,3.700,1perp,1.0568748,45.351821,0.023303911,-0.0064366784
1.600,3.800,1perp,1.2458712,45.24139,0.027538305,-0.0059415394
1.600,3.900,1perp,1.4363691,45.132538,0.031825578,-0.0055069559
1.600,4.000,1perp,1.6221538,45.028196,0.036025289,-0.0051232972
1.700,1.000,1perp,8.3322588,33.877859,0.24594998,-0.10585415
1.700,1.100,1perp,9.3723364,33.963864,0.27595024,-0.10376712
1.700,1.200,1perp,10.332406,34.155388,0.30251174,-0.10095786
1.700,1.300,1perp,11.185254,34.453277,0.32464994,-0.097372985
1.700,1.400,1perp,11.903619,34.855106,0.34151722,-0.093002864
1.700,1.500,1perp,12.460672,35.355681,0.35243762,-0.087890286
1.700,1.600,1perp,12.830923,35.947396,0.35693608,-0.082133078
1.700,1.700,1perp,12.991579,36.620446,0.35476298,-0.075878849
1.700,1.800,1perp,12.924435,37.362901,0.34591625,-0.069311805
1.700,1.900,1perp,12.618309,38.160697,0.33066243,-0.062633667
1.700,2.000,1perp,12.071869,38.997607,0.30955411,-0.05604245
1.700,2.100,1perp,11.296465,39.855298,0.28343698,-0.049713324
1.700,2.200,1perp,10.318282,40.713602,0.25343574,-0.043784941
1.700,2.300,1perp,9.178986,41.551119,0.22090828,-0.038352841
1.700,2.400,1perp,7.9340892,42.346227,0.18736236,-0.033469624
1.700,2.500,1perp,6.6486683,43.078492,0.15433846,-0.029150223
1.700,2.600,1perp,5.3907807,43.730292,0.12327337,-0.025380022
1.700,2.700,1perp,4.2237077,44.288408,0.095368245,-0.022123785
1.700,2.800,1perp,3.1986862,44.745215,0.071486667,-0.019333875
1.700,2.900,1perp,2.349781,45.099197,0.052102501,-0.016956981
1.700,3.000,1perp,1.691939,45.354656,0.037304639,-0.014939068
1.700,3.100,1perp,1.2223142,45.520685,0.026851842,-0.013228665
1.700,3.200,1perp,0.92407315,45.609676,0.020260463,-0.011778799
1.700,3.300,1perp,0.77142679,45.635676,0.016904029,-0.010547892
1.700,3.400,1perp,0.73465301,45.612899,0.016106256,-0.0094999781
1.700,3.500,1perp,0.78423437,45.554587,0.017215267,-0.0086044624
1.700,3.600,1perp,0.89370092,45.47228,0.019653752,-0.0078356541
1.700,3.700,1perp,1.0411593,45.375475,0.02294542,-0.0071721805
1.700,3.800,1perp,1.2097344,45.271587,0.026721714,-0.0065963811
1.700,3.900,1perp,1.3872513,45.166108,0.030714431,-0.0060937306
1.700,4.000,1perp,1.5654883,45.062882,0.034740084,-0.0056523149
1.800,1.000,1perp,6.8688157,34.46827,0.19927939,-0.11257691
1.800,1.100,1perp,8.1165681,34.397846,0.23596152,-0.11094298
1.800,1.200,1perp,9.2662325,34.441732,0.26904084,-0.10861909
1.800,1.300,1perp,10.295422,34.601657,0.29754129,-0.10552322
1.800,1.400,1perp,11.182078,34.875666,0.32062695,-0.10160787
1.800,1.500,1perp,11.904301,35.258841,0.33762599,-0.096872133
1.800,1.600,1perp,12.440681,35.743851,0.34805095,-0.091369999
1.800,1.700,1perp,12.771152,36.321297,0.35161607,-0.085212223
1.800,1.800,1perp,12.87841,36.979899,0.34825435,-0.07855998
1.800,1.900,1perp,12.749945,37.706528,0.33813627,-0.071610375
1.800,2.000,1perp,12.380593,38.486168,0.32168942,-0.064576133
1.800,2.100,1perp,11.775366,39.301873,0.29961337,-0.057663447
1.800,2.200,1perp,10.952007,40.134836,0.27288031,-0.051052385
1.800,2.300,1perp,9.9425605,40.9647,0.24271044,-0.044883273
1.800,2.400,1perp,8.7931926,41.770209,0.21051349,-0.039250571
1.800,2.500,1perp,7.5616812,42.53027,0.17779528,-0.034203764
1.800,2.600,1perp,6.312525,43.225363,0.14603752,-0.029753415
1.800,2.700,1perp,5.1102711,43.839128,0.11656872,-0.025879993
1.800,2.800,1perp,4.0123068,44.359835,0.090449091,-0.022543348
1.800,2.900,1perp,3.0626651,44.781399,0.068391456,-0.019691301
1.800,3.000,1perp,2.2881902,45.103694,0.05073177,-0.017266571
1.800,3.100,1perp,1.6977411,45.332088,0.037451199,-0.0152118
1.800,3.200,1perp,1.2842482,45.476307,0.028239941,-0.013472838
1.800,3.300,1perp,1.0287493,45.548906,0.022585598,-0.012000602
1.800,3.400,1perp,0.90522441,45.563685,0.019867234,-0.010751903
1.800,3.500,1perp,0.88516503,45.534302,0.019439521,-0.0096895596
1.800,3.600,1perp,0.94116837,45.473251,0.020697187,-0.0087820839
1.800,3.700,1perp,1.0492693,45.391255,0.023116112,-0.0080031335
1.800,3.800,1perp,1.190059,45.297013,0.026272352,-0.0073308679
1.800,3.900,1perp,1.3488429,45.197222,0.029843492,-0.0067472948
1.800,4.000,1perp,1.5151675,45.096772,0.033598136,-0.0062376543
1.900,1.000,1perp,4.9944511,35.258932,0.14165066,-0.11902913
1.900,1.100,1perp,6.5249301,35.009918,0.18637376,-0.11782304
1.900,1.200,1perp,7.923675,34.885887,0.22713124,-0.11598001
1.900,1.300,1perp,9.1748533,34.889633,0.26296789,-0.11339783
1.900,1.400,1perp,10.263577,35.019598,0.29308093,-0.10999819
1.900,1.500,1perp,11.174885,35.270899,0.31683017,-0.10573984
1.900,1.600,1perp,11.893458,35.636117,0.3337473,-0.10063066
1.900,1.700,1perp,12.403967,36.105838,0.34354465,-0.094735669
1.900,1.800,1perp,12.692074,36.668967,0.34612575,-0.088178132
1.900,1.900,1perp,12.746073,37.312851,0.3416001,-0.081132163
1.900,2.000,1perp,12.55917,38.023272,0.33030218,-0.073806999
1.900,2.100,1perp,12.132169,38.784367,0.3128108,-0.06642553
1.900,2.200,1perp,11.476207,39.578581,0.28996006,-0.059201307
1.900,2.300,1perp,10.614913,40.386749,0.26283159,-0.052318563
1.900,2.400,1perp,9.5853014,41.188441,0.23271824,-0.045918706
1.900,2.500,1perp,8.4367844,41.962661,0.20105456,-0.040094688
1.900,2.600,1perp,7.2279807,42.688933,0.16931744,-0.034892611
1.900,2.700,1perp,6.0215092,43.348706,0.13890862,-0.030318545
1.900,2.800,1perp,4.8775442,43.926877,0.11103781,-0.026348027
1.900,2.900,1perp,3.8473634,44.413125,0.086626721,-0.022936055
1.900,3.000,1perp,2.9682439,44.802762,0.06625136,-0.020026015
1.900,3.100,1perp,2.260755,45.096866,0.050131089,-0.017556784
1.900,3.200,1perp,1.7288394,45.301662,0.038162824,-0.015467817
1.900,3.300,1perp,1.3623401,45.427313,0.029989448,-0.013702406
1.900,3.400,1perp,1.141083,45.486389,0.025086251,-0.012209475
1.900,3.500,1perp,1.0394397,45.492345,0.022848674,-0.010944314
1.900,3.600,1perp,1.030445,45.458237,0.02266795,-0.009868608
1.900,3.700,1perp,1.0888926,45.395825,0.023986624,-0.0089500365
1.900,3.800,1perp,1.1932146,45.315057,0.026331526,-0.0081616554
1.900,3.900,1perp,1.3262499,45.223901,0.029326305,-0.0074811944
1.900,4.000,1perp,1.475177,45.128413,0.03268843,-0.0068903575
2.000,1.000,1perp,2.5485681,36.283691,0.070240045,-0.12524116
2.000,1.100,1perp,4.4737562,35.83112,0.12485672,-0.12442027
2.000,1.200,1perp,6.2109179,35.515501,0.17487907,-0.1230291
2.000,1.300,1perp,7.7533289,35.341402,0.21938374,-0.120954
2.000,1.400,1perp,9.09624,35.307907,0.25762615,-0.11809473
2.000,1.500,1perp,10.234609,35.410092,0.28903086,-0.11437697
2.000,1.600,1perp,11.162012,35.640181,0.31318617,-0.10976583
2.000,1.700,1perp,11.87047,35.98835,0.32984201,-0.10427791
2.000,1.800,1perp,12.35107,36.443225,0.33891265,-0.097988938
2.000,1.900,1perp,12.595313,36.992142,0.34048618,-0.091034198
2.000,2.000,1perp,12.597132,37.621197,0.33484134,-0.083600089
2.000,2.100,1perp,12.355446,38.315195,0.32246858,-0.075907216
2.000,2.200,1perp,11.876929,39.057538,0.304088,-0.068187843
2.000,2.300,1perp,11.178514,39.830167,0.28065446,-0.060662118
2.000,2.400,1perp,10.289048,40.61367,0.25333953,-0.053517786
2.000,2.500,1perp,9.249486,41.387654,0.22348418,-0.046896822
2.000,2.600,1perp,8.1112123,42.131478,0.19252143,-0.040890311
2.000,2.700,1perp,6.9324043,42.825354,0.16187617,-0.035540767
2.000,2.800,1perp,5.7728053,43.451731,0.13285559,-0.030849684
2.000,2.900,1perp,4.6877392,43.996727,0.10654745,-0.026787686
2.000,3.000,1perp,3.7225013,44.451344,0.083743278,-0.023304999
2.000,3.100,1perp,2.9082626,44.812146,0.06489898,-0.020340691
2.000,3.200,1perp,2.2602838,45.081235,0.050138018,-0.017829932
2.000,3.300,1perp,1.7786379,45.265511,0.039293445,-0.01570912
2.000,3.400,1perp,1.4510141,45.375414,0.031977981,-0.01391911
2.000,3.500,1perp,1.2567379,45.423405,0.02766719,-0.012406938
2.000,3.600,1perp,1.1710255,45.422525,0.025780723,-0.011126465
2.000,3.700,1perp,1.1686631,45.385212,0.025749865,-0.010038312
2.000,3.800,1perp,1.2266413,45.322511,0.027064724,-0.0091093848
2.000,3.900,1perp,1.3256314,45.243645,0.029299837,-0.0083121807
2.000,4.000,1perp,1.4504588,45.155917,0.032121124,-0.0076240338
2.100,1.000,1perp,-0.70170954,37.574806,-0.018675001,-0.13125905
2.100,1.100,1perp,1.7827072,36.894172,0.04831948,-0.13076907
2.100,1.200,1perp,3.9909461,36.361371,0.10975785,-0.12978244
2.100,1.300,1perp,5.928315,35.984731,0.16474529,-0.12818195
2.100,1.400,1perp,7.6043348,35.765021,0.21261933,-0.12585459
2.100,1.500,1perp,9.0282276,35.697666,0.25290806,-0.1227023
2.100,1.600,1perp,10.206534,35.774499,0.28530194,-0.11865491
2.100,1.700,1perp,11.142261,35.985002,0.30963624,-0.11368385
2.100,1.800,1perp,11.835147,36.317114,0.32588345,-0.1078142
2.100,1.900,1perp,12.282802,36.757665,0.33415622,-0.10113203
2.100,2.000,1perp,12.482595,37.292561,0.33472077,-0.093784132
2.100,2.100,1perp,12.434114,37.906782,0.32801819,-0.085968508
2.100,2.200,1perp,12.141965,38.584269,0.31468692,-0.077916407
2.100,2.300,1perp,11.618495,39.307794,0.29557738,-0.06986872
2.100,2.400,1perp,10.885959,40.058901,0.27174883,-0.062051509
2.100,2.500,1perp,9.9776012,40.818032,0.24444102,-0.054655445
2.100,2.600,1perp,8.9372071,41.564925,0.215018,-0.047822628
2.100,2.700,1perp,7.8169262,42.279375,0.18488746,-0.041641981
2.100,2.800,1perp,6.6734409,42.942337,0.1554047,-0.036152272
2.100,2.900,1perp,5.5629548,43.53726,0.12777457,-0.031350376
2.100,3.000,1perp,4.5357989,44.051443,0.10296596,-0.027202047
2.100,3.100,1perp,3.6316508,44.477107,0.081652135,-0.023652835
2.100,3.200,1perp,2.8763089,44.811929,0.064186233,-0.020637615
2.100,3.300,1perp,2.280632,45.058869,0.050614498,-0.018087981
2.100,3.400,1perp,1.8417194,45.225345,0.040723171,-0.015937405
2.100,3.500,1perp,1.5458636,45.321935,0.034108508,-0.014124422
2.100,3.600,1perp,1.3724416,45.360904,0.030256047,-0.012594279
2.100,3.700,1perp,1.2978427,45.354831,0.028615314,-0.01129949
2.100,3.800,1perp,1.2987202,45.315533,0.028659493,-0.010199681
2.100,3.900,1perp,1.3541964,45.253367,0.029924767,-0.0092610339
2.100,4.000,1perp,1.4469824,45.176886,0.032029264,-0.0084555287
2.200,1.000,1perp,-5.0837428,39.150551,-0.12985112,-0.13714029
2.200,1.100,1perp,-1.8073826,38.226984,-0.047280281,-0.13692017
2.200,1.200,1perp,1.0646985,37.454382,0.028426541,-0.13627853
2.200,1.300,1perp,3.5501671,36.849786,0.096341594,-0.13510082
2.200,1.400,1perp,5.677145,36.418615,0.1558858,-0.1332696
2.200,1.500,1perp,7.4748803,36.158171,0.20672728,-0.13067273
2.200,1.600,1perp,8.9686628,36.0605,0.24871155,-0.12721443
2.200,1.700,1perp,10.177684,36.114443,0.28181756,-0.12282863
2.200,1.800,1perp,11.114805,36.306985,0.30613408,-0.11749293
2.200,1.900,1perp,11.787574,36.624031,0.32185353,-0.11124062
2.200,2.000,1perp,12.200119,37.050797,0.32928088,-0.10416771
2.200,2.100,1perp,12.35568,37.571914,0.32885415,-0.096431902
2.200,2.200,1perp,12.259505,38.171368,0.32117017,-0.088242193
2.200,2.300,1perp,11.921786,38.83235,0.30700656,-0.079839778
2.200,2.400,1perp,11.360221,39.537106,0.28733063,-0.071473492
2.200,2.500,1perp,10.601747,40.26688,0.26328702,-0.063374687
2.200,2.600,1perp,9.683065,41.00206,0.23616045,-0.055736452
2.200,2.700,1perp,8.6496929,41.722599,0.20731433,-0.048700626
2.200,2.800,1perp,7.5534913,42.408794,0.17811144,-0.042353734
2.200,2.900,1perp,6.4488675,43.042369,0.14982604,-0.036730681
2.200,3.000,1perp,5.3881326,43.607767,0.12355901,-0.031823714
2.200,3.100,1perp,4.416735,44.093409,0.10016769,-0.027593776
2.200,3.200,1perp,3.56923,44.492633,0.080220697,-0.023981849
2.200,3.300,1perp,2.8667755,44.80409,0.063984683,-0.020918742
2.200,3.400,1perp,2.316636,45.031453,0.051444841,-0.018332609
2.200,3.500,1perp,1.9136915,45.182519,0.042354689,-0.016154117
2.200,3.600,1perp,1.643454,45.267898,0.036305066,-0.014319594
2.200,3.700,1perp,1.485784,45.299584,0.032799065,-0.012772593
2.200,3.800,1perp,1.4184743,45.289669,0.031320042,-0.011464355
2.200,3.900,1perp,1.4200838,45.249355,0.031383515,-0.010353575
2.200,4.000,1perp,1.4717442,45.18835,0.032569106,-0.0094057578
2.300,1.000,1perp,-11.020145,40.98601,-0.26887576,-0.14295028
2.300,1.100,1perp,-6.6527708,39.836248,-0.16700295,-0.1429361
2.300,1.200,1perp,-2.8508117,38.816913,-0.073442513,-0.14257282
2.300,1.300,1perp,0.40249331,37.965005,0.010601692,-0.14175316
2.300,1.400,1perp,3.1532908,37.297899,0.084543389,-0.14036194
2.300,1.500,1perp,5.4562763,36.81901,0.14819183,-0.13828164
2.300,1.600,1perp,7.3628223,36.522758,0.20159546,-0.13540099
2.300,1.700,1perp,8.9155213,36.398242,0.24494373,-0.13162647
2.300,1.800,1perp,10.14668,36.431662,0.27851269,-0.126896
2.300,1.900,1perp,11.079074,36.60778,0.30264262,-0.12119312
2.300,2.000,1perp,11.727997,36.910701,0.31773976,-0.11455901
2.300,2.100,1perp,12.104055,37.324207,0.32429503,-0.10709916
2.300,2.200,1perp,12.216357,37.831805,0.32291235,-0.098981658
2.300,2.300,1perp,12.075767,38.416611,0.31433711,-0.090425886
2.300,2.400,1perp,11.69785,39.061171,0.29947516,-0.081682338
2.300,2.500,1perp,11.105168,39.7473,0.27939428,-0.07300717
2.300,2.600,1perp,10.328563,40.456034,0.25530341,-0.064636467
2.300,2.700,1perp,9.4072164,41.167787,0.22850916,-0.05676528
2.300,2.800,1perp,8.3873649,41.862802,0.20035364,-0.04953487
2.300,2.900,1perp,7.3197433,42.521918,0.17214048,-0.043029167
2.300,3.000,1perp,6.2559802,43.127651,0.14505729,-0.037279137
2.300,3.100,1perp,5.244394,43.665413,0.12010408,-0.03227241
2.300,3.200,1perp,4.3258229,44.124677,0.098036364,-0.027965195
2.300,3.300,1perp,3.5302402,44.499796,0.079331604,-0.024294021
2.300,3.400,1perp,2.8748437,44.79027,0.064184558,-0.021185761
2.300,3.500,1perp,2.3640082,45.000354,0.052533103,-0.018565256
2.300,3.600,1perp,1.9910324,45.138103,0.044109794,-0.016360494
2.300,3.700,1perp,1.7411552,45.214073,0.038509142,-0.014505697
2.300,3.800,1perp,1.5950562,45.239939,0.035257701,-0.012942814
2.300,3.900,1perp,1.5320785,45.227287,0.033875092,-0.011621887
2.300,4.000,1perp,1.5326548,45.186726,0.033918252,-0.010500732
2.400,1.000,1perp,-18.938305,42.952369,-0.44091409,-0.1487599
2.400,1.100,1perp,-13.188552,41.670707,-0.31649455,-0.1488875
2.400,1.200,1perp,-8.134566,40.442234,-0.20114037,-0.14873292
2.400,1.300,1perp,-3.8185502,39.346298,-0.097049797,-0.14819917
2.400,1.400,1perp,-0.19932245,38.428376,-0.0051868559,-0.14717816
2.400,1.500,1perp,2.8002989,37.708175,0.074262382,-0.1455541
2.400,1.600,1perp,5.2637878,37.188265,0.14154432,-0.14320937
2.400,1.700,1perp,7.2658866,36.860924,0.19711623,-0.14003353
2.400,1.800,1perp,8.8669362,36.712822,0.24152151,-0.13593519
2.400,1.900,1perp,10.112347,36.7279,0.27533148,-0.13085606
2.400,2.000,1perp,11.034651,36.889,0.2991312,-0.12478534
2.400,2.100,1perp,11.656761,37.178656,0.31353369,-0.11777178
2.400,2.200,1perp,11.995718,37.579397,0.31920996,-0.10992989
2.400,2.300,1perp,12.06647,38.073742,0.31692367,-0.10143766
2.400,2.400,1perp,11.885354,38.644055,0.30755971,-0.092524255
2.400,2.500,1perp,11.47295,39.272336,0.2921382,-0.083448886
2.400,2.600,1perp,10.856045,39.940058,0.27180844,-0.074474458
2.400,2.700,1perp,10.068532,40.628129,0.2478217,-0.065841292
2.400,2.800,1perp,9.1511266,41.317064,0.22148541,-0.057746008
2.400,2.900,1perp,8.1499368,41.987446,0.19410413,-0.050329015
2.400,3.000,1perp,7.1139702,42.620698,0.16691351,-0.043671492
2.400,3.100,1perp,6.0918141,43.200125,0.14101381,-0.03780042
2.400,3.200,1perp,5.1278719,43.712074,0.11731019,-0.032698846
2.400,3.300,1perp,4.2587228,44.147002,0.096466863,-0.028318331
2.400,3.400,1perp,3.5102891,44.500176,0.07888259,-0.024591068
2.400,3.500,1perp,2.8964222,44.771826,0.064692967,-0.021440128
2.400,3.600,1perp,2.4192225,44.966672,0.053800346,-0.018787165
2.400,3.700,1perp,2.0709547,45.092933,0.04592637,-0.016557599
2.400,3.800,1perp,1.8370046,45.161038,0.040676758,-0.014683653
2.400,3.900,1perp,1.6991221,45.182308,0.037605916,-0.013105748
2.400,4.000,1perp,1.6382681,45.167822,0.03627069,-0.011772797
2.500,1.000,1perp,-28.930515,44.714628,-0.64700336,-0.15464395
2.500,1.100,1perp,-21.78155,43.549474,-0.50015644,-0.15485057
2.500,1.200,1perp,-15.219432,42.250387,-0.36021994,-0.15483477
2.500,1.300,1perp,-9.5080781,40.972194,-0.23206173,-0.15451153
2.500,1.400,1perp,-4.7022004,39.81879,-0.11808999,-0.15378311
2.500,1.500,1perp,-0.73911083,38.84787,-0.019025775,-0.15254059
2.500,1.600,1perp,2.4897432,38.083602,0.065375728,-0.15066745
2.500,1.700,1perp,5.0972667,37.528961,0.13582222,-0.14804587
2.500,1.800,1perp,7.1817738,37.17488,0.19318889,-0.14456609
2.500,1.900,1perp,8.8211657,37.006146,0.23837029,-0.14013864
2.500,2.000,1perp,10.073637,37.004842,0.27222482,-0.13470882
2.500,2.100,1perp,10.981216,37.152179,0.29557395,-0.12827122
2.500,2.200,1perp,11.574306,37.429341,0.30923084,-0.12088179
2.500,2.300,1perp,11.876319,37.817769,0.31404073,-0.11266365
2.500,2.400,1perp,11.907939,38.299128,0.31091932,-0.10380419
2.500,2.500,1perp,11.6907,38.855132,0.30087916,-0.094541851
2.500,2.600,1perp,11.249676,39.467327,0.2850377,-0.085143991
2.500,2.700,1perp,10.615146,40.116926,0.26460517,-0.075879757
2.500,2.800,1perp,9.8231844,40.78478,0.24085418,-0.066993263
2.500,2.900,1perp,8.9152114,41.451565,0.21507539,-0.058682354
2.500,3.000,1perp,7.9365497,42.098252,0.18852445,-0.051086356
2.500,3.100,1perp,6.9341015,42.706867,0.16236502,-0.044283582
2.500,3.200,1perp,5.9533326,43.261495,0.13761273,-0.038296998
2.500,3.300,1perp,5.0349119,43.749379,0.11508533,-0.03310512
2.500,3.400,1perp,4.2115342,44.161884,0.095365819,-0.028654958
2.500,3.500,1perp,3.5055664,44.495096,0.078785455,-0.02487449
2.500,3.600,1perp,2.9280664,44.749869,0.065431843,-0.021683109
2.500,3.700,1perp,2.4794068,44.931289,0.055182187,-0.018999409
2.500,3.800,1perp,2.1512925,45.047654,0.047755927,-0.016746353
2.500,3.900,1perp,1.9295977,45.109214,0.042776132,-0.014854254
2.500,4.000,1perp,1.7973115,45.126911,0.03982793,-0.01326209
2.600,1.000,1perp,-40.006486,45.634646,-0.87666915,-0.16068058
2.600,1.100,1perp,-32.277918,45.055677,-0.7164007,-0.16090552
2.600,1.200,1perp,-24.382385,44.007718,-0.55404793,-0.16095994
2.600,1.300,1perp,-17.082803,42.732902,-0.39975762,-0.16077149
2.600,1.400,1perp,-10.760129,41.432157,-0.25970477,-0.16025456
2.600,1.500,1perp,-5.4979236,40.239227,-0.13663095,-0.15931055
2.600,1.600,1perp,-1.2175899,39.227421,-0.031039254,-0.15782949
2.600,1.700,1perp,2.2191745,38.427384,0.057749821,-0.15569399
2.600,1.800,1perp,4.954016,37.843716,0.13090723,-0.15278586
2.600,1.900,1perp,7.1081893,37.466789,0.18971974,-0.14899577
2.600,2.000,1perp,8.7765434,37.280041,0.23542204,-0.144236
2.600,2.100,1perp,10.029583,37.264077,0.26914883,-0.13845516
2.600,2.200,1perp,10.918553,37.39875,0.29194967,-0.13165299
2.600,2.300,1perp,11.481205,37.664097,0.30483155,-0.12389225
2.600,2.400,1perp,11.74721,38.040624,0.30880697,-0.11530433
2.600,2.500,1perp,11.74276,38.509258,0.30493343,-0.10608554
2.600,2.600,1perp,11.494164,39.051161,0.29433603,-0.096483077
2.600,2.700,1perp,11.030349,39.647507,0.27821041,-0.086771983
2.600,2.800,1perp,10.384298,40.279319,0.25780718,-0.077227174
2.600,2.900,1perp,9.5934732,40.927456,0.23440189,-0.068096158
2.600,3.000,1perp,8.6993218,41.572808,0.2092551,-0.059577707
2.600,3.100,1perp,7.7459258,42.196763,0.18356682,-0.051809873
2.600,3.200,1perp,6.7778809,42.781963,0.15842847,-0.044868009
2.600,3.300,1perp,5.8375684,43.313256,0.13477556,-0.038771067
2.600,3.400,1perp,4.9621496,43.778732,0.11334612,-0.033493089
2.600,3.500,1perp,4.1808005,44.170597,0.094651211,-0.028976636
2.600,3.600,1perp,3.5127929,44.485661,0.078964611,-0.025145595
2.600,3.700,1perp,2.9668981,44.725311,0.066335999,-0.021915807
2.600,3.800,1perp,2.5422529,44.894906,0.056626757,-0.019202921
2.600,3.900,1perp,2.2304104,45.002759,0.049561637,-0.016927552
2.600,4.000,1perp,2.0179961,45.0589,0.044785739,-0.015018192
2.700,1.000,1perp,-49.395098,44.879781,-1.1006092,-0.16695125
2.700,1.100,1perp,-43.186863,45.479136,-0.94959725,-0.16713599
2.700,1.200,1perp,-35.190517,45.224618,-0.77812746,-0.16719417
2.700,1.300,1perp,-26.706758,44.343813,-0.60226571,-0.16706607
2.700,1.400,1perp,-18.761572,43.128808,-0.43501255,-0.16667906
2.700,1.500,1perp,-11.884676,41.829452,-0.28412219,-0.16594678
2.700,1.600,1perp,-6.2056235,40.613016,-0.15279888,-0.16476945
2.700,1.700,1perp,-1.6372165,39.571151,-0.041373992,-0.16303585
2.700,1.800,1perp,1.9854865,38.742724,0.051247984,-0.16062751
2.700,1.900,1perp,4.8311663,38.135061,0.12668568,-0.15742557
2.700,2.000,1perp,7.0428326,37.738694,0.18662099,-0.15332094
2.700,2.100,1perp,8.7314471,37.536209,0.23261398,-0.14822741
2.700,2.200,1perp,9.9793033,37.507073,0.26606457,-0.14209667
2.700,2.300,1perp,10.846581,37.630034,0.28824266,-0.13493331
2.700,2.400,1perp,11.378207,37.884162,0.30034205,-0.12680664
2.700,2.500,1perp,11.609893,38.24916,0.30353328,-0.11785589
2.700,2.600,1perp,11.572973,38.705327,0.29900207,-0.10828589
2.700,2.700,1perp,11.297965,39.233357,0.28796834,-0.098352163
2.700,2.800,1perp,10.816942,39.814126,0.27168603,-0.088336953
2.700,2.900,1perp,10.164836,40.428533,0.25142727,-0.078520532
2.700,3.000,1perp,9.379819,41.057496,0.2284557,-0.069153454
2.700,3.100,1perp,8.5028627,41.68216,0.20399285,-0.060435158
2.700,3.200,1perp,7.5765209,42.284358,0.17918023,-0.052502258
2.700,3.300,1perp,6.6430065,42.847344,0.15503893,-0.045427082
2.700,3.400,1perp,5.7417149,43.356711,0.13242967,-0.039224581
2.700,3.500,1perp,4.906538,43.801347,0.11201797,-0.033864394
2.700,3.600,1perp,4.1634841,44.174222,0.094251442,-0.029284738
2.700,3.700,1perp,3.5291646,44.472794,0.079355585,-0.025405531
2.700,3.800,1perp,3.0105365,44.698891,0.06735148,-0.022139183
2.700,3.900,1perp,2.605944,44.858076,0.058093085,-0.019398515
2.700,4.000,1perp,2.3071278,44.958619,0.051316696,-0.017101891
2.800,1.000,1perp,-53.595804,41.96033,-1.277297,-0.17354141
2.800,1.100,1perp,-51.325835,44.043388,-1.1653471,-0.17362916
2.800,1.200,1perp,-45.693538,45.152045,-1.0119927,-0.17362668
2.800,1.300,1perp,-37.656162,45.255175,-0.83208522,-0.17348653
2.800,1.400,1perp,-28.741965,44.576904,-0.64477258,-0.17314908
2.800,1.500,1perp,-20.24993,43.44985,-0.46605294,-0.17254109
2.800,1.600,1perp,-12.881529,42.171888,-0.30545298,-0.17157507
2.800,1.700,1perp,-6.8280255,40.945674,-0.16675817,-0.17014981
2.800,1.800,1perp,-2.0016424,39.883112,-0.050187717,-0.16815255
2.800,1.900,1perp,1.7851464,39.032679,0.045734662,-0.16546338
2.800,2.000,1perp,4.7257245,38.405363,0.12304856,-0.16196256
2.800,2.100,1perp,6.9833899,37.992485,0.18380977,-0.15754101
2.800,2.200,1perp,8.6843101,37.77621,0.22988834,-0.15211379
2.800,2.300,1perp,9.9220498,37.735176,0.26293901,-0.14563545
2.800,2.400,1perp,10.765423,37.847243,0.28444404,-0.13811519
2.800,2.500,1perp,11.266274,38.090669,0.29577517,-0.12962856
2.800,2.600,1perp,11.466008,38.444479,0.29824851,-0.12032228
2.800,2.700,1perp,11.40059,38.888432,0.29316148,-0.11040934
2.800,2.800,1perp,11.104098,39.402835,0.28180961,-0.10015315
2.800,2.900,1perp,10.611035,39.96833,0.26548608,-0.089842748
2.800,3.000,1perp,9.9576166,40.565748,0.24546858,-0.079763387
2.800,3.100,1perp,9.1821956,41.176113,0.22299812,-0.070168353
2.800,3.200,1perp,8.3249205,41.780854,0.19925204,-0.061257524
2.800,3.300,1perp,7.4266563,42.362266,0.17531301,-0.053165945
2.800,3.400,1perp,6.5272285,42.904212,0.15213491,-0.045962873
2.800,3.500,1perp,5.6631709,43.392999,0.13050886,-0.039659285
2.800,3.600,1perp,4.8653441,43.818264,0.11103462,-0.034220493
2.800,3.700,1perp,4.1569305,44.173676,0.094104247,-0.029580478
2.800,3.800,1perp,3.552301,44.457259,0.079903733,-0.025655307
2.800,3.900,1perp,3.0570418,44.671211,0.068434271,-0.022354083
2.800,4.000,1perp,2.669094,44.821232,0.059549768,-0.019586903
2.900,1.000,1perp,-51.439795,37.291425,-1.3794001,-0.18054144
2.900,1.100,1perp,-53.624067,40.513895,-1.3235969,-0.18047642
2.900,1.200,1perp,-52.512956,43.116418,-1.2179341,-0.18035043
2.900,1.300,1perp,-47.59479,44.710239,-1.0645166,-0.18012775
2.900,1.400,1perp,-39.69315,45.180522,-0.87854564,-0.17976139
2.900,1.500,1perp,-30.49224,44.726276,-0.68175226,-0.17919138
2.900,1.600,1perp,-21.55094,43.707817,-0.49306833,-0.1783434
2.900,1.700,1perp,-13.754868,42.467161,-0.32389423,-0.17712848
2.900,1.800,1perp,-7.3698123,41.242507,-0.17869458,-0.17544362
2.900,1.900,1perp,-2.3153055,40.167112,-0.057641822,-0.17317413
2.900,2.000,1perp,1.6143299,39.300072,0.041077022,-0.1701984
2.900,2.100,1perp,4.6346019,38.656781,0.11989105,-0.16639556
2.900,2.200,1perp,6.9275573,38.229871,0.18120797,-0.16165628
2.900,2.300,1perp,8.6336753,38.001457,0.22719327,-0.15589672
2.900,2.400,1perp,9.8572769,37.949607,0.25974649,-0.14907407
2.900,2.500,1perp,10.67545,38.051477,0.28055284,-0.14120189
2.900,2.600,1perp,11.146581,38.284655,0.29115009,-0.1323617
2.900,2.700,1perp,11.317276,38.627588,0.29298428,-0.12270744
2.900,2.800,1perp,11.227519,39.059581,0.28744596,-0.11245986
2.900,2.900,1perp,10.914267,39.56062,0.27588716,-0.10188988
2.900,3.000,1perp,10.4138,40.111169,0.25962345,-0.091292979
2.900,3.100,1perp,9.7630723,40.692041,0.23992584,-0.080959038
2.900,3.200,1perp,9.0002317,41.284404,0.21800561,-0.071143797
2.900,3.300,1perp,8.1643828,41.869997,0.19499363,-0.062047375
2.900,3.400,1perp,7.2946184,42.431582,0.17191484,-0.053803139
2.900,3.500,1perp,6.4284065,42.953623,0.14965924,-0.046477249
2.900,3.600,1perp,5.5995532,43.42311,0.1289533,-0.04007674
2.900,3.700,1perp,4.8361287,43.830377,0.11033738,-0.034562681
2.900,3.800,1perp,4.1588325,44.169729,0.094155716,-0.029864929
2.900,3.900,1perp,3.5802048,44.439688,0.08056323,-0.025895815
2.900,4.000,1perp,3.1048698,44.642752,0.069549248,-0.022561248
3.000,1.000,1perp,-45.066173,31.933695,-1.411242,-0.18804803
3.000,1.100,1perp,-49.988703,35.55625,-1.4059048,-0.1877745
3.000,1.200,1perp,-53.189303,39.127904,-1.3593701,-0.18746288
3.000,1.300,1perp,-53.136186,42.165333,-1.2601866,-0.18708853
3.000,1.400,1perp,-48.980723,44.200968,-1.1081369,-0.18661659
3.000,1.500,1perp,-41.338952,45.030325,-0.91802472,-0.18599997
3.000,1.600,1perp,-31.973656,44.809833,-0.71354105,-0.1851777
3.000,1.700,1perp,-22.673924,43.91378,-0.51632821,-0.18407403
3.000,1.800,1perp,-14.511828,42.722462,-0.33967677,-0.18259808
3.000,1.900,1perp,-7.8369369,41.508412,-0.18880358,-0.18064459
3.000,2.000,1perp,-2.5831623,40.426625,-0.06389755,-0.17809664
3.000,2.100,1perp,1.4690071,39.547455,0.037145427,-0.17483062
3.000,2.200,1perp,4.5546574,38.891254,0.11711264,-0.17072425
3.000,2.300,1perp,6.8731035,38.452388,0.17874321,-0.1656678
3.000,2.400,1perp,8.5782795,38.213221,0.2244846,-0.15957827
3.000,2.500,1perp,9.7847154,38.151467,0.25647023,-0.15241537
3.000,2.600,1perp,10.577309,38.243738,0.27657623,-0.14419678
3.000,2.700,1perp,11.020475,38.467067,0.28649117,-0.13500977
3.000,2.800,1perp,11.165419,38.799413,0.28777289,-0.12501519
3.000,2.900,1perp,11.055479,39.219698,0.28188588,-0.11444123
3.000,3.000,1perp,10.729845,39.707649,0.27022111,-0.10356599
3.000,3.100,1perp,10.226019,40.243604,0.25410297,-0.092691026
3.000,3.200,1perp,9.5812829,40.808395,0.23478706,-0.082110544
3.000,3.300,1perp,8.8333147,41.383365,0.21345086,-0.07208249
3.000,3.400,1perp,8.0200355,41.950582,0.19117817,-0.062807056
3.000,3.500,1perp,7.1787238,42.49328,0.16893786,-0.05441584
3.000,3.600,1perp,6.3445352,42.996507,0.14755932,-0.046971888
3.000,3.700,1perp,5.5486914,43.447902,0.12770907,-0.040478342
3.000,3.800,1perp,4.8167252,43.83845,0.10987444,-0.034892115
3.000,3.900,1perp,4.1672027,44.163032,0.094359525,-0.030139044
3.000,4.000,1perp,3.6112298,44.420601,0.081296283,-0.026127842
3.100,1.000,1perp,-37.44345,26.817452,-1.3962344,-0.19616579
3.100,1.100,1perp,-43.057047,30.23841,-1.423919,-0.19562691
3.100,1.200,1perp,-48.502908,34.014493,-1.4259483,-0.1950672
3.100,1.300,1perp,-52.48862,37.843139,-1.3870049,-0.19447244
3.100,1.400,1perp,-53.350668,41.23451,-1.2938354,-0.19381933
3.100,1.500,1perp,-49.944824,43.660457,-1.1439373,-0.19307312
3.100,1.600,1perp,-42.640521,44.829366,-0.95117386,-0.1921858
3.100,1.700,1perp,-33.209373,44.843272,-0.74056534,-0.19109505
3.100,1.800,1perp,-23.632066,44.077651,-0.53614621,-0.18972316
3.100,1.900,1perp,-15.161351,42.94425,-0.35304728,-0.18797679
3.100,2.000,1perp,-8.2361418,41.747776,-0.19728336,-0.18574807
3.100,2.100,1perp,-2.810509,40.664741,-0.06911415,-0.18291747
3.100,2.200,1perp,1.3450188,39.777086,0.033813909,-0.17935913
3.100,2.300,1perp,4.482773,39.110503,0.11461814,-0.17494914
3.100,2.400,1perp,6.8179677,38.661403,0.17635076,-0.16957716
3.100,2.500,1perp,8.517145,38.412639,0.22172767,-0.16316093
3.100,2.600,1perp,9.7044165,38.341751,0.25310312,-0.15566243
3.100,2.700,1perp,10.471901,38.424935,0.27252878,-0.14710335
3.100,2.800,1perp,10.889409,38.638767,0.281826,-0.13757646
3.100,2.900,1perp,11.012077,38.960799,0.28264505,-0.12724926
3.100,3.000,1perp,10.885944,39.369632,0.2765061,-0.11635709
3.100,3.100,1perp,10.551866,39.844784,0.26482427,-0.10518492
3.100,3.200,1perp,10.048135,40.366511,0.24892256,-0.094040046
3.100,3.300,1perp,9.4120637,40.9157,0.2300355,-0.083220737
3.100,3.400,1perp,8.6806815,41.473894,0.20930471,-0.072986919
3.100,3.500,1perp,7.8906314,42.023501,0.18776711,-0.063538708
3.100,3.600,1perp,7.0773535,42.548224,0.16633722,-0.055005859
3.100,3.700,1perp,6.2737489,43.033679,0.14578695,-0.047448305
3.100,3.800,1perp,5.5086155,43.468122,0.12672771,-0.040865347
3.100,3.900,1perp,4.8052212,43.843139,0.1096003,-0.035209826
3.100,4.000,1perp,4.1803533,44.154131,0.094676382,-0.030403669
3.200,1.000,1perp,-30.390871,22.392425,-1.3571943,-0.20500909
3.200,1.100,1perp,-35.523929,25.338339,-1.4019833,-0.20414577
3.200,1.200,1perp,-41.290609,28.792646,-1.4340679,-0.20327387
3.200,1.300,1perp,-47.078766,32.662596,-1.4413663,-0.20238917
3.200,1.400,1perp,-51.652364,36.676335,-1.4083295,-0.20147933
3.200,1.500,1perp,-53.279113,40.350728,-1.3204003,-0.20052136
3.200,1.600,1perp,-50.573244,43.114666,-1.172994,-0.19947963
3.200,1.700,1perp,-43.647122,44.597285,-0.97869458,-0.19830484
3.200,1.800,1perp,-34.225771,44.839771,-0.76329049,-0.19693271
3.200,1.900,1perp,-24.440549,44.207983,-0.55285375,-0.1952829
3.200,2.000,1perp,-15.713377,43.138166,-0.36425695,-0.19325921
3.200,2.100,1perp,-8.5746354,41.964436,-0.20433101,-0.19075078
3.200,2.200,1perp,-3.0028505,40.884165,-0.073447764,-0.18763515
3.200,2.300,1perp,1.2381724,39.990946,0.030961318,-0.18378392
3.200,2.400,1perp,4.4159681,39.316038,0.11231976,-0.17907139
3.200,2.500,1perp,6.7603724,38.858123,0.17397578,-0.17338644
3.200,2.600,1perp,8.4496497,38.600727,0.21889872,-0.16664742
3.200,2.700,1perp,9.6167576,38.521353,0.24964745,-0.15881847
3.200,2.800,1perp,10.360326,38.595891,0.26843081,-0.1499251
3.200,2.900,1perp,10.754855,38.800544,0.27718309,-0.14006539
3.200,3.000,1perp,10.85873,39.112522,0.27762797,-0.12941325
3.200,3.100,1perp,10.720107,39.510161,0.27132531,-0.11821091
3.200,3.200,1perp,10.38105,39.972813,0.25970276,-0.10674989
3.200,3.300,1perp,9.8803182,40.480692,0.24407484,-0.095342984
3.200,3.400,1perp,9.2550467,41.014768,0.22565157,-0.084292239
3.200,3.500,1perp,8.5414873,41.556801,0.20553765,-0.07385937
3.200,3.600,1perp,7.7749304,42.089549,0.18472354,-0.064244284
3.200,3.700,1perp,6.9889663,42.597179,0.16407111,-0.055574843
3.200,3.800,1perp,6.2143178,43.065855,0.14429802,-0.047907869
3.200,3.900,1perp,5.4775469,43.484414,0.12596575,-0.041238879
3.200,4.000,1perp,4.7999484,43.845,0.10947539,-0.035516735
3.300,1.000,1perp,-24.534027,18.745009,-1.3088299,-0.21470413
3.300,1.100,1perp,-28.80714,21.172114,-1.3606171,-0.2134537
3.300,1.200,1perp,-33.929286,24.102243,-1.4077232,-0.21220262
3.300,1.300,1perp,-39.758677,27.562038,-1.4425158,-0.21095622
3.300,1.400,1perp,-45.758562,31.484981,-1.4533457,-0.20971281
3.300,1.500,1perp,-50.761961,35.629715,-1.4247086,-0.20846059
3.300,1.600,1perp,-53.013423,39.528046,-1.3411597,-0.20717557
3.300,1.700,1perp,-50.939918,42.581079,-1.1963041,-0.20582093
3.300,1.800,1perp,-44.405701,44.349003,-1.0012784,-0.20434541
3.300,1.900,1perp,-35.049746,44.810009,-0.78218565,-0.20268194
3.300,2.000,1perp,-25.115276,44.311955,-0.56678329,-0.20074712
3.300,2.100,1perp,-16.178296,43.309018,-0.37355489,-0.19844146
3.300,2.200,1perp,-8.8598729,42.161684,-0.21014039,-0.19565068
3.300,2.300,1perp,-3.1657747,41.087231,-0.077050087,-0.19224913
3.300,2.400,1perp,1.1443735,40.190753,0.028473552,-0.18810569
3.300,2.500,1perp,4.3515331,39.509182,0.11013979,-0.18309267
3.300,2.600,1perp,6.6989204,39.043617,0.1715753,-0.17709807
3.300,2.700,1perp,8.3755585,38.77839,0.21598521,-0.1700407
3.300,2.800,1perp,9.5224037,38.691079,0.24611368,-0.16188679
3.300,2.900,1perp,10.243804,38.757355,0.26430607,-0.1526655
3.300,3.000,1perp,10.618216,38.953119,0.27258962,-0.14248006
3.300,3.100,1perp,10.70665,39.255294,0.2727441,-0.1315106
3.300,3.200,1perp,10.558886,39.641998,0.26635606,-0.12000596
3.300,3.300,1perp,10.21785,40.092459,0.25485715,-0.10826395
3.300,3.400,1perp,9.7225358,40.586878,0.23954875,-0.096602585
3.300,3.500,1perp,9.1097472,41.106333,0.2216142,-0.085327475
3.300,3.600,1perp,8.41485,41.632816,0.20212061,-0.074701942
3.300,3.700,1perp,7.6717197,42.149439,0.18201238,-0.064925573
3.300,3.800,1perp,6.9121013,42.640824,0.16210056,-0.056124288
3.300,3.900,1perp,6.1646448,43.093661,0.14305224,-0.048351817
3.300,4.000,1perp,5.4538942,43.497336,0.12538456,-0.041599953
3.400,1.000,1perp,-19.885812,15.797127,-1.2588246,-0.22539128
3.400,1.100,1perp,-23.307785,17.761517,-1.3122632,-0.22368616
3.400,1.200,1perp,-27.525591,20.16099,-1.3652897,-0.22198451
3.400,1.300,1perp,-32.602068,23.064879,-1.413494,-0.22030099
3.400,1.400,1perp,-38.435515,26.513226,-1.4496733,-0.21864435
3.400,1.500,1perp,-44.555031,30.461705,-1.4626572,-0.21701358
3.400,1.600,1perp,-49.865754,34.697474,-1.4371581,-0.21539566
3.400,1.700,1perp,-52.619962,38.772045,-1.3571624,-0.21376554
3.400,1.800,1perp,-51.105375,42.070683,-1.2147503,-0.21208437
3.400,1.900,1perp,-44.958448,44.095402,-1.0195722,-0.21029791
3.400,2.000,1perp,-35.70709,44.762396,-0.79770281,-0.20833586
3.400,2.100,1perp,-25.672056,44.395454,-0.57825867,-0.20611131
3.400,2.200,1perp,-16.566612,43.460832,-0.38118488,-0.20352094
3.400,2.300,1perp,-9.0993898,42.342315,-0.21490062,-0.20044676
3.400,2.400,1perp,-3.3047984,41.275934,-0.080065987,-0.19675972
3.400,2.500,1perp,1.0597849,40.377992,0.026246597,-0.19232575
3.400,2.600,1perp,4.287156,39.691088,0.10801306,-0.18701507
3.400,2.700,1perp,6.6326548,39.218826,0.16911916,-0.1807147
3.400,2.800,1perp,8.2950076,38.946436,0.21298502,-0.17334385
3.400,2.900,1perp,9.4222354,38.851657,0.24251824,-0.16487069
3.400,3.000,1perp,10.12358,38.910009,0.26017933,-0.15532797
3.400,3.100,1perp,10.480761,39.097151,0.26806968,-0.14482391
3.400,3.200,1perp,10.556877,39.389767,0.26801064,-0.13354462
3.400,3.300,1perp,10.40295,39.765799,0.26160546,-0.12174534
3.400,3.400,1perp,10.06251,40.204385,0.25028391,-0.10972994
3.400,3.500,1perp,9.5746158,40.685737,0.23533101,-0.097821404
3.400,3.600,1perp,8.9756101,41.191063,0.21790188,-0.08632869
3.400,3.700,1perp,8.2998749,41.702598,0.19902537,-0.075516566
3.400,3.800,1perp,7.57982,42.203806,0.17960039,-0.065584207
3.400,3.900,1perp,6.8453777,42.679758,0.16038933,-0.056655554
3.400,4.000,1perp,6.1232657,43.117645,0.14201299,-0.048781269
3.500,1.000,1perp,-16.25419,13.426056,-1.2106451,-0.23722768
3.500,1.100,1perp,-18.960488,15.009559,-1.2632275,-0.2349939
3.500,1.200,1perp,-22.329116,16.948633,-1.3174583,-0.23276443
3.500,1.300,1perp,-26.480192,19.317084,-1.3708173,-0.23056304
3.500,1.400,1perp,-31.490783,22.189527,-1.4191732,-0.22840905
3.500,1.500,1perp,-37.290906,25.616546,-1.4557351,-0.22631197
3.500,1.600,1perp,-43.465813,29.572277,-1.4698163,-0.2242692
3.500,1.700,1perp,-48.990849,33.869978,-1.4464388,-0.2222668
3.500,1.800,1perp,-52.145382,38.083029,-1.3692551,-0.22027756
3.500,1.900,1perp,-51.11762,41.589719,-1.2290927,-0.21825941
3.500,2.000,1perp,-45.34193,43.844119,-1.0341622,-0.21615469
3.500,2.100,1perp,-36.22165,44.703395,-0.8102662,-0.21388933
3.500,2.200,1perp,-26.126183,44.463212,-0.587591,-0.21137229
3.500,2.300,1perp,-16.888734,43.596927,-0.3873836,-0.20849613
3.500,2.400,1perp,-9.3006226,42.508667,-0.21879356,-0.20513889
3.500,2.500,1perp,-3.4251826,41.451969,-0.082630154,-0.20116784
3.500,2.600,1perp,0.98098215,40.553938,0.024189566,-0.19644586
3.500,2.700,1perp,4.2210144,39.862764,0.10588865,-0.19084099
3.500,2.800,1perp,6.5610705,39.384584,0.16658981,-0.18423918
3.500,2.900,1perp,8.208446,39.105591,0.20990467,-0.17655999
3.500,3.000,1perp,9.3172572,39.003744,0.2388811,-0.16777349
3.500,3.100,1perp,10.000845,39.054475,0.25607424,-0.15791587
3.500,3.200,1perp,10.343584,39.233244,0.26364335,-0.1471002
3.500,3.300,1perp,10.410229,39.516542,0.26343977,-0.13551843
3.500,3.400,1perp,10.252759,39.882167,0.25707629,-0.12343198
3.500,3.500,1perp,9.9151209,40.309196,0.24597665,-0.11115053
3.500,3.600,1perp,9.4362921,40.777878,0.23140714,-0.099001818
3.500,3.700,1perp,8.8520375,41.269563,0.21449313,-0.087297958
3.500,3.800,1perp,8.1956643,41.766737,0.19622467,-0.076305021
3.500,3.900,1perp,7.4980889,42.253219,0.17745604,-0.066221681
3.500,4.000,1perp,6.7874985,42.71451,0.15890381,-0.057169882
3.600,1.000,1perp,-13.420742,11.514093,-1.1655927,-0.25039009
3.600,1.100,1perp,-15.561465,12.794194,-1.2162912,-0.24754573
3.600,1.200,1perp,-18.228444,14.358321,-1.2695388,-0.2447037
3.600,1.300,1perp,-21.539874,16.270902,-1.3238279,-0.2418967
3.600,1.400,1perp,-25.618746,18.607443,-1.376801,-0.23915498
3.600,1.500,1perp,-30.552411,21.446411,-1.4245932,-0.23649861
3.600,1.600,1perp,-36.295723,24.846543,-1.4607957,-0.23393491
3.600,1.700,1perp,-42.481718,28.797613,-1.4751819,-0.2314605
3.600,1.800,1perp,-48.151158,33.136269,-1.4531255,-0.22905917
3.600,1.900,1perp,-51.621741,37.458182,-1.3781165,-0.2267001
3.600,2.000,1perp,-51.013973,41.141123,-1.2399752,-0.22433758
3.600,2.100,1perp,-45.587158,43.600282,-1.0455703,-0.22190995
3.600,2.200,1perp,-36.615072,44.637842,-0.82026976,-0.21933863
3.600,2.300,1perp,-26.492235,44.518968,-0.59507747,-0.2165281
3.600,2.400,1perp,-17.154783,43.720012,-0.39237829,-0.2133665
3.600,2.500,1perp,-9.4707024,42.662689,-0.22199028,-0.20972763
3.600,2.600,1perp,-3.5317482,41.616771,-0.084863581,-0.20547494
3.600,2.700,1perp,0.90508101,40.719689,0.02222711,-0.20046815
3.600,2.800,1perp,4.1518182,40.025087,0.1037304,-0.19457304
3.600,2.900,1perp,6.4840743,39.541628,0.16398096,-0.18767448
3.600,3.000,1perp,8.1165472,39.256503,0.20675675,-0.17969231
3.600,3.100,1perp,9.2085062,39.147939,0.23522327,-0.17059842
3.600,3.200,1perp,9.8766777,39.19132,0.25201186,-0.16043242
3.600,3.300,1perp,10.20759,39.361953,0.25932631,-0.14931209
3.600,3.400,1perp,10.267328,39.636169,0.25903936,-0.13743503
3.600,3.500,1perp,10.108616,39.991654,0.25276815,-0.12506864
3.600,3.600,1perp,9.7756627,40.407447,0.24192725,-0.11252821
3.600,3.700,1perp,9.3072346,40.863854,0.22776203,-0.10014604
3.600,3.800,1perp,8.7384015,41.34238,0.21136668,-0.088237198
3.600,3.900,1perp,8.1013224,41.825767,0.19369214,-0.07706894
3.600,4.000,1perp,7.4254246,42.298183,0.17554949,-0.066839366
3.700,1.000,1perp,-11.198139,9.9631828,-1.123952,-0.26507817
3.700,1.100,1perp,-12.902074,11.004317,-1.1724556,-0.2615317
3.700,1.200,1perp,-15.017464,12.270811,-1.2238363,-0.25798316
3.700,1.300,1perp,-17.642944,13.814779,-1.2771065,-0.25447395
3.700,1.400,1perp,-20.8959,15.701095,-1.3308563,-0.25104598
3.700,1.500,1perp,-24.900742,18.006266,-1.3828931,-0.24773013
3.700,1.600,1perp,-29.75194,20.811391,-1.4295988,-0.2445433
3.700,1.700,1perp,-35.424299,24.181931,-1.4649078,-0.24149236
3.700,1.800,1perp,-41.591103,28.120822,-1.4790145,-0.23857144
3.700,1.900,1perp,-47.352496,32.485341,-1.4576574,-0.23576016
3.700,2.000,1perp,-51.070664,36.893039,-1.38429,-0.23302383
3.700,2.100,1perp,-50.823153,40.72564,-1.24794,-0.23031243
3.700,2.200,1perp,-45.720208,43.367125,-1.0542596,-0.22755939
3.700,2.300,1perp,-36.906875,44.569271,-0.82807893,-0.2246813
3.700,2.400,1perp,-26.783947,44.565639,-0.60099995,-0.22157779
3.700,2.500,1perp,-17.374388,43.832272,-0.39638346,-0.21813229
3.700,2.600,1perp,-9.6162488,42.805992,-0.22464726,-0.21421414
3.700,2.700,1perp,-3.6287126,41.771552,-0.086870429,-0.20968289
3.700,2.800,1perp,0.82981523,40.87619,0.020300699,-0.20439502
3.700,2.900,1perp,4.0787926,40.178828,0.10151597,-0.19821401
3.700,3.000,1perp,6.4019034,39.690616,0.16129514,-0.1910236
3.700,3.100,1perp,8.0201111,39.399759,0.20355736,-0.18274393
3.700,3.200,1perp,9.0969773,39.284785,0.2315649,-0.17334869
3.700,3.300,1perp,9.7520122,39.321066,0.24800986,-0.16288077
3.700,3.400,1perp,10.07351,39.483789,0.25513026,-0.15146258
3.700,3.500,1perp,10.12864,39.749157,0.25481395,-0.13929723
3.700,3.600,1perp,9.9707068,40.094768,0.2486785,-0.12665791
3.700,3.700,1perp,9.6440397,40.499648,0.23812651,-0.11386533
3.700,3.800,1perp,9.1870646,40.944172,0.22438028,-0.10125612
3.700,3.900,1perp,8.6340497,41.41001,0.20850151,-0.089148187
3.700,4.000,1perp,8.0159589,41.880167,0.19140227,-0.07780983
3.800,1.000,1perp,-9.4400627,8.6959553,-1.0855694,-0.28151811
3.800,1.100,1perp,-10.808495,9.5490461,-1.1318927,-0.2771665
3.800,1.200,1perp,-12.497969,10.581165,-1.1811525,-0.27280646
3.800,1.300,1perp,-14.585745,11.833104,-1.2326221,-0.26848757
3.800,1.400,1perp,-17.168997,13.357151,-1.2853787,-0.26426465
3.800,1.500,1perp,-20.363792,15.218189,-1.3381219,-0.26017989
3.800,1.600,1perp,-24.294671,17.493056,-1.388818,-0.25625954
3.800,1.700,1perp,-29.061532,20.265082,-1.4340693,-0.25252056
3.800,1.800,1perp,-34.654972,23.605178,-1.4681089,-0.24896703
3.800,1.900,1perp,-40.781883,27.527249,-1.4815096,-0.2455882
3.800,2.000,1perp,-46.595936,31.906854,-1.4603739,-0.24235951
3.800,2.100,1perp,-50.506564,36.382444,-1.3882125,-0.23924161
3.800,2.200,1perp,-50.567268,40.342593,-1.2534461,-0.23617907
3.800,2.300,1perp,-45.763061,43.146499,-1.0606437,-0.23310008
3.800,2.400,1perp,-37.114601,44.500198,-0.83403227,-0.229916
3.800,2.500,1perp,-27.014087,44.605466,-0.6056228,-0.22652128
3.800,2.600,1perp,-17.556482,43.93546,-0.39959709,-0.22279436
3.800,2.700,1perp,-9.7431764,42.939909,-0.22690259,-0.21860006
3.800,2.800,1perp,-3.7195735,41.917337,-0.08873592,-0.21379389
3.800,2.900,1perp,0.75354761,41.024256,0.018368343,-0.20822906
3.800,3.000,1perp,4.0016092,40.324661,0.099234789,-0.20176675
3.800,3.100,1perp,6.3150256,39.832134,0.15854098,-0.19428958
3.800,3.200,1perp,7.9199755,39.535889,0.2003237,-0.18571797
3.800,3.300,1perp,8.9835727,39.414777,0.22792398,-0.17602737
3.800,3.400,1perp,9.6276335,39.44419,0.24408242,-0.16526392
3.800,3.500,1perp,9.9419241,39.599222,0.25106362,-0.15355454
3.800,3.600,1perp,9.9945117,39.855973,0.25076572,-0.1411077
3.800,3.700,1perp,9.839131,40.191977,0.24480336,-0.12820224
3.800,3.800,1perp,9.5200948,40.586263,0.23456446,-0.11516406
3.800,3.900,1perp,9.0753606,41.01929,0.22124616,-0.10233398
3.800,4.000,1perp,8.5383087,41.472903,0.2058768,-0.090032568
3.900,1.000,1perp,-8.0362134,7.6525989,-1.0501286,-0.29996678
3.900,1.100,1perp,-9.1461847,8.3571083,-1.0944198,-0.29469344
3.900,1.200,1perp,-10.507844,9.2045623,-1.1415909,-0.28940384
3.900,1.300,1perp,-12.180128,10.226444,-1.1910424,-0.2841548
3.900,1.400,1perp,-14.239164,11.463816,-1.2420963,-0.2790158
3.900,1.500,1perp,-16.780373,12.968715,-1.2939117,-0.27404123
3.900,1.600,1perp,-19.917904,14.805548,-1.3453,-0.26926645
3.900,1.700,1perp,-23.776321,17.051621,-1.3943731,-0.26471867
3.900,1.800,1perp,-28.459291,19.791973,-1.4379209,-0.26041172
3.900,1.900,1perp,-33.96962,23.101796,-1.470432,-0.25634375
3.900,2.000,1perp,-40.042626,27.004393,-1.482819,-0.25249951
3.900,2.100,1perp,-45.879996,31.391494,-1.4615423,-0.24884936
3.900,2.200,1perp,-49.938997,35.921074,-1.3902423,-0.24534793
3.900,2.300,1perp,-50.263546,39.990442,-1.256889,-0.24193406
3.900,2.400,1perp,-45.734367,42.939277,-1.065094,-0.23853031
3.900,2.500,1perp,-37.253955,44.432351,-0.83844212,-0.23504234
3.900,2.600,1perp,-27.194329,44.640148,-0.60918993,-0.23135915
3.900,2.700,1perp,-17.709107,44.030977,-0.40219654,-0.2273541
3.900,2.800,1perp,-9.8565428,43.065539,-0.22887308,-0.22288736
3.900,2.900,1perp,-3.807067,42.054995,-0.090525917,-0.21781034
3.900,3.000,1perp,0.67521724,41.164594,0.016402864,-0.21197299
3.900,3.100,1perp,3.920286,40.463186,0.096885252,-0.20523417
3.900,3.200,1perp,6.2240369,39.966707,0.15573054,-0.19747544
3.900,3.300,1perp,7.8169471,39.665372,0.19707233,-0.18861746
3.900,3.400,1perp,8.8690806,39.53837,0.22431579,-0.17863745
3.900,3.500,1perp,9.5041934,39.561132,0.24024069,-0.16758475
3.900,3.600,1perp,9.8132997,39.708685,0.24713233,-0.15559069
3.900,3.700,1perp,9.8652025,39.957048,0.24689518,-0.14286898
3.900,3.800,1perp,9.713923,40.28371,0.24113775,-0.1297039
3.900,3.900,1perp,9.4036177,40.667718,0.23123052,-0.11642643
3.900,4.000,1perp,8.9716608,41.089629,0.21834368,-0.10338139
4.000,1.000,1perp,-6.9043738,6.7871167,-1.0172764,-0.32071642
4.000,1.100,1perp,-7.8138573,7.3734654,-1.0597266,-0.31438885
4.000,1.200,1perp,-8.9222475,8.0747401,-1.1049579,-0.3080364
4.000,1.300,1perp,-10.274013,8.915082,-1.1524306,-0.30172127
4.000,1.400,1perp,-11.927526,9.9264797,-1.2015867,-0.29553023
4.000,1.500,1perp,-13.957414,11.149735,-1.2518158,-0.28953107
4.000,1.600,1perp,-16.45691,12.636165,-1.3023659,-0.283768
4.000,1.700,1perp,-19.538811,14.450121,-1.3521555,-0.27827892
4.000,1.800,1perp,-23.327152,16.669176,-1.3994184,-0.27308746
4.000,1.900,1perp,-27.927771,19.379483,-1.4410999,-0.26820006
4.000,2.000,1perp,-33.35327,22.659878,-1.4719086,-0.2636101
4.000,2.100,1perp,-39.36312,26.541745,-1.4830645,-0.25929675
4.000,2.200,1perp,-45.20195,30.931005,-1.46138,-0.25522353
4.000,2.300,1perp,-49.374421,35.503762,-1.3906814,-0.2513388
4.000,2.400,1perp,-49.925702,39.667185,-1.2586147,-0.2475753
4.000,2.500,1perp,-45.65006,42.745652,-1.0679463,-0.24384934
4.000,2.600,1perp,-37.338892,44.366864,-0.84159413,-0.24006063
4.000,2.700,1perp,-27.335103,44.670961,-0.61192109,-0.23609258
4.000,2.800,1perp,-17.839236,44.119939,-0.404335,-0.23181334
4.000,2.900,1perp,-9.9604774,43.183794,-0.23065314,-0.2270783
4.000,3.000,1perp,-3.8932014,42.185267,-0.092288176,-0.22173483
4.000,3.100,1perp,0.59424352,41.297822,0.014389222,-0.2156296
4.000,3.200,1perp,3.8350752,40.594934,0.094471768,-0.20861921
4.000,3.300,1perp,6.1295756,40.094809,0.15287704,-0.20058414
4.000,3.400,1perp,7.7117612,39.788648,0.19381813,-0.19144535
4.000,3.500,1perp,8.7541763,39.65598,0.22075299,-0.18118182
4.000,3.600,1perp,9.3822357,39.672297,0.23649338,-0.16984602
4.000,3.700,1perp,9.6880161,39.812577,0.24334059,-0.15757362
4.000,3.800,1perp,9.7409037,40.052777,0.24320171,-0.14458343
4.000,3.900,1perp,9.5950581,40.37036,0.23767582,-0.13116506
4.000,4.000,1perp,9.2943458,40.744403,0.22811344,-0.11765436
4.100,1.000,1perp,-5.9832567,6.0640545,-0.98667594,-0.34409993
4.100,1.100,1perp,-6.7358744,6.5557364,-1.0274779,-0.33656709
4.100,1.200,1perp,-7.6471924,7.140537,-1.0709548,-0.32900092
4.100,1.300,1perp,-8.7506069,7.83688,-1.1165932,-0.32146559
4.100,1.400,1perp,-10.09061,8.6697172,-1.1638915,-0.31406902
4.100,1.500,1perp,-11.724435,9.6708221,-1.2123514,-0.30689399
4.100,1.600,1perp,-13.72474,10.880211,-1.2614405,-0.2999931
4.100,1.700,1perp,-16.183455,12.349105,-1.3104962,-0.29341581
4.100,1.800,1perp,-19.211838,14.141678,-1.358526,-0.28719583
4.100,1.900,1perp,-22.932629,16.335394,-1.4038614,-0.28134737
4.100,2.000,1perp,-27.453107,19.017426,-1.4435764,-0.27587193
4.100,2.100,1perp,-32.793722,22.269704,-1.4725711,-0.27075673
4.100,2.200,1perp,-38.734457,26.130448,-1.4823495,-0.26597303
4.100,2.300,1perp,-44.558722,30.518159,-1.4600724,-0.26147748
4.100,2.400,1perp,-48.817445,35.125698,-1.3897929,-0.25721177
4.100,2.500,1perp,-49.564889,39.370606,-1.2589313,-0.25310176
4.100,2.600,1perp,-45.523795,42.565356,-1.0695034,-0.24905724
4.100,2.700,1perp,-37.381644,44.304435,-0.84374495,-0.24497185
4.100,2.800,1perp,-27.445461,44.698851,-0.61400819,-0.24072323
4.100,2.900,1perp,-17.952693,44.203233,-0.40613981,-0.23617417
4.100,3.000,1perp,-10.058196,43.295429,-0.23231543,-0.23117535
4.100,3.100,1perp,-3.9793452,42.308789,-0.094054814,-0.22557006
4.100,3.200,1perp,0.51040533,41.42448,0.012321345,-0.21920174
4.100,3.300,1perp,3.7463583,40.720379,0.09200205,-0.21192477
4.100,3.400,1perp,6.0322619,40.216872,0.14999331,-0.20361859
4.100,3.500,1perp,7.6050689,39.906117,0.19057401,-0.19420451
4.100,3.600,1perp,8.6394401,39.767992,0.21724607,-0.18366323
4.100,3.700,1perp,9.262223,39.77806,0.23284753,-0.17205034
4.100,3.800,1perp,9.566388,39.911268,0.23969141,-0.15950577
4.100,3.900,1perp,9.6217482,40.143528,0.23968367,-0.1462533
4.100,4.000,1perp,9.4824545,40.452289,0.23441082,-0.13258773
4.200,1.000,1perp,-5.2269222,5.4559223,-0.95802723,-0.37049699
4.200,1.100,1perp,-5.855667,5.8711784,-0.99735805,-0.36158628
4.200,1.200,1perp,-6.6123299,6.3625019,-1.0392657,-0.3526353
4.200,1.300,1perp,-7.5218978,6.9438459,-1.0832467,-0.34370443
4.200,1.400,1perp,-8.6183602,7.6348126,-1.1288241,-0.33492827
4.200,1.500,1perp,-9.9453655,8.4601751,-1.1755508,-0.32640672
4.200,1.600,1perp,-11.558436,9.4508778,-1.2230014,-0.31819987
4.200,1.700,1perp,-13.529373,10.646968,-1.2707254,-0.31037008
4.200,1.800,1perp,-15.948666,12.099426,-1.318134,-0.30296179
4.200,1.900,1perp,-18.925514,13.87192,-1.3643039,-0.29599645
4.200,2.000,1perp,-22.581391,16.041972,-1.4076443,-0.28948336
4.200,2.100,1perp,-27.024355,18.697615,-1.445337,-0.28341719
4.200,2.200,1perp,-32.280976,21.923247,-1.4724541,-0.27777591
4.200,2.300,1perp,-38.149127,25.763049,-1.4807691,-0.27252318
4.200,2.400,1perp,-43.947494,30.146731,-1.4577864,-0.26760837
4.200,2.500,1perp,-48.271581,34.782498,-1.3878124,-0.26296549
4.200,2.600,1perp,-49.190333,39.098426,-1.2581154,-0.25851324
4.200,2.700,1perp,-45.36722,42.397837,-1.0700362,-0.25415482
4.200,2.800,1perp,-37.392687,44.245449,-0.84511939,-0.24977751
4.200,2.900,1perp,-27.533008,44.724513,-0.61561337,-0.24525306
4.200,3.000,1perp,-18.054154,44.281569,-0.40771261,-0.24043894
4.200,3.100,1perp,-10.152082,43.401079,-0.23391313,-0.2351811
4.200,3.200,1perp,-4.0663563,42.426107,-0.095845615,-0.22931878
4.200,3.300,1perp,0.42371733,41.545047,0.010198985,-0.22269224
4.200,3.400,1perp,3.6545659,40.839947,0.08948508,-0.2151537
4.200,3.500,1perp,5.9326685,40.333286,0.14709113,-0.20658164
4.200,3.600,1perp,7.4974433,40.018148,0.18735108,-0.1968977
4.200,3.700,1perp,8.5253793,39.87476,0.2138039,-0.18608434
4.200,3.800,1perp,9.1445582,39.878766,0.22930896,-0.17420022
4.200,3.900,1perp,9.4486753,40.005098,0.23618678,-0.16138945
4.200,4.000,1perp,9.5078115,40.229637,0.23633849,-0.1478807
4.300,1.000,1perp,-4.6006519,4.9412434,-0.9310717,-0.40034094
4.300,1.100,1perp,-5.1306689,5.2943339,-0.96908677,-0.38985469
4.300,1.200,1perp,-5.7648782,5.7100922,-1.0095946,-0.37932488
4.300,1.300,1perp,-6.5218425,6.1989163,-1.052094,-0.36879832
4.300,1.400,1perp,-7.4277192,6.77639,-1.0961174,-0.35844457
4.300,1.500,1perp,-8.5158499,7.461939,-1.1412382,-0.34838331
4.300,1.600,1perp,-9.8283386,8.2794288,-1.1870793,-0.33868044
4.300,1.700,1perp,-11.420341,9.2600247,-1.2332948,-0.32941329
4.300,1.800,1perp,-13.362586,10.443587,-1.2795016,-0.32063796
4.300,1.900,1perp,-15.743627,11.880484,-1.3251671,-0.31238259
4.300,2.000,1perp,-18.670959,13.634195,-1.3694214,-0.3046642
4.300,2.100,1perp,-22.264626,15.782292,-1.4107346,-0.29748453
4.300,2.200,1perp,-26.632715,18.413332,-1.4463822,-0.2908272
4.300,2.300,1perp,-31.806946,21.613866,-1.4715991,-0.2846618
4.300,2.400,1perp,-37.601084,25.433332,-1.4784176,-0.27894402
4.300,2.500,1perp,-43.365937,29.811356,-1.4546784,-0.27361454
4.300,2.600,1perp,-47.73968,34.470199,-1.3849552,-0.26859949
4.300,2.700,1perp,-48.80973,38.84843,-1.2564145,-0.26381038
4.300,2.800,1perp,-45.190107,42.242375,-1.0697814,-0.25914343
4.300,2.900,1perp,-37.380758,44.190059,-0.84590876,-0.25447946
4.300,3.000,1perp,-27.603923,44.748448,-0.61686882,-0.24968433
4.300,3.100,1perp,-18.147226,44.355517,-0.40913121,-0.24461019
4.300,3.200,1perp,-10.243821,43.501276,-0.23548324,-0.23909825
4.300,3.300,1perp,-4.154725,42.537699,-0.097671598,-0.23298378
4.300,3.400,1perp,0.33432741,41.659948,0.0080251519,-0.22610392
4.300,3.500,1perp,3.5601285,40.954025,0.086929882,-0.2183088
4.300,3.600,1perp,5.8313138,40.444408,0.14418096,-0.20947601
4.300,3.700,1perp,7.3893967,40.12508,0.18415905,-0.19952756
4.300,3.800,1perp,8.4124495,39.97661,0.21043429,-0.18844766
4.300,3.900,1perp,9.0295965,39.974735,0.22588258,-0.17629803
4.300,4.000,1perp,9.3350848,40.094382,0.23282775,-0.16322687
4.400,1.000,1perp,-4.077964,4.5031004,-0.90559029,-0.43412672
4.400,1.100,1perp,-4.5285841,4.8052573,-0.9424228,-0.42183812
4.400,1.200,1perp,-5.0649813,5.1595069,-0.98167934,-0.4095096
4.400,1.300,1perp,-5.7007334,5.5733392,-1.0228578,-0.3971583
4.400,1.400,1perp,-6.4562031,6.0593551,-1.0654934,-0.38500114
4.400,1.500,1perp,-7.3569964,6.6329187,-1.1091643,-0.37318092
4.400,1.600,1perp,-8.4349561,7.3124127,-1.153512,-0.36176636
4.400,1.700,1perp,-9.7322773,8.1221477,-1.1982394,-0.35085275
4.400,1.800,1perp,-11.303405,9.0931739,-1.2430649,-0.34050928
4.400,1.900,1perp,-13.21743,10.264716,-1.2876568,-0.33077001
4.400,2.000,1perp,-15.561495,11.686968,-1.3315255,-0.32165984
4.400,2.100,1perp,-18.441376,13.423247,-1.3738387,-0.31318746
4.400,2.200,1perp,-21.975277,15.550924,-1.4131171,-0.30534116
4.400,2.300,1perp,-26.271179,18.159058,-1.4467259,-0.29809535
4.400,2.400,1perp,-31.365317,21.33612,-1.4700572,-0.29141087
4.400,2.500,1perp,-37.08558,25.136077,-1.4753925,-0.28523352
4.400,2.600,1perp,-42.812264,29.507408,-1.4508989,-0.27949522
4.400,2.700,1perp,-47.224172,34.185291,-1.3814179,-0.27411426
4.400,2.800,1perp,-48.42941,38.618526,-1.2540461,-0.26899444
4.400,2.900,1perp,-45.000457,42.098154,-1.0689413,-0.26402485
4.400,3.000,1perp,-37.352926,44.138269,-0.84627074,-0.25907989
4.400,3.100,1perp,-27.663047,44.771019,-0.61787842,-0.25401953
4.400,3.200,1perp,-18.234594,44.425534,-0.41045301,-0.24869055
4.400,3.300,1perp,-10.334569,43.596475,-0.23705056,-0.24292952
4.400,3.400,1perp,-4.2447016,42.643984,-0.099538111,-0.23656781
4.400,3.500,1perp,0.24244521,41.769563,0.0058043512,-0.22943954
4.400,3.600,1perp,3.4634541,41.062963,0.084344963,-0.22139281
4.400,3.700,1perp,5.7286716,40.550567,0.14127229,-0.21230436
4.400,3.800,1perp,7.2814006,40.227226,0.18100678,-0.20209663
4.400,3.900,1perp,8.3010682,40.073846,0.20714428,-0.19075561
4.400,4.000,1perp,8.917648,40.066264,0.22257249,-0.17834601
4.500,1.000,1perp,-3.6384662,4.1280576,-0.88139909,-0.47241988
4.500,1.100,1perp,-4.0246831,4.3881936,-0.9171617,-0.45806823
4.500,1.200,1perp,-4.4822951,4.6920578,-0.95529409,-0.44369227
4.500,1.300,1perp,-5.0209118,5.04466,-0.99529241,-0.42925344
4.500,1.400,1perp,-5.6566431,5.4564342,-1.0366923,-0.4150348
4.500,1.500,1perp,-6.409305,5.9396627,-1.0790689,-0.40120646
4.500,1.600,1perp,-7.3029344,6.5084611,-1.1220678,-0.38783471
4.500,1.700,1perp,-8.3698925,7.1819198,-1.1654116,-0.37503727
4.500,1.800,1perp,-9.651943,7.9842938,-1.2088662,-0.36289839
4.500,1.900,1perp,-11.202143,8.9459677,-1.2522002,-0.35145682
4.500,2.000,1perp,-13.088624,10.106098,-1.2951215,-0.34074591
4.500,2.100,1perp,-15.397114,11.514722,-1.3371677,-0.33078141
4.500,2.200,1perp,-18.231304,13.23473,-1.3775351,-0.32155524
4.500,2.300,1perp,-21.707761,15.343414,-1.4147934,-0.31304576
4.500,2.400,1perp,-25.934363,17.930322,-1.446397,-0.3052178
4.500,2.500,1perp,-30.951193,21.085486,-1.4678909,-0.29802074
4.500,2.600,1perp,-36.598979,24.86687,-1.4717968,-0.29139063
4.500,2.700,1perp,-42.285245,29.230938,-1.4465922,-0.28525081
4.500,2.800,1perp,-46.727083,33.92468,-1.3773773,-0.27951097
4.500,2.900,1perp,-48.054429,38.406758,-1.2511972,-0.27406707
4.500,3.000,1perp,-44.804623,41.964332,-1.0676835,-0.2688012
4.500,3.100,1perp,-37.314708,44.089982,-0.84633077,-0.26358125
4.500,3.200,1perp,-27.714055,44.792482,-0.61872112,-0.25826124
4.500,3.300,1perp,-18.318215,44.491997,-0.41171933,-0.25268271
4.500,3.400,1perp,-10.425104,43.687067,-0.23863137,-0.24667766
4.500,3.500,1perp,-4.3363932,42.745331,-0.10144718,-0.24007364
4.500,3.600,1perp,0.1483006,41.874237,0.0035415713,-0.23270181
4.500,3.700,1perp,3.3649279,41.167081,0.081738316,-0.22440837
4.500,3.800,1perp,5.6251888,40.652066,0.138374,-0.21506924
4.500,3.900,1perp,7.1739,40.324874,0.1779026,-0.20460736
4.500,4.000,1perp,8.191619,40.166749,0.2039403,-0.19301048
4.600,1.000,1perp,-3.2663078,3.8053582,-0.85834436,-0.51586683
4.600,1.100,1perp,-3.5998528,4.0305959,-0.89313164,-0.49915196
4.600,1.200,1perp,-3.993509,4.2929543,-0.93024729,-0.48244813
4.600,1.300,1perp,-4.4536113,4.5952088,-0.96918585,-0.46561944
4.600,1.400,1perp,-4.9931945,4.946287,-1.0094834,-0.44904392
4.600,1.500,1perp,-5.6277363,5.3561343,-1.0507086,-0.4329241
4.600,1.600,1perp,-6.3753015,5.8354967,-1.0925037,-0.41731503
4.600,1.700,1perp,-7.2608718,6.3995158,-1.1345971,-0.40236354
4.600,1.800,1perp,-8.3165697,7.0672636,-1.1767737,-0.38817157
4.600,1.900,1perp,-9.5829165,7.8622638,-1.2188495,-0.37478057
4.600,2.000,1perp,-11.112444,8.8149711,-1.260633,-0.36223337
4.600,2.100,1perp,-12.972272,9.9644519,-1.3018551,-0.35055325
4.600,2.200,1perp,-15.246286,11.360266,-1.3420713,-0.33973466
4.600,2.300,1perp,-18.036434,13.065084,-1.3805066,-0.32975903
4.600,2.400,1perp,-21.457853,15.156193,-1.4157812,-0.32059426
4.600,2.500,1perp,-25.618116,17.723421,-1.4454385,-0.31219176
4.600,2.600,1perp,-30.560853,20.858171,-1.4651741,-0.30449002
4.600,2.700,1perp,-36.138648,24.622016,-1.4677372,-0.29741565
4.600,2.800,1perp,-41.784031,28.978569,-1.4418942,-0.29088237
4.600,2.900,1perp,-46.249978,33.68563,-1.3729884,-0.28479119
4.600,3.000,1perp,-47.688669,38.211341,-1.2480239,-0.2790304
4.600,3.100,1perp,-44.607447,41.840077,-1.0661416,-0.27347492
4.600,3.200,1perp,-37.270272,44.045032,-0.84618561,-0.2679861
4.600,3.300,1perp,-27.75968,44.813015,-0.61945574,-0.26241214
4.600,3.400,1perp,-18.399504,44.555216,-0.4129596,-0.25658941
4.600,3.500,1perp,-10.515959,43.773388,-0.24023635,-0.25034541
4.600,3.600,1perp,-4.42983,42.842071,-0.10339906,-0.24350395
4.600,3.700,1perp,0.05213025,41.974283,0.0012419569,-0.23589337
4.600,3.800,1perp,3.2649258,41.266673,0.079117736,-0.22735801
4.600,3.900,1perp,5.5212999,40.749182,0.13549474,-0.21777309
4.600,4.000,1perp,7.0673193,40.418294,0.17485447,-0.20706207
4.700,1.000,1perp,-2.9490574,3.5263246,-0.83629775,-0.56520659
4.700,1.100,1perp,-3.2391852,3.7223933,-0.87018886,-0.54578217
4.700,1.200,1perp,-3.5805543,3.9503997,-0.90637771,-0.52643593
4.700,1.300,1perp,-3.9766636,4.2109703,-0.94435804,-0.5068685
4.700,1.400,1perp,-4.438396,4.5120889,-0.98366769,-0.48759748
4.700,1.500,1perp,-4.9779711,4.861931,-1.0238671,-0.46886398
4.700,1.600,1perp,-5.6088196,5.2685167,-1.0645918,-0.4506973
4.700,1.700,1perp,-6.3504137,5.7440198,-1.1055696,-0.43328344
4.700,1.800,1perp,-7.2276144,6.3035744,-1.1465899,-0.41674555
4.700,1.900,1perp,-8.2713393,6.9654062,-1.1874884,-0.40112453
4.700,2.000,1perp,-9.5219648,7.7532653,-1.2281232,-0.38647437
4.700,2.100,1perp,-11.031368,8.6975947,-1.268324,-0.37282676
4.700,2.200,1perp,-12.865131,9.8369688,-1.3078348,-0.36017735
4.700,2.300,1perp,-15.105713,11.22075,-1.3462303,-0.34850991
4.700,2.400,1perp,-17.853566,12.911493,-1.3827655,-0.33779464
4.700,2.500,1perp,-21.222296,14.9863,-1.4161132,-0.32798341
4.700,2.600,1perp,-25.319296,17.535255,-1.443908,-0.31901546
4.700,2.700,1perp,-30.191626,20.651042,-1.4619904,-0.31081893
4.700,2.800,1perp,-35.702674,24.398405,-1.46332,-0.30330958
4.700,2.900,1perp,-41.30794,28.747387,-1.4369285,-0.29639142
4.700,3.000,1perp,-45.793947,33.465745,-1.3683827,-0.28995705
4.700,3.100,1perp,-47.334918,38.030665,-1.2446513,-0.28388687
4.700,3.200,1perp,-44.412458,41.724585,-1.0644194,-0.27804858
4.700,3.300,1perp,-37.222684,44.003218,-0.84590823,-0.27229713
4.700,3.400,1perp,-27.801933,44.832746,-0.62012558,-0.26647498
4.700,3.500,1perp,-18.479497,44.615449,-0.41419502,-0.26041338
4.700,3.600,1perp,-10.607512,43.855738,-0.24187283,-0.25393544
4.700,3.700,1perp,-4.5249951,42.934501,-0.10539298,-0.24686138
4.700,3.800,1perp,-0.045815749,42.069983,-0.0010890365,-0.23901678
4.700,3.900,1perp,3.1638282,41.36201,0.076491163,-0.23024421
4.700,4.000,1perp,5.4174346,40.842175,0.13264315,-0.22041827
4.800,1.000,1perp,-2.6768827,3.2839059,-0.81515207,-0.62128403
4.800,1.100,1perp,-2.9309502,3.4554403,-0.84821324,-0.59874962
4.800,1.200,1perp,-3.2293021,3.6549162,-0.88355023,-0.57641087
4.800,1.300,1perp,-3.5728327,3.8807419,-0.92065712,-0.55370052
4.800,1.400,1perp,-3.9710257,4.1404713,-0.95907577,-0.53134533
4.800,1.500,1perp,-4.433649,4.4409451,-0.99835706,-0.50963214
4.800,1.600,1perp,-4.970457,4.7878998,-1.0381289,-0.48854092
4.800,1.700,1perp,-5.5968272,5.191304,-1.0781159,-0.46831227
4.800,1.800,1perp,-6.3321641,5.6633032,-1.1181044,-0.44909524
4.800,1.900,1perp,-7.2000592,6.2180118,-1.1579359,-0.43092476
4.800,2.000,1perp,-8.2316293,6.8740623,-1.1974912,-0.41386869
4.800,2.100,1perp,-9.4668772,7.6552651,-1.2366492,-0.39796862
4.800,2.200,1perp,-10.956372,8.5915437,-1.2752506,-0.38321953
4.800,2.300,1perp,-12.764661,9.7213504,-1.3130543,-0.36960706
4.800,2.400,1perp,-14.973009,11.09396,-1.3496542,-0.35710306
4.800,2.500,1perp,-17.680218,12.771602,-1.3843384,-0.34565826
4.800,2.600,1perp,-20.998631,14.831248,-1.4158371,-0.33521094
4.800,2.700,1perp,-25.035704,17.363291,-1.4418755,-0.32568911
4.800,2.800,1perp,-29.8416,20.461481,-1.4584282,-0.31700847
4.800,2.900,1perp,-35.289592,24.193378,-1.4586468,-0.30907387
4.800,3.000,1perp,-40.856354,28.534897,-1.4318031,-0.3017801
4.800,3.100,1perp,-45.359578,33.262944,-1.3636669,-0.29501104
4.800,3.200,1perp,-46.994991,37.863274,-1.2411761,-0.28863906
4.800,3.300,1perp,-44.222118,41.617099,-1.0625949,-0.28252489
4.800,3.400,1perp,-37.174161,43.964323,-0.84555291,-0.27651712
4.800,3.500,1perp,-27.842303,44.85176,-0.62076278,-0.2704525
4.800,3.600,1perp,-18.558981,44.672916,-0.41544144,-0.26415732
4.800,3.700,1perp,-10.70004,43.934381,-0.24354594,-0.25745041
4.800,3.800,1perp,-4.6218284,43.022892,-0.10742719,-0.25014849
4.800,3.900,1perp,-0.14526192,42.161601,-0.0034453607,-0.24207449
4.800,4.000,1perp,3.0620296,41.453341,0.073866895,-0.23306933
4.900,1.000,1perp,-2.4419448,3.0723334,-0.79481765,-0.68506485
4.900,1.100,1perp,-2.6658408,3.2231006,-0.82710443,-0.65895633
4.900,1.200,1perp,-2.9286137,3.3988367,-0.86165178,-0.63323974
4.900,1.300,1perp,-3.2286012,3.5955022,-0.89795556,-0.60691597
4.900,1.400,1perp,-3.5745398,3.8207304,-0.93556453,-0.5810299
4.900,1.500,1perp,-3.9743513,4.080364,-0.97401881,-0.55592195
4.900,1.600,1perp,-4.4347799,4.3781334,-1.0129385,-0.53148506
4.900,1.700,1perp,-4.9681868,4.7224096,-1.0520449,-0.50803825
4.900,1.800,1perp,-5.5898751,5.1230732,-1.0911176,-0.48576257
4.900,1.900,1perp,-6.3178176,5.5910062,-1.1299965,-0.4646782
4.900,2.000,1perp,-7.1761396,6.1409487,-1.1685718,-0.44487118
4.900,2.100,1perp,-8.1957963,6.7916553,-1.206745,-0.42639523
4.900,2.200,1perp,-9.4156144,7.5663575,-1.2444052,-0.40924206
4.900,2.300,1perp,-10.885481,8.4949485,-1.2814063,-0.39339881
4.900,2.400,1perp,-12.669103,9.6158629,-1.3175211,-0.37883874
4.900,2.500,1perp,-14.846294,10.978019,-1.3523655,-0.36550958
4.900,2.600,1perp,-17.514516,12.643425,-1.3852667,-0.353347
4.900,2.700,1perp,-20.785198,14.689036,-1.4150145,-0.34227718
4.900,2.800,1perp,-24.765796,17.205419,-1.4394183,-0.33221368
4.900,2.900,1perp,-29.509338,20.287252,-1.4545754,-0.32305994
4.900,3.000,1perp,-34.898251,24.004688,-1.4538098,-0.3147107
4.900,3.100,1perp,-40.428598,28.338967,-1.4266081,-0.30705099
4.900,3.200,1perp,-44.946948,33.075393,-1.3589241,-0.29995577
4.900,3.300,1perp,-46.669917,37.70786,-1.2376708,-0.29328976
4.900,3.400,1perp,-44.03807,41.516918,-1.0607259,-0.28690668
4.900,3.500,1perp,-37.1263,43.928125,-0.84516011,-0.28064885
4.900,3.600,1perp,-27.881931,44.870116,-0.62139201,-0.27434744
4.900,3.700,1perp,-18.638578,44.727808,-0.41671119,-0.2678239
4.900,3.800,1perp,-10.79374,44.009552,-0.24525904,-0.2608929
4.900,3.900,1perp,-4.7202185,43.107487,-0.10949881,-0.25336776
4.900,4.000,1perp,-0.24589759,42.249375,-0.0058201474,-0.24506889
5.000,1.000,1perp,-2.2379473,2.8868572,-0.77521926,-0.75765232
5.000,1.100,1perp,-2.4364148,3.0199301,-0.80677854,-0.72743024
5.000,1.200,1perp,-2.6696408,3.1759217,-0.84058773,-0.69791894
5.000,1.300,1perp,-2.9332811,3.3479351,-0.87614636,-0.66743049
5.000,1.400,1perp,-3.2359324,3.544232,-0.9130137,-0.63749945
5.000,1.500,1perp,-3.5841285,3.7699206,-0.95071724,-0.60852745
5.000,1.600,1perp,-3.9820411,4.0268607,-0.98886986,-0.58026051
5.000,1.700,1perp,-4.439856,4.3223296,-1.0271905,-0.55313316
5.000,1.800,1perp,-4.9697898,4.664498,-1.0654501,-0.52736657
5.000,1.900,1perp,-5.5854511,5.0616535,-1.1034835,-0.50295189
5.000,2.000,1perp,-6.3057036,5.5255814,-1.1411837,-0.48000012
5.000,2.100,1perp,-7.154668,6.0711949,-1.1784612,-0.45858046
5.000,2.200,1perp,-8.1621583,6.7165687,-1.2152274,-0.43867747
5.000,2.300,1perp,-9.3666206,7.4850053,-1.2513846,-0.42027974
5.000,2.400,1perp,-10.817413,8.4064593,-1.2867978,-0.403362
5.000,2.500,1perp,-12.577022,9.5189989,-1.3212547,-0.3878669
5.000,2.600,1perp,-14.724145,10.871335,-1.3544009,-0.37372578
5.000,2.700,1perp,-17.355263,12.525397,-1.3856059,-0.36086143
5.000,2.800,1perp,-20.580863,14.557995,-1.4137155,-0.34918307
5.000,2.900,1perp,-24.508439,17.059833,-1.4366166,-0.33859035
5.000,3.000,1perp,-29.193786,20.126489,-1.4505156,-0.32897567
5.000,3.100,1perp,-34.527654,23.83044,-1.4488886,-0.32022278
5.000,3.200,1perp,-40.023825,28.157746,-1.4214144,-0.31220675
5.000,3.300,1perp,-44.55572,32.901487,-1.354216,-0.30479409
5.000,3.400,1perp,-46.360138,37.563269,-1.2341881,-0.29784186
5.000,3.500,1perp,-43.861364,41.423399,-1.0588548,-0.29119681
5.000,3.600,1perp,-37.080277,43.894404,-0.8447609,-0.28469509
5.000,3.700,1perp,-27.92172,44.887856,-0.62203283,-0.27816251
5.000,3.800,1perp,-18.718778,44.78029,-0.41801377,-0.27141573
5.000,3.900,1perp,-10.888726,44.081465,-0.24701371,-0.26426541
5.000,4.000,1perp,-4.8199941,43.188514,-0.11160361,-0.2565216
5.100,1.000,1perp,-2.0597962,2.7235406,-0.75629355,-0.8403058
5.100,1.100,1perp,-2.2366759,2.8414309,-0.78716534,-0.80534128
5.100,1.200,1perp,-2.4453055,2.9810663,-0.82027879,-0.77159596
5.100,1.300,1perp,-2.6783552,3.1320674,-0.85513971,-0.73629156
5.100,1.400,1perp,-2.9448955,3.3039626,-0.89132229,-0.70172303
5.100,1.500,1perp,-3.2504204,3.5013307,-0.9283386,-0.66835874
5.100,1.600,1perp,-3.5967815,3.7241661,-0.96579515,-0.63570318
5.100,1.700,1perp,-3.9926666,3.9790957,-1.0034106,-0.60436469
5.100,1.800,1perp,-4.4479723,4.2730116,-1.0409455,-0.57461499
5.100,1.900,1perp,-4.9728481,4.6120546,-1.0782284,-0.54639344
5.100,2.000,1perp,-5.5822048,5.0057772,-1.1151525,-0.51984677
5.100,2.100,1perp,-6.2950154,5.4661786,-1.15163,-0.49506448
5.100,2.200,1perp,-7.1342042,6.0073404,-1.1875812,-0.47201801
5.100,2.300,1perp,-8.12947,6.6475243,-1.222932,-0.4506979
5.100,2.400,1perp,-9.3189857,7.4101732,-1.2575935,-0.43108097
5.100,2.500,1perp,-10.751059,8.3248515,-1.2914415,-0.41310221
5.100,2.600,1perp,-12.487328,9.4294666,-1.3242879,-0.39668681
5.100,2.700,1perp,-14.605726,10.772685,-1.3558111,-0.38175271
5.100,2.800,1perp,-17.201665,12.416202,-1.3854208,-0.36820249
5.100,2.900,1perp,-20.384812,14.436685,-1.4120147,-0.35592957
5.100,3.000,1perp,-24.262869,16.925041,-1.4335486,-0.34482161
5.100,3.100,1perp,-28.894102,19.977626,-1.4463231,-0.33475851
5.100,3.200,1perp,-34.17679,23.668991,-1.4439479,-0.32561282
5.100,3.300,1perp,-39.641044,27.989635,-1.4162759,-0.31725032
5.100,3.400,1perp,-44.18526,32.739836,-1.3495871,-0.30952905
5.100,3.500,1perp,-46.065672,37.428466,-1.2307657,-0.30229831
5.100,3.600,1perp,-43.692661,41.335949,-1.0570136,-0.29539809
5.100,3.700,1perp,-37.036994,43.862952,-0.84437987,-0.28865862
5.100,3.800,1perp,-27.962395,44.905012,-0.62270098,-0.28190035
5.100,3.900,1perp,-18.799955,44.830511,-0.41935625,-0.27493535
5.100,4.000,1perp,-10.985022,44.150316,-0.24880959,-0.26757037
5.200,1.000,1perp,-1.9033424,2.5791004,-0.73798693,-0.93446091
5.200,1.100,1perp,-2.0617583,2.6838613,-0.76820597,-0.89401828
5.200,1.200,1perp,-2.2499121,2.8100773,-0.80065846,-0.85559545
5.200,1.300,1perp,-2.4569868,2.9429921,-0.83486014,-0.81469737
5.200,1.400,1perp,-2.693197,3.0941863,-0.87040559,-0.77480737
5.200,1.500,1perp,-2.9632604,3.2678672,-0.90678727,-0.73646001
5.200,1.600,1perp,-3.2668007,3.4620371,-0.9436065,-0.69876963
5.200,1.700,1perp,-3.6115834,3.6830935,-0.98058422,-0.66261028
5.200,1.800,1perp,-4.0057679,3.9369904,-1.0174696,-0.62831768
5.200,1.900,1perp,-4.456683,4.2280165,-1.0540837,-0.59574312
5.200,2.000,1perp,-4.9762824,4.5640575,-1.0903198,-0.5650862
5.200,2.100,1perp,-5.5796643,4.9549078,-1.1260884,-0.53646374
5.200,2.200,1perp,-6.2844619,5.4115222,-1.1613113,-0.50982481
5.200,2.300,1perp,-7.1137363,5.9483102,-1.1959256,-0.48516318
5.200,2.400,1perp,-8.0971208,6.5837523,-1.2298641,-0.46245924
5.200,2.500,1perp,-9.2718291,7.3408507,-1.2630456,-0.4416369
5.200,2.600,1perp,-10.685563,8.2490638,-1.2953668,-0.42261331
5.200,2.700,1perp,-12.399457,9.3463211,-1.3266672,-0.40530033
5.200,2.800,1perp,-14.490494,10.681037,-1.3566561,-0.3895913
5.200,2.900,1perp,-17.05316,12.314694,-1.3847815,-0.37537082
5.200,3.000,1perp,-20.196566,14.323934,-1.4099873,-0.36251944
5.200,3.100,1perp,-24.028524,16.799798,-1.4302865,-0.35091053
5.200,3.200,1perp,-28.609471,19.839304,-1.4420602,-0.34041124
5.200,3.300,1perp,-33.844635,23.518932,-1.4390379,-0.33088392
5.200,3.400,1perp,-39.279171,27.833264,-1.4112312,-0.32218493
5.200,3.500,1perp,-43.834719,32.589214,-1.3450683,-0.31416367
5.200,3.600,1perp,-45.786283,37.302528,-1.2274311,-0.30666202
5.200,3.700,1perp,-43.532383,41.254038,-1.0552272,-0.29951341
5.200,3.800,1perp,-36.997155,43.833574,-0.84403692,-0.29254216
5.200,3.900,1perp,-28.004532,44.921603,-0.623409,-0.28556356
5.200,4.000,1perp,-18.882362,44.878603,-0.4207431,-0.27838522
5.300,1.000,1perp,-1.765182,2.450778,-0.72025373,-1.0417505
5.300,1.100,1perp,-1.9076845,2.5440845,-0.74985107,-0.99496619
5.300,1.200,1perp,-2.0788535,2.6595,-0.7816708,-0.95145131
5.300,1.300,1perp,-2.2636498,2.7766532,-0.81524399,-0.90401797
5.300,1.400,1perp,-2.4742145,2.9101816,-0.85019249,-0.85801565
5.300,1.500,1perp,-2.7146835,3.0640359,-0.88598291,-0.8140307
5.300,1.600,1perp,-2.9823964,3.233956,-0.92221303,-0.77055476
5.300,1.700,1perp,-3.2847186,3.426545,-0.95860951,-0.72887299
5.300,1.800,1perp,-3.6285228,3.6470937,-0.99490804,-0.68940199
5.300,1.900,1perp,-4.0187455,3.8982033,-1.0309225,-0.65184759
5.300,2.000,1perp,-4.4651538,4.1865514,-1.066547,-0.6164897
5.300,2.100,1perp,-4.9799336,4.5202755,-1.1016881,-0.58348254
5.300,2.200,1perp,-5.5766072,4.907837,-1.1362658,-0.55273829
5.300,2.300,1perp,-6.2732078,5.360698,-1.1702222,-0.52425674
5.300,2.400,1perp,-7.0929053,5.8935678,-1.2034994,-0.49802444
5.300,2.500,1perp,-8.0643878,6.5244008,-1.236035,-0.47394963
5.300,2.600,1perp,-9.2244649,7.276151,-1.2677671,-0.45193941
5.300,2.700,1perp,-10.620574,8.1783747,-1.2986166,-0.43189856
5.300,2.800,1perp,-12.313048,9.2687445,-1.3284483,-0.41370832
5.300,2.900,1perp,-14.37807,10.595465,-1.3570022,-0.39724166
5.300,3.000,1perp,-16.909497,12.219958,-1.3837606,-0.38236957
5.300,3.100,1perp,-20.015821,14.218772,-1.4077039,-0.36895605
5.300,3.200,1perp,-23.804862,16.683015,-1.426892,-0.35685991
5.300,3.300,1perp,-28.339111,19.710366,-1.437777,-0.34593713
5.300,3.400,1perp,-33.530166,23.379074,-1.4341957,-0.33603951
5.300,3.500,1perp,-38.937036,27.687438,-1.4063069,-0.32701372
5.300,3.600,1perp,-43.503144,32.44854,-1.3406811,-0.31870099
5.300,3.700,1perp,-45.521618,37.184641,-1.2242049,-0.31093597
5.300,3.800,1perp,-43.380802,41.177184,-1.0535155,-0.30354557
5.300,3.900,1perp,-36.961309,43.806086,-0.84374825,-0.29634836
5.300,4.000,1perp,-28.048565,44.937648,-0.6241663,-0.28915465
5.400,1.000,1perp,-1.642503,2.3362377,-0.70305475,-1.1640256
5.400,1.100,1perp,-1.7711794,2.4194482,-0.73205921,-1.1098825
5.400,1.200,1perp,-1.9283879,2.5264863,-0.76326869,-1.060947
5.400,1.300,1perp,-2.0938479,2.6296779,-0.79623743,-1.0058188
5.400,1.400,1perp,-2.2825835,2.7480371,-0.83062325,-0.95278816
5.400,1.500,1perp,-2.4982837,2.8853273,-0.86585799,-0.90245066
5.400,1.600,1perp,-2.7357966,3.0345876,-0.90153818,-0.85231201
5.400,1.700,1perp,-3.0026021,3.2031155,-0.93740048,-0.80429941
5.400,1.800,1perp,-3.3046376,3.3957648,-0.97316443,-0.75893064
5.400,1.900,1perp,-3.6447065,3.6134977,-1.0086367,-0.71567575
5.400,2.000,1perp,-4.0310033,3.8621717,-1.0437142,-0.67493891
5.400,2.100,1perp,-4.4735347,4.1486991,-1.0782982,-0.63692615
5.400,2.200,1perp,-4.982571,4.4794997,-1.1123053,-0.60149011
5.400,2.300,1perp,-5.5723343,4.8637791,-1.14568,-0.56864167
5.400,2.400,1perp,-6.2611192,5.3133853,-1.1783673,-0.53837808
5.400,2.500,1perp,-7.0710895,5.8423735,-1.2103111,-0.51058525
5.400,2.600,1perp,-8.0307014,6.468714,-1.241468,-0.48515819
5.400,2.700,1perp,-9.1767069,7.2155394,-1.2717978,-0.46199408
5.400,2.800,1perp,-10.555852,8.1121333,-1.3012424,-0.44095864
5.400,2.900,1perp,-12.227837,9.1959822,-1.3296934,-0.42191011
5.400,3.000,1perp,-14.268365,10.515265,-1.3569193,-0.40470753
5.400,3.100,1perp,-16.770565,12.131244,-1.3824275,-0.38920247
5.400,3.200,1perp,-19.842267,14.120331,-1.4052267,-0.37524218
5.400,3.300,1perp,-23.591388,16.573772,-1.4234169,-0.36267326
5.400,3.400,1perp,-28.082274,19.589842,-1.433512,-0.35133988
5.400,3.500,1perp,-33.232324,23.248371,-1.4294474,-0.34108287
5.400,3.600,1perp,-38.613461,27.551105,-1.4015213,-0.33173987
5.400,3.700,1perp,-43.189594,32.316875,-1.3364409,-0.32314414
5.400,3.800,1perp,-45.271274,37.074081,-1.2211031,-0.31512309
5.400,3.900,1perp,-43.238081,41.10495,-1.0518948,-0.30749729
5.400,4.000,1perp,-36.929871,43.780323,-0.84352669,-0.30007981
5.500,1.000,1perp,-1.5329628,2.233481,-0.6863559,-1.3033747
5.500,1.100,1perp,-1.649525,2.3076872,-0.71479575,-1.2406709
5.500,1.200,1perp,-1.7954695,2.408693,-0.74541232,-1.186167
5.500,1.300,1perp,-1.9438994,2.499245,-0.77779463,-1.1218871
5.500,1.400,1perp,-2.1139296,2.6044919,-0.81164761,-1.060765
5.500,1.500,1perp,-2.3088789,2.7280244,-0.84635566,-1.0033102
5.500,1.600,1perp,-2.5207335,2.8595393,-0.88151734,-0.94547656
5.500,1.700,1perp,-2.7576348,3.0076132,-0.91688479,-0.89019994
5.500,1.800,1perp,-3.0248644,3.1768535,-0.95215734,-0.83812253
5.500,1.900,1perp,-3.3232061,3.3665169,-0.98713484,-0.78833684
5.500,2.000,1perp,-3.6597919,3.5819937,-1.0217193,-0.7414419
5.500,2.100,1perp,-4.0430168,3.8293182,-1.0558059,-0.69771604
5.500,2.200,1perp,-4.4805099,4.113176,-1.0893066,-0.6569168
5.500,2.300,1perp,-4.9836052,4.44105,-1.1221682,-0.61907529
5.500,2.400,1perp,-5.5669269,4.8226249,-1.1543354,-0.58420671
5.500,2.500,1perp,-6.2476269,5.2689149,-1.1857521,-0.55216494
5.500,2.600,1perp,-7.0477964,5.7940673,-1.2163815,-0.52283086
5.500,2.700,1perp,-7.9960157,6.4163188,-1.2461999,-0.49609427
5.500,2.800,1perp,-9.1283996,7.1584925,-1.2751846,-0.4718012
5.500,2.900,1perp,-10.491208,8.0497111,-1.3033025,-0.44979166
5.500,3.000,1perp,-12.143857,9.1274936,-1.3304701,-0.42991035
5.500,3.100,1perp,-14.161405,10.439854,-1.3564753,-0.41199313
5.500,3.200,1perp,-16.636222,12.047862,-1.3808444,-0.3958722
5.500,3.300,1perp,-19.675648,14.027892,-1.402609,-0.38138162
5.500,3.400,1perp,-23.387644,16.471307,-1.4199021,-0.36835465
5.500,3.500,1perp,-27.83817,19.476877,-1.4292933,-0.35662294
5.500,3.600,1perp,-32.950061,23.125912,-1.4248113,-0.34601734
5.500,3.700,1perp,-38.307341,27.423361,-1.3968872,-0.3363667
5.500,3.800,1perp,-42.893167,32.193391,-1.3323594,-0.32749619
5.500,3.900,1perp,-45.034826,36.970198,-1.2181386,-0.31922622
5.500,4.000,1perp,-43.104302,41.036945,-1.0503779,-0.31137128
5.600,1.000,1perp,-1.4345914,2.1407752,-0.67012707,-1.4621364
5.600,1.100,1perp,-1.5404453,2.2068412,-0.69803181,-1.3894491
5.600,1.200,1perp,-1.6776186,2.3042061,-0.72806796,-1.3295653
5.600,1.300,1perp,-1.8107692,2.3829787,-0.75987636,-1.2542589
5.600,1.400,1perp,-1.9646615,2.4768076,-0.7932233,-1.1838098
5.600,1.500,1perp,-2.1422571,2.5890556,-0.82742801,-1.1184468
5.600,1.600,1perp,-2.3321192,2.7051739,-0.86209587,-1.0516913
5.600,1.700,1perp,-2.5436775,2.835756,-0.89700152,-0.98807144
5.600,1.800,1perp,-2.7817809,2.9853258,-0.93181819,-0.92837709
5.600,1.900,1perp,-3.0451725,3.1512453,-0.96633939,-0.87110129
5.600,2.000,1perp,-3.3403729,3.3387847,-1.0004757,-0.81715149
5.600,2.100,1perp,-3.6746129,3.5533898,-1.0341148,-0.76690733
5.600,2.200,1perp,-4.053298,3.7981985,-1.0671633,-0.71997543
5.600,2.300,1perp,-4.4855823,4.0793926,-1.0995711,-0.67642306
5.600,2.400,1perp,-4.9833364,4.4050367,-1.1312815,-0.63629478
5.600,2.500,1perp,-5.5598237,4.7837355,-1.1622348,-0.59939782
5.600,2.600,1perp,-6.2322859,5.2266937,-1.1923955,-0.56559716
5.600,2.700,1perp,-7.0231072,5.7484239,-1.2217448,-0.53477667
5.600,2.800,1perp,-7.9602265,6.3667887,-1.2502734,-0.50675734
5.600,2.900,1perp,-9.0793901,7.1044733,-1.2779822,-0.48135697
5.600,3.000,1perp,-10.42676,7.990702,-1.3048615,-0.45840364
5.600,3.100,1perp,-12.06122,9.062833,-1.3308444,-0.43771385
5.600,3.200,1perp,-14.057153,10.368679,-1.3557323,-0.41910086
5.600,3.300,1perp,-16.506386,11.969249,-1.3790661,-0.40238293
5.600,3.400,1perp,-19.515744,13.940868,-1.3998945,-0.38737891
5.600,3.500,1perp,-23.193114,16.374939,-1.4163787,-0.37390766
5.600,3.600,1perp,-27.606019,19.370724,-1.4251413,-0.36178982
5.600,3.700,1perp,-32.682421,23.010919,-1.4203005,-0.35084651
5.600,3.800,1perp,-38.017651,27.303415,-1.3924138,-0.34089746
5.600,3.900,1perp,-42.613015,32.077346,-1.3284458,-0.33176009
5.600,4.000,1perp,-44.811858,36.872416,-1.215322,-0.32324816
5.700,1.000,1perp,-1.3457103,2.0565884,-0.6543411,-1.6428998
5.700,1.100,1perp,-1.4420134,2.1151843,-0.68174362,-1.5585441
5.700,1.200,1perp,-1.5728229,2.2114842,-0.71120692,-1.4940564
5.700,1.300,1perp,-1.6919378,2.2788616,-0.74244868,-1.4052479
5.700,1.400,1perp,-1.8318115,2.362668,-0.7753148,-1.3240342
5.700,1.500,1perp,-1.994981,2.4658786,-0.80903457,-1.2499902
5.700,1.600,1perp,-2.1657983,2.568463,-0.84322736,-1.1728364
5.700,1.700,1perp,-2.3557372,2.6839911,-0.87769935,-1.0996225
5.700,1.800,1perp,-2.569393,2.8170411,-0.91208926,-1.0313029
5.700,1.900,1perp,-2.8033117,2.9627521,-0.94618502,-0.96542454
5.700,2.000,1perp,-3.0638324,3.1266457,-0.97991034,-0.90338606
5.700,2.100,1perp,-3.3573838,3.3138301,-1.013143,-0.84570898
5.700,2.200,1perp,-3.6874085,3.5259754,-1.045784,-0.79176166
5.700,2.300,1perp,-4.0614362,3.7683069,-1.0777881,-0.74167455
5.700,2.400,1perp,-4.4892898,4.0477006,-1.1090963,-0.69553925
5.700,2.500,1perp,-4.9811665,4.3708091,-1.139644,-0.65309416
5.700,2.600,1perp,-5.5506034,4.7465605,-1.1693948,-0.6141872
5.700,2.700,1perp,-6.2153025,5.18664,-1.1983293,-0.57869973
5.700,2.800,1perp,-6.9969444,5.7050873,-1.2264395,-0.54642058
5.700,2.900,1perp,-7.9231918,6.3196491,-1.2537392,-0.51714068
5.700,3.000,1perp,-9.0298631,7.0531892,-1.2802525,-0.49066956
5.700,3.100,1perp,-10.362677,7.9347666,-1.3059838,-0.46680015
5.700,3.200,1perp,-11.979952,9.0015434,-1.3308775,-0.44532244
5.700,3.300,1perp,-13.95565,10.301303,-1.354746,-0.42603541
5.700,3.400,1perp,-16.381012,11.894962,-1.3771387,-0.40873979
5.700,3.500,1perp,-19.362255,13.858721,-1.397117,-0.39323775
5.700,3.600,1perp,-23.007276,16.284073,-1.4128699,-0.37933603
5.700,3.700,1perp,-27.38512,19.270757,-1.4210713,-0.36684445
5.700,3.800,1perp,-32.428515,22.90271,-1.4159248,-0.35557379
5.700,3.900,1perp,-37.743444,27.190555,-1.3881086,-0.34533522
5.700,4.000,1perp,-42.348371,31.968093,-1.3247074,-0.33593882
5.800,1.000,1perp,-1.264867,1.979532,-0.63897275,-1.8484828
5.800,1.100,1perp,-1.3525772,2.0311649,-0.66591205,-1.75047
5.800,1.200,1perp,-1.4794621,2.1293206,-0.69480475,-1.6831404
5.800,1.300,1perp,-1.5852982,2.1851659,-0.72548187,-1.5774733
5.800,1.400,1perp,-1.7129084,2.2600947,-0.7578923,-1.483821
5.800,1.500,1perp,-1.864239,2.3563926,-0.79114108,-1.4004191
5.800,1.600,1perp,-2.0183561,2.4468713,-0.82487219,-1.3110623
5.800,1.700,1perp,-2.1897278,2.5493521,-0.85893502,-1.2268011
5.800,1.800,1perp,-2.3828335,2.66858,-0.89292188,-1.1487515
5.800,1.900,1perp,-2.5917212,2.7969729,-0.9266165,-1.0729744
5.800,2.000,1perp,-2.8229925,2.9407352,-0.95996148,-1.001653
5.800,2.100,1perp,-3.082577,3.1048651,-0.99282156,-0.93550724
5.800,2.200,1perp,-3.3720799,3.2895414,-1.0250912,-0.87353031
5.800,2.300,1perp,-3.6978582,3.4993308,-1.056733,-0.81596153
5.800,2.400,1perp,-4.0682401,3.7402733,-1.0876852,-0.76296647
5.800,2.500,1perp,-4.4909483,4.0173893,-1.1178773,-0.71418058
5.800,2.600,1perp,-4.9766792,4.3378385,-1.1472716,-0.66943496
5.800,2.700,1perp,-5.539606,4.7111668,-1.1758459,-0.62861505
5.800,2.800,1perp,-6.1966045,5.1484449,-1.2035876,-0.59146766
5.800,2.900,1perp,-6.9691557,5.663621,-1.2305124,-0.55775139
5.800,3.000,1perp,-7.885155,6.2747081,-1.2566569,-0.52725584
5.800,3.100,1perp,-8.9800245,7.004385,-1.2820575,-0.49974548
5.800,3.200,1perp,-10.299011,7.8815186,-1.3067293,-0.47498202
5.800,3.300,1perp,-11.900176,8.9432908,-1.330626,-0.45274155
5.800,3.400,1perp,-13.856971,10.237393,-1.3535644,-0.43280269
5.800,3.500,1perp,-16.259949,11.824571,-1.3750985,-0.41494656
5.800,3.600,1perp,-19.214866,13.780982,-1.3943031,-0.39896214
5.800,3.700,1perp,-22.829677,16.198221,-1.4093941,-0.3846441
5.800,3.800,1perp,-27.174808,19.176418,-1.4170951,-0.37179044
5.800,3.900,1perp,-32.187521,22.800671,-1.4116919,-0.36020244
5.800,4.000,1perp,-37.483887,27.084166,-1.3839779,-0.34968317
5.900,1.000,1perp,-1.190777,1.9083033,-0.62399773,-2.0818711
5.900,1.100,1perp,-1.2706939,1.9533439,-0.65052234,-1.9678685
5.900,1.200,1perp,-1.3962578,2.0568276,-0.6788405,-1.9010858
5.900,1.300,1perp,-1.4890704,2.1003902,-0.7089494,-1.7738812
5.900,1.400,1perp,-1.6058792,2.1673802,-0.74093099,-1.6658444
5.900,1.500,1perp,-1.74773,2.2588706,-0.77371853,-1.5726347
5.900,1.600,1perp,-1.8869703,2.338264,-0.80699627,-1.4688261
5.900,1.700,1perp,-2.0422834,2.4293462,-0.84067204,-1.3718244
5.900,1.800,1perp,-2.2181318,2.5371098,-0.87427505,-1.282859
5.900,1.900,1perp,-2.4055959,2.6505402,-0.90758701,-1.1956623
5.900,2.000,1perp,-2.6120359,2.7770567,-0.9405771,-1.1136751
5.900,2.100,1perp,-2.8431444,2.9217627,-0.97309217,-1.037893
5.900,2.200,1perp,-3.098692,3.083216,-1.0050194,-0.96671929
5.900,2.300,1perp,-3.3842475,3.2655997,-1.0363326,-0.90057876
5.900,2.400,1perp,-3.7070909,3.4744193,-1.0669671,-0.83975162
5.900,2.500,1perp,-4.0728813,3.7132694,-1.0968451,-0.7837175
5.900,2.600,1perp,-4.4901305,3.9879334,-1.1259291,-0.73229377
5.900,2.700,1perp,-4.9703658,4.3063552,-1.1541932,-0.68538144
5.900,2.800,1perp,-5.5267433,4.6772698,-1.1816174,-0.64267118
5.900,2.900,1perp,-6.1760107,5.1116877,-1.2082136,-0.60388292
5.900,3.000,1perp,-6.9400428,5.6239277,-1.2340206,-0.56878597
5.900,3.100,1perp,-7.8463425,6.2317778,-1.2590857,-0.53711042
5.900,3.200,1perp,-8.9299273,6.9577221,-1.2834556,-0.50858381
5.900,3.300,1perp,-10.235943,7.8307056,-1.3071547,-0.48295571
5.900,3.400,1perp,-11.822049,8.88783,-1.330139,-0.45997815
5.900,3.500,1perp,-13.761067,10.176605,-1.3522258,-0.43940642
5.900,3.600,1perp,-16.143039,11.75771,-1.3729748,-0.42100754
5.900,3.700,1perp,-19.073323,13.707279,-1.391474,-0.40455694
5.900,3.800,1perp,-22.659868,16.116943,-1.4059656,-0.38983571
5.900,3.900,1perp,-26.974463,19.087207,-1.4132221,-0.37663125
5.900,4.000,1perp,-31.958733,22.704274,-1.4076087,-0.36473589
6.000,1.000,1perp,-1.1222638,1.8416136,-0.60939155,-2.3460746
6.000,1.100,1perp,-1.1950791,1.8803439,-0.63556415,-2.2134022
6.000,1.200,1perp,-1.3222317,1.993426,-0.66329608,-2.1531816
6.000,1.300,1perp,-1.4017325,2.0232069,-0.69282708,-1.9977558
6.000,1.400,1perp,-1.5089663,2.0830266,-0.72441045,-1.8730797
6.000,1.500,1perp,-1.6435752,2.1719089,-0.75674224,-1.7700569
6.000,1.600,1perp,-1.7692925,2.2408306,-0.78956995,-1.6489297
6.000,1.700,1perp,-1.910614,2.3218631,-0.82287967,-1.5372101
6.000,1.800,1perp,-2.0720358,2.4202799,-0.85611414,-1.4360948
6.000,1.900,1perp,-2.2410007,2.5206497,-0.88905677,-1.3356792
6.000,2.000,1perp,-2.4262174,2.6322906,-0.92171333,-1.2414204
6.000,2.100,1perp,-2.6333771,2.7606258,-0.95390585,-1.1546934
6.000,2.200,1perp,-2.8602942,2.9023396,-0.98551327,-1.0729769
6.000,2.300,1perp,-3.112102,3.0615101,-1.0165251,-0.99700738
6.000,2.400,1perp,-3.3954045,3.2433783,-1.0468728,-0.92724102
6.000,2.500,1perp,-3.7140621,3.4502215,-1.0764706,-0.86291915
6.000,2.600,1perp,-4.0749084,3.6867559,-1.1052829,-0.80385386
6.000,2.700,1perp,-4.4875083,3.9597522,-1.1332801,-0.74998089
6.000,2.800,1perp,-4.9620995,4.2760746,-1.1604333,-0.70091412
6.000,2.900,1perp,-5.5117881,4.6444432,-1.1867489,-0.65632722
6.000,3.000,1perp,-6.1538881,5.0763663,-1.2122624,-0.6159708
6.000,3.100,1perp,-6.9098415,5.585873,-1.2370209,-0.57953315
6.000,3.200,1perp,-7.8067881,6.1905468,-1.2610822,-0.54670063
6.000,3.300,1perp,-8.8797927,6.9130167,-1.2845033,-0.5171926
6.000,3.400,1perp,-10.173689,7.7821555,-1.3073098,-0.4907296
6.000,3.500,1perp,-11.745583,8.834878,-1.3294562,-0.46703564
6.000,3.600,1perp,-13.667883,10.118649,-1.3507616,-0.44585124
6.000,3.700,1perp,-16.030172,11.694099,-1.3707915,-0.42692824
6.000,3.800,1perp,-18.937345,13.637268,-1.3886466,-0.41002624
6.000,3.900,1perp,-22.497415,16.039838,-1.4025962,-0.3949145
6.000,4.000,1perp,-26.783564,19.002699,-1.409461,-0.38137058
0.100,1.000,LI,14.11316,34.18041,0.41290201,-0.0042797247
0.100,1.100,LI,14.137727,35.192985,0.40172004,-0.0039116035
0.100,1.200,LI,13.999238,36.211836,0.38659288,-0.0035600312
0.100,1.300,LI,13.680049,37.218036,0.36756505,-0.0032286004
0.100,1.400,LI,13.176629,38.193056,0.34500063,-0.0029195974
0.100,1.500,LI,12.501045,39.119246,0.31956253,-0.0026342288
0.100,1.600,LI,11.680547,39.980367,0.29215707,-0.0023728392
0.100,1.700,LI,10.755268,40.762169,0.26385417,-0.0021351072
0.100,1.800,LI,9.7743917,41.452987,0.23579463,-0.0019202161
0.100,1.900,LI,8.7912573,42.044319,0.20909501,-0.0017269982
0.100,2.000,LI,7.8580102,42.531312,0.18475824,-0.0015540532
0.100,2.100,LI,7.0204579,42.913048,0.16359728,-0.0013998435
0.100,2.200,LI,6.3138208,43.192569,0.14617841,-0.0012627706
0.100,2.300,LI,5.7599872,43.376576,0.13279027,-0.0011412327
0.100,2.400,LI,5.3666512,43.474825,0.12344273,-0.0010336686
0.100,2.500,LI,5.1283649,43.49928,0.1178954,-0.00093858877
0.100,2.600,LI,5.0291451,43.463158,0.11571053,-0.00085459706
0.100,2.700,LI,5.0459979,43.379968,0.11632092,-0.00078040338
0.100,2.800,LI,5.1526226,43.262672,0.11910089,-0.00071483049
0.100,2.900,LI,5.322669,43.123036,0.12342983,-0.00065681543
0.100,3.000,LI,5.532154,42.971203,0.12874096,-0.00060540739
0.100,3.100,LI,5.7609192,42.815477,0.13455226,-0.00055976265
0.100,3.200,LI,5.9932241,42.6623,0.14048057,-0.00051913785
0.100,3.300,LI,6.2176895,42.516359,0.14624228,-0.000482882
0.100,3.400,LI,6.4268337,42.380791,0.15164497,-0.00045042799
0.100,3.500,LI,6.6164077,42.257426,0.15657385,-0.00042128394
0.100,3.600,LI,6.7846756,42.147059,0.16097625,-0.00039502473
0.100,3.700,LI,6.9317275,42.049695,0.16484608,-0.00037128398
0.100,3.800,LI,7.0588727,41.964782,0.16820944,-0.00034974657
0.100,3.900,LI,7.1681327,41.891398,0.17111228,-0.0003301418
0.100,4.000,LI,7.2618438,41.82841,0.17361032,-0.00031223724
0.200,1.000,LI,14.131762,34.10204,0.41439639,-0.0087082966
0.200,1.100,LI,14.16465,35.116371,0.40336315,-0.0079493203
0.200,1.200,LI,14.034731,36.138012,0.38836477,-0.0072264693
0.200,1.300,LI,13.72376,37.148036,0.36943433,-0.0065467488
0.200,1.400,LI,13.227528,38.127867,0.34692546,-0.0059144578
0.200,1.500,LI,12.557435,39.059761,0.32149289,-0.0053316964
0.200,1.600,LI,11.74016,39.927344,0.29403809,-0.0047988376
0.200,1.700,LI,10.815445,40.716196,0.26563004,-0.0043149428
0.200,1.800,LI,9.8323246,41.414451,0.23741289,-0.0038781143
0.200,1.900,LI,8.8442627,42.013383,0.21051061,-0.0034857873
0.200,2.000,LI,7.9037903,42.507901,0.18593697,-0.0031349669
0.200,2.100,LI,7.0573148,42.896855,0.16451824,-0.0028224159
0.200,2.200,LI,6.3407901,43.183071,0.14683509,-0.0025448025
0.200,2.300,LI,5.7768709,43.373072,0.13319026,-0.0022988121
0.200,2.400,LI,5.3739529,43.47648,0.12360598,-0.0020812309
0.200,2.500,LI,5.127145,43.505188,0.11785135,-0.0018890047
0.200,2.600,LI,5.0208317,43.472393,0.11549471,-0.0017192785
0.200,2.700,LI,5.0321884,43.391639,0.11597138,-0.0015694205
0.200,2.800,LI,5.1349098,43.275964,0.11865501,-0.0014370327
0.200,2.900,LI,5.3025086,43.137239,0.12292183,-0.0013199533
0.200,3.000,LI,5.5107831,42.985725,0.12820031,-0.0012162502
0.200,3.100,LI,5.7393205,42.829852,0.13400281,-0.0011242105
0.200,3.200,LI,5.9721251,42.67618,0.13994048,-0.0010423257
0.200,3.300,LI,6.1975866,42.529502,0.14572441,-0.00096927583
0.200,3.400,LI,6.4080284,42.393046,0.15115754,-0.0009039112
0.200,3.500,LI,6.5990479,42.268718,0.15612132,-0.00084523511
0.200,3.600,LI,6.7687955,42.157369,0.1605602,-0.00079238642
0.200,3.700,LI,6.9172832,42.059047,0.164466,-0.00074462318
0.200,3.800,LI,7.0457716,41.973228,0.16786347,-0.00070130741
0.200,3.900,LI,7.1562565,41.899008,0.17079776,-0.00066189122
0.200,4.000,LI,7.251065,41.835263,0.17332424,-0.00062590434
0.300,1.000,LI,14.157853,33.974595,0.41671882,-0.013433869
0.300,1.100,LI,14.205311,34.99066,0.40597436,-0.012240841
0.300,1.200,LI,14.090445,36.015956,0.39122786,-0.011108467
0.300,1.300,LI,13.793985,37.031554,0.37249274,-0.010047177
0.300,1.400,LI,13.310564,38.018782,0.35010495,-0.0090630219
0.300,1.500,LI,12.650438,38.959722,0.32470555,-0.0081585714
0.300,1.600,LI,11.8393,39.837755,0.29718794,-0.0073337289
0.300,1.700,LI,10.916213,40.638153,0.26861982,-0.0065864277
0.300,1.800,LI,9.929938,41.348692,0.2401512,-0.0059132048
0.300,1.900,LI,8.9341218,41.960258,0.21291866,-0.0053096614
0.300,2.000,LI,7.9819265,42.467349,0.18795443,-0.0047708269
0.300,2.100,LI,7.1207568,42.868413,0.16610731,-0.0042914392
0.300,2.200,LI,6.3877963,43.165905,0.14798245,-0.0038661599
0.300,2.300,LI,5.8069952,43.366037,0.13390652,-0.0034897339
0.300,2.400,LI,5.3879433,43.478203,0.12392286,-0.0031571059
0.300,2.500,LI,5.1267074,43.514161,0.11781699,-0.0028635004
0.300,2.600,LI,5.0083137,43.487072,0.11516788,-0.0026044743
0.300,2.700,LI,5.0102462,43.410528,0.11541546,-0.0023759461
0.300,2.800,LI,5.1062111,43.29769,0.11793265,-0.0021742081
0.300,2.900,LI,5.269507,43.1606,0.12209068,-0.0019959241
0.300,3.000,LI,5.4755749,43.009718,0.12731018,-0.0018381183
0.300,3.100,LI,5.7035798,42.853681,0.13309428,-0.0016981556
0.300,3.200,LI,5.9370995,42.699246,0.1390446,-0.0015737183
0.300,3.300,LI,6.1641342,42.551389,0.14486329,-0.0014627798
0.300,3.400,LI,6.3766779,42.413488,0.15034552,-0.0013635765
0.300,3.500,LI,6.5700667,42.287578,0.15536635,-0.0012745803
0.300,3.600,LI,6.7422565,42.174606,0.15986531,-0.0011944716
0.300,3.700,LI,6.893125,42.074693,0.16383067,-0.0011221142
0.300,3.800,LI,7.023848,41.987366,0.1672848,-0.0010565314
0.300,3.900,LI,7.1363757,41.911751,0.17027147,-0.00099688497
0.300,4.000,LI,7.2330177,41.846743,0.17284542,-0.00094245562
0.400,1.000,LI,14.184573,33.802833,0.41962674,-0.018601273
0.400,1.100,LI,14.253595,34.819032,0.4093622,-0.01691553
0.400,1.200,LI,14.161183,35.847458,0.39504009,-0.015319642
0.400,1.300,LI,13.886579,36.869206,0.37664439,-0.013828338
0.400,1.400,LI,13.422736,37.865469,0.35448487,-0.012449722
0.400,1.500,LI,12.778229,38.818064,0.32918255,-0.011186711
0.400,1.600,LI,11.977296,39.709996,0.30161917,-0.010038344
0.400,1.700,LI,11.057967,40.526071,0.27286058,-0.0090008828
0.400,1.800,LI,10.068551,41.253531,0.2440652,-0.0080687023
0.400,1.900,LI,9.0629,41.882677,0.21638779,-0.0072349818
0.400,2.000,LI,8.0950227,42.407404,0.19088701,-0.0064922304
0.400,2.100,LI,7.2137089,42.825564,0.16844399,-0.0058326778
0.400,2.200,LI,6.4578766,43.139069,0.14969902,-0.0052485616
0.400,2.300,LI,5.8533254,43.353671,0.13501337,-0.004732332
0.400,2.400,LI,5.4113696,43.47842,0.12446105,-0.0042767945
0.400,2.500,LI,5.1294792,43.524865,0.1178517,-0.0038752048
0.400,2.600,LI,4.9936416,43.506095,0.11478028,-0.0035213252
0.400,2.700,LI,4.9818289,43.435761,0.11469418,-0.0032094537
0.400,2.800,LI,5.0678073,43.327182,0.116966,-0.0029344295
0.400,2.900,LI,5.2246056,43.192632,0.12096057,-0.0026916239
0.400,3.000,LI,5.4271815,43.042848,0.12608788,-0.0024769174
0.400,3.100,LI,5.6541138,42.886753,0.13183823,-0.0022866698
0.400,3.200,LI,5.8883811,42.731388,0.1377999,-0.0021176845
0.400,3.300,LI,6.1174306,42.58198,0.14366242,-0.0019671693
0.400,3.400,LI,6.3327846,42.442132,0.14920986,-0.0018326974
0.400,3.500,LI,6.5294027,42.314056,0.15430812,-0.0017121679
0.400,3.600,LI,6.7049583,42.198844,0.15888962,-0.0016037681
0.400,3.700,LI,6.8591317,42.096722,0.16293743,-0.0015059381
0.400,3.800,LI,6.9929727,42.007289,0.16647046,-0.0014173381
0.400,3.900,LI,7.1083616,41.929721,0.16953038,-0.001336819
0.400,4.000,LI,7.2075793,41.862936,0.1721709,-0.0012633952
0.500,1.000,LI,14.203285,33.593347,0.42280053,-0.024345788
0.500,1.100,LI,14.301408,34.60625,0.41326085,-0.022101603
0.500,1.200,LI,14.239703,35.635555,0.39959255,-0.019977676
0.500,1.300,LI,13.995446,36.66247,0.38173767,-0.017995544
0.500,1.400,LI,13.559325,37.668067,0.35996871,-0.016166962
0.500,1.500,LI,12.937621,38.633832,0.33487803,-0.01449599
0.500,1.600,LI,12.152541,39.542268,0.30733039,-0.012980966
0.500,1.700,LI,11.240629,40.377546,0.27838812,-0.011616225
0.500,1.800,LI,10.249467,41.12617,0.24922007,-0.010393474
0.500,1.900,LI,9.2330511,41.777637,0.22100463,-0.0093028478
0.500,2.000,LI,8.2464012,42.325014,0.19483517,-0.0083336872
0.500,2.100,LI,7.3400524,42.765339,0.17163555,-0.0074750958
0.500,2.200,LI,6.5551659,43.099776,0.15209281,-0.0067163272
0.500,2.300,LI,5.9199741,43.333439,0.13661445,-0.0060470472
0.500,2.400,LI,5.4480975,43.474895,0.12531594,-0.005457503
0.500,2.500,LI,5.1389175,43.535387,0.11804001,-0.0049386272
0.500,2.600,LI,4.9797682,43.52788,0.11440411,-0.0044820913
0.500,2.700,LI,4.9493487,43.466069,0.11386695,-0.0040803252
0.500,2.800,LI,5.0215827,43.363459,0.11580217,-0.00372651
0.500,2.900,LI,5.1692071,43.23261,0.11956731,-0.0034145526
0.500,3.000,LI,5.3665898,43.084605,0.12455934,-0.0031390477
0.500,3.100,LI,5.5915686,42.928741,0.13025233,-0.0028952309
0.500,3.200,LI,5.8263482,42.772419,0.13621741,-0.0026789266
0.500,3.300,LI,6.057653,42.621202,0.14212769,-0.0024864945
0.500,3.400,LI,6.2763822,42.478982,0.14775265,-0.0023147747
0.500,3.500,LI,6.4769924,42.348214,0.15294606,-0.0021610349
0.500,3.600,LI,6.6567763,42.23018,0.15763078,-0.0020229203
0.500,3.700,LI,6.8151448,42.125249,0.1617829,-0.0018984064
0.500,3.800,LI,6.9529724,42.033121,0.16541651,-0.0017857561
0.500,3.900,LI,7.072039,41.95304,0.16857036,-0.0016834805
0.500,4.000,LI,7.1745806,41.883961,0.17129661,-0.0015903041
0.600,1.000,LI,14.204389,33.354366,0.42586296,-0.030782217
0.600,1.100,LI,14.339209,34.358759,0.4173378,-0.027919155
0.600,1.200,LI,14.316951,35.384839,0.40460693,-0.025200659
0.600,1.300,LI,14.112476,36.414129,0.38755496,-0.022659795
0.600,1.400,LI,13.713595,37.427685,0.36640243,-0.02031562
0.600,1.500,LI,13.123586,38.406673,0.34170068,-0.018175778
0.600,1.600,LI,12.361924,39.333017,0.31428873,-0.016239277
0.600,1.700,LI,11.46306,40.190095,0.28522101,-0.014499038
0.600,1.800,LI,10.473418,40.963472,0.25567701,-0.012944025
0.600,1.900,LI,9.446945,41.641603,0.22686315,-0.011560888
0.600,2.000,LI,8.4397321,42.216467,0.19991564,-0.010335173
0.600,2.100,LI,7.5043625,42.684037,0.17581192,-0.0092521678
0.600,2.200,LI,6.684734,43.044483,0.15529828,-0.0082974642
0.600,2.300,LI,6.0121243,43.302072,0.13884149,-0.0074573184
0.600,2.400,LI,5.5031015,43.464711,0.12661079,-0.0067188674
0.600,2.500,LI,5.1595478,43.543203,0.11849261,-0.0060702439
0.600,2.600,LI,4.970617,43.550309,0.11413506,-0.0055006252
0.600,2.700,LI,4.9160568,43.499735,0.11301349,-0.0050002344
0.600,2.800,LI,4.9701132,43.405178,0.11450508,-0.0045603117
0.600,2.900,LI,5.1052592,43.279525,0.11796015,-0.0041730648
0.600,3.000,LI,5.2951977,43.134272,0.1227608,-0.0038316071
0.600,3.100,LI,5.5168838,42.979165,0.12836182,-0.0035298873
0.600,3.200,LI,5.7515763,42.822054,0.13431342,-0.0032626161
0.600,3.300,LI,5.9851002,42.668917,0.14026839,-0.0030251918
0.600,3.400,LI,6.2075681,42.524014,0.14597795,-0.0028136276
0.600,3.500,LI,6.4127947,42.390105,0.15128046,-0.0026244815
0.600,3.600,LI,6.59758,42.268719,0.15608659,-0.002454791
0.600,3.700,LI,6.7609812,42.16041,0.16036327,-0.0023020124
0.600,3.800,LI,6.9036381,42.065015,0.16411828,-0.0021639655
0.600,3.900,LI,7.0271914,41.981865,0.16738636,-0.0020387837
0.600,4.000,LI,7.1338098,41.909969,0.17021749,-0.0019248698
0.700,1.000,LI,14.178094,33.095463,0.42839994,-0.037989257
0.700,1.100,LI,14.356681,34.08462,0.42120701,-0.034468312
0.700,1.200,LI,14.382521,35.101632,0.40973939,-0.031099149
0.700,1.300,LI,14.227727,36.128632,0.39380753,-0.027933272
0.700,1.400,LI,13.876668,37.146889,0.37356204,-0.025003186
0.700,1.500,LI,13.328876,38.137376,0.3494964,-0.022324927
0.700,1.600,LI,12.600261,39.081455,0.32241024,-0.019901471
0.700,1.700,LI,11.722389,39.961631,0.2933411,-0.017726268
0.700,1.800,LI,10.739883,40.762355,0.26347554,-0.015786396
0.700,1.900,LI,9.7062382,41.470805,0.23404991,-0.014065125
0.700,2.000,LI,8.6785065,42.077602,0.20625003,-0.012543836
0.700,2.100,LI,7.7115062,42.577358,0.18111754,-0.011203372
0.700,2.200,LI,6.8523148,42.968972,0.15947123,-0.010024935
0.700,2.300,LI,6.1358762,43.255596,0.14185162,-0.0089906357
0.700,2.400,LI,5.5824094,43.444255,0.12849592,-0.0080838165
0.700,2.500,LI,5.1969816,43.545142,0.11934699,-0.0072891998
0.700,2.600,LI,4.9711489,43.570688,0.11409388,-0.0065929398
0.700,2.700,LI,4.8861369,43.534543,0.11223586,-0.0059826042
0.700,2.800,LI,4.9167716,43.450578,0.11315779,-0.0054471151
0.700,2.900,LI,5.03536,43.332032,0.1162041,-0.0049766673
0.700,3.000,LI,5.21491,43.190867,0.12074103,-0.0045626316
0.700,3.100,LI,5.4313771,43.037353,0.12620147,-0.0041974538
0.700,3.200,LI,5.6649087,42.87987,0.13211115,-0.0038745512
0.700,3.300,LI,5.9002486,42.7249,0.13809859,-0.0035882121
0.700,3.400,LI,6.126548,42.577149,0.14389287,-0.003333499
0.700,3.500,LI,6.3368242,42.439759,0.14931339,-0.0031061577
0.700,3.600,LI,6.5272571,42.314563,0.15425557,-0.0029025325
0.700,3.700,LI,6.6964505,42.202355,0.15867481,-0.0027194896
0.700,3.800,LI,6.8447372,42.103143,0.1625707,-0.0025543464
0.700,3.900,LI,6.9735693,42.016376,0.16597265,-0.0024048096
0.700,4.000,LI,7.0850169,41.94114,0.16892762,-0.0022689193
0.800,1.000,LI,14.114962,32.827238,0.42997714,-0.045990543
0.800,1.100,LI,14.343383,33.793303,0.42444455,-0.041812748
0.800,1.200,LI,14.425264,34.793952,0.41459113,-0.037763408
0.800,1.300,LI,14.329859,35.81227,0.40013825,-0.033920554
0.800,1.400,LI,14.037695,36.830059,0.38114777,-0.030338568
0.800,1.500,LI,13.543878,37.828356,0.35803507,-0.027049391
0.800,1.600,LI,12.859867,38.788114,0.33154144,-0.024065868
0.800,1.700,LI,12.013377,39.691005,0.30267253,-0.021386078
0.800,1.800,LI,11.046338,40.520278,0.27261259,-0.018997691
0.800,1.900,LI,10.011111,41.261649,0.24262509,-0.016881774
0.800,2.000,LI,8.9653439,41.904116,0.213949,-0.015015802
0.800,2.100,LI,7.9660752,42.440624,0.18769929,-0.013375861
0.800,2.200,LI,7.0638865,42.868474,0.16478045,-0.011938124
0.800,2.300,LI,6.2979775,43.189392,0.14582232,-0.01067979
0.800,2.400,LI,5.6929645,43.409239,0.13114638,-0.0095796125
0.800,2.500,LI,5.2578833,43.537363,0.12076715,-0.0086181614
0.800,2.600,LI,4.987405,43.585696,0.11442756,-0.0077779011
0.800,2.700,LI,4.8647967,43.567717,0.11166058,-0.0070431657
0.800,2.800,LI,4.8658433,43.497418,0.11186511,-0.006400069
0.800,2.900,LI,4.9628799,43.388387,0.11438268,-0.0058363806
0.800,3.000,LI,5.1282561,43.253089,0.11856393,-0.0053413864
0.800,3.100,LI,5.3368495,43.102381,0.12381797,-0.0049057452
0.800,3.200,LI,5.5675464,42.945259,0.12964286,-0.0045213463
0.800,3.300,LI,5.8038269,42.788794,0.13563895,-0.004181174
0.800,3.400,LI,6.0336942,42.638226,0.14150904,-0.0038791798
0.800,3.500,LI,6.2491968,42.497155,0.14704977,-0.0036101645
0.800,3.600,LI,6.4457475,42.367792,0.15213791,-0.0033696695
0.800,3.700,LI,6.6213802,42.251227,0.15671451,-0.0031538797
0.800,3.800,LI,6.7760315,42.147686,0.16076877,-0.002959535
0.800,3.900,LI,6.910902,42.056775,0.16432316,-0.0027838526
0.800,4.000,LI,7.0279222,41.977677,0.16742047,-0.0026244582
0.900,1.000,LI,14.006059,32.561142,0.43014642,-0.054735316
0.900,1.100,LI,14.289195,33.495427,0.42660138,-0.049960164
0.900,1.200,LI,14.433909,34.471317,0.4187223,-0.045246167
0.900,1.300,LI,14.406768,35.473133,0.40613182,-0.040705073
0.900,1.400,LI,14.184335,36.483544,0.3887872,-0.036422615
0.900,1.500,LI,13.756818,37.483996,0.36700512,-0.032456472
0.900,1.600,LI,13.130421,38.455327,0.34144608,-0.028838128
0.900,1.700,LI,12.32796,39.378557,0.31306275,-0.025577197
0.900,1.800,LI,11.387559,40.235797,0.2830206,-0.022666771
0.900,1.900,LI,10.359451,41.011215,0.25260045,-0.020088667
0.900,2.000,LI,9.3011645,41.691985,0.22309238,-0.017817915
0.900,2.100,LI,8.2716412,42.269094,0.19569005,-0.015826235
0.900,2.200,LI,7.3250722,42.737895,0.17139525,-0.014084498
0.900,2.300,LI,6.5053927,43.09833,0.15094303,-0.012564336
0.900,2.400,LI,5.8423613,43.354752,0.13475711,-0.0112391
0.900,2.500,LI,5.3498501,43.515363,0.12294164,-0.010084357
0.900,2.600,LI,5.026496,43.591354,0.11530947,-0.0090780797
0.900,2.700,LI,4.8583328,43.595864,0.11144022,-0.0082006497
0.900,2.800,LI,4.8226366,43.542905,0.11075597,-0.0074347472
0.900,2.900,LI,4.8920925,43.446371,0.11260072,-0.0067651865
0.900,3.000,LI,5.0385234,43.319242,0.11631144,-0.0061787247
0.900,3.100,LI,5.2357098,43.173016,0.12127274,-0.0056638649
0.900,3.200,LI,5.4611575,43.017374,0.12695237,-0.0052106638
0.900,3.300,LI,5.6969075,42.860065,0.13291878,-0.0048105509
0.900,3.400,LI,5.9296203,42.706955,0.13884437,-0.0044561599
0.900,3.500,LI,6.1501875,42.56219,0.14449885,-0.0041411762
0.900,3.600,LI,6.3530883,42.428437,0.14973656,-0.0038601983
0.900,3.700,LI,6.5356481,42.307148,0.15448094,-0.0036086138
0.900,3.800,LI,6.6973002,42.198825,0.15870821,-0.0033824896
0.900,3.900,LI,6.8389145,42.10327,0.16243191,-0.0031784748
0.900,4.000,LI,6.9622268,42.0198,0.16568919,-0.0029937152
1.000,1.000,LI,13.842611,32.309579,0.42843673,-0.064082644
1.000,1.100,LI,14.184383,33.202615,0.42720681,-0.058842773
1.000,1.200,LI,14.397477,34.144486,0.42166332,-0.053542649
1.000,1.300,LI,14.44622,35.120877,0.41132856,-0.048331276
1.000,1.400,LI,14.303435,36.115571,0.39604621,-0.043333942
1.000,1.500,LI,13.954303,37.110758,0.37601774,-0.038644791
1.000,1.600,LI,13.399214,38.087531,0.35180054,-0.034325062
1.000,1.700,LI,12.655134,39.026585,0.32426956,-0.030405819
1.000,1.800,LI,11.755158,39.909115,0.29454821,-0.026893391
1.000,1.900,LI,10.746114,40.717823,0.26391671,-0.023775834
1.000,2.000,LI,9.6843103,41.437979,0.23370614,-0.021029107
1.000,2.100,LI,8.6298696,42.058389,0.20518783,-0.018622265
1.000,2.200,LI,7.6403513,42.572136,0.17946836,-0.016521378
1.000,2.300,LI,6.7646796,42.97699,0.15740236,-0.014692259
1.000,2.400,LI,6.0384102,43.275393,0.1395345,-0.013102178
1.000,2.500,LI,5.4811559,43.474028,0.12607886,-0.011720833
1.000,2.600,LI,5.096499,43.583025,0.11693771,-0.010520799
1.000,2.700,LI,4.8741409,43.61494,0.11175393,-0.0094776443
1.000,2.800,LI,4.7935671,43.583634,0.10998548,-0.0085698436
1.000,2.900,LI,4.8283014,43.50322,0.11098722,-0.0077785871
1.000,3.000,LI,4.9499001,43.387167,0.11408673,-0.0070875357
1.000,3.100,LI,5.1311168,43.247636,0.11864502,-0.006482563
1.000,3.200,LI,5.3480072,43.095058,0.12409792,-0.005951501
1.000,3.300,LI,5.5810187,42.937943,0.12997872,-0.0054839007
1.000,3.400,LI,5.815274,42.782875,0.13592527,-0.0050708129
1.000,3.500,LI,6.0403054,42.634642,0.141676,-0.0047045896
1.000,3.600,LI,6.2494707,42.496451,0.14705865,-0.0043787074
1.000,3.700,LI,6.4392262,42.370195,0.15197537,-0.0040876102
1.000,3.800,LI,6.6083723,42.256717,0.15638631,-0.0038265711
1.000,3.900,LI,6.7573497,42.15607,0.16029364,-0.0035915714
1.000,4.000,LI,6.8876289,42.067742,0.16372709,-0.0033791957
1.100,1.000,LI,13.615079,32.086423,0.42432522,-0.073793014
1.100,1.100,LI,14.01915,32.92762,0.42575656,-0.068301735
1.100,1.200,LI,14.305295,33.825317,0.4229168,-0.062570962
1.100,1.300,LI,14.436268,34.766455,0.41523555,-0.056784283
1.100,1.400,LI,14.38172,35.735984,0.40244365,-0.051110574
1.100,1.500,LI,14.122084,36.71705,0.38461924,-0.045689567
1.100,1.600,LI,13.651784,37.691336,0.36219952,-0.040624125
1.100,1.700,LI,12.981273,38.639615,0.33595761,-0.035979047
1.100,1.800,LI,12.13749,39.542529,0.30694775,-0.031784854
1.100,1.900,LI,11.162437,40.381578,0.276424,-0.028044481
1.100,2.000,LI,10.109764,41.140228,0.24573913,-0.024740893
1.100,2.100,LI,9.0395834,41.805023,0.21623199,-0.021844225
1.100,2.200,LI,8.012119,42.366533,0.18911434,-0.019317653
1.100,2.300,LI,7.0811604,42.819988,0.16537045,-0.017121757
1.100,2.400,LI,6.2884924,43.165488,0.14568334,-0.015217483
1.100,2.500,LI,5.6603137,43.407758,0.13039867,-0.013567947
1.100,2.600,LI,5.2062117,43.555462,0.11953063,-0.012139408
1.100,2.700,LI,4.9206277,43.620236,0.11280608,-0.010901654
1.100,2.800,LI,4.7861853,43.615544,0.10973577,-0.0098280389
1.100,2.900,LI,4.7779398,43.555557,0.10969759,-0.0088953058
1.100,3.000,LI,4.8676136,43.454156,0.11201722,-0.0080833081
1.100,3.100,LI,5.0271292,43.324154,0.11603525,-0.0073746878
1.100,3.200,LI,5.2311036,43.176772,0.1211555,-0.0067545502
1.100,3.300,LI,5.4582767,43.021354,0.12687366,-0.0062101541
1.100,3.400,LI,5.6920497,42.865294,0.13278924,-0.0057306268
1.100,3.500,LI,5.9203854,42.714116,0.13860489,-0.0053067088
1.100,3.600,LI,6.1353138,42.571668,0.1441173,-0.0049305268
1.100,3.700,LI,6.3322371,42.440368,0.14920316,-0.0045953947
1.100,3.800,LI,6.5091691,42.321477,0.15380298,-0.0042956393
1.100,3.900,LI,6.6660003,42.215359,0.15790462,-0.0040264496
1.100,4.000,LI,6.8038458,42.121729,0.16152817,-0.0037837463
1.200,1.000,LI,13.311513,31.908096,0.41718292,-0.083529542
1.200,1.100,LI,13.782562,32.684883,0.42168001,-0.078079275
1.200,1.200,LI,14.146456,33.526907,0.42194337,-0.07215681
1.200,1.300,LI,14.365233,34.421964,0.41732752,-0.065970234
1.200,1.400,LI,14.406223,35.355941,0.40746258,-0.059729304
1.200,1.500,LI,14.245805,36.312915,0.39230684,-0.053623817
1.200,1.600,LI,13.872768,37.275344,0.37217008,-0.047808221
1.200,1.700,LI,13.290853,38.224422,0.34770579,-0.042393967
1.200,1.800,LI,12.520044,39.140673,0.31987298,-0.037449131
1.200,1.900,LI,11.596189,40.004801,0.28986995,-0.033003429
1.200,2.000,LI,10.568653,40.798768,0.25904344,-0.029056221
1.200,2.100,LI,9.4959408,41.506976,0.2287794,-0.025585326
1.200,2.200,LI,8.4396967,42.117388,0.20038509,-0.022555097
1.200,2.300,LI,7.4579326,42.622422,0.17497674,-0.01992296
1.200,2.400,LI,6.5986983,43.019429,0.15338879,-0.017644187
1.200,2.500,LI,5.8954149,43.310691,0.13611916,-0.015675069
1.200,2.600,LI,5.364714,43.502929,0.12331846,-0.013974792
1.200,2.700,LI,5.0069762,43.606425,0.11482198,-0.012506392
1.200,2.800,LI,4.8091034,43.633902,0.11021484,-0.011237075
1.200,2.900,LI,4.7486127,43.599341,0.10891478,-0.010138166
1.200,3.000,LI,4.7980427,43.516885,0.11025703,-0.0091848397
1.200,3.100,LI,4.9288536,43.399939,0.11356821,-0.0083557543
1.200,3.200,LI,5.1143543,43.260515,0.11822222,-0.0076326538
1.200,3.300,LI,5.3315342,43.108846,0.12367611,-0.0069999769
1.200,3.400,LI,5.5619208,42.953217,0.12948787,-0.0064444933
1.200,3.500,LI,5.7917006,42.79999,0.13532014,-0.0059549762
1.200,3.600,LI,6.0113554,42.653754,0.1409338,-0.0055219124
1.200,3.700,LI,6.215026,42.51755,0.14617554,-0.0051372489
1.200,3.800,LI,6.3997593,42.393141,0.15096214,-0.0047941736
1.200,3.900,LI,6.5647494,42.281282,0.15526373,-0.0044869257
1.200,4.000,LI,6.7106436,42.181969,0.15908797,-0.0042106337
1.300,1.000,LI,12.914781,31.795445,0.40618337,-0.092868422
1.300,1.100,LI,13.46063,32.491684,0.41427922,-0.087820536
1.300,1.200,LI,13.908595,33.264184,0.41812524,-0.082026185
1.300,1.300,LI,14.221085,34.100801,0.41703084,-0.075701304
1.300,1.400,LI,14.364246,34.987756,0.41055066,-0.06908601
1.300,1.500,LI,14.311469,35.909708,0.39854038,-0.062417427
1.300,1.600,LI,14.046725,36.849799,0.38118864,-0.055906481
1.300,1.700,LI,13.567405,37.789805,0.35902288,-0.049722016
1.300,1.800,LI,12.886262,38.710492,0.33288809,-0.043983557
1.300,1.900,LI,12.032026,39.592239,0.3038986,-0.038761953
1.300,2.000,LI,11.048227,40.415955,0.273363,-0.034085733
1.300,2.100,LI,9.9899284,41.164229,0.2426847,-0.029950467
1.300,2.200,LI,8.9184679,41.822551,0.21324543,-0.026328759
1.300,2.300,LI,7.8948282,42.380418,0.18628481,-0.023179242
1.300,2.400,LI,6.972793,42.83212,0.16279355,-0.020453736
1.300,2.500,LI,6.1932388,43.177038,0.14343825,-0.018102404
1.300,2.600,LI,5.5806966,43.419421,0.12852996,-0.016077103
1.300,2.700,LI,5.1427095,43.56768,0.11803956,-0.014333315
1.300,2.800,LI,4.8717708,43.633342,0.11165248,-0.012831068
1.300,2.900,LI,4.7490375,43.629848,0.10884836,-0.011535182
1.300,3.000,LI,4.7487724,43.57136,0.10898839,-0.010415129
1.300,3.100,LI,4.842566,43.471736,0.11139573,-0.0094446639
1.300,3.200,LI,5.0027195,43.343737,0.11541966,-0.00860138
1.300,3.300,LI,5.2045399,43.198501,0.12047964,-0.0078662298
1.300,3.400,LI,5.4275895,43.045275,0.12609025,-0.0072230736
1.300,3.500,LI,5.656094,42.891348,0.13187028,-0.0066582642
1.300,3.600,LI,5.8787633,42.742153,0.13754018,-0.0061602786
1.300,3.700,LI,6.0882501,42.601462,0.14291176,-0.0057193963
1.300,3.800,LI,6.280429,42.471638,0.14787348,-0.0053274214
1.300,3.900,LI,6.4536245,42.353909,0.15237377,-0.0049774448
1.300,4.000,LI,6.6078782,42.248629,0.15640456,-0.004663641
1.400,1.000,LI,12.397698,31.776879,0.3901484,-0.10131545
1.400,1.100,LI,13.033045,32.370148,0.40262545,-0.097084574
1.400,1.200,LI,13.575696,33.05512,0.41069874,-0.091807924
1.400,1.300,LI,13.990065,33.818275,0.41368358,-0.085688965
1.400,1.400,LI,14.242669,34.645063,0.41110241,-0.078980958
1.400,1.500,LI,14.305377,35.51993,0.40274227,-0.071957444
1.400,1.600,LI,14.158636,36.426236,0.38869336,-0.064883073
1.400,1.700,LI,13.794415,37.346198,0.36936597,-0.057989378
1.400,1.800,LI,13.218597,38.260976,0.34548509,-0.051458801
1.400,1.900,LI,12.452407,39.151003,0.318061,-0.045418132
1.400,2.000,LI,11.532378,39.996644,0.28833363,-0.039940342
1.400,2.100,LI,10.508359,40.779172,0.25768937,-0.035052327
1.400,2.200,LI,9.4393565,41.481959,0.2275533,-0.030745628
1.400,2.300,LI,8.3875083,42.091715,0.19926744,-0.02698758
1.400,2.400,LI,7.411128,42.599536,0.17397204,-0.023731163
1.400,2.500,LI,6.5581786,43.001546,0.1525103,-0.020922754
1.400,2.600,LI,5.861547,43.299011,0.13537369,-0.018507611
1.400,2.700,LI,5.3370124,43.497898,0.12269587,-0.016433382
1.400,2.800,LI,4.984043,43.607987,0.11429198,-0.014652068
1.400,2.900,LI,4.7888302,43.641707,0.10973059,-0.013120894
1.400,3.000,LI,4.7285464,43.612889,0.10842085,-0.011802482
1.400,3.100,LI,4.7757773,43.535613,0.10969818,-0.010664609
1.400,3.200,LI,4.9023423,43.423265,0.11289668,-0.0096797525
1.400,3.300,LI,5.0820972,43.28786,0.11740237,-0.008824552
1.400,3.400,LI,5.2926488,43.139638,0.12268644,-0.0080792634
1.400,3.500,LI,5.5161291,42.986897,0.12832117,-0.0074272446
1.400,3.600,LI,5.7392657,42.836016,0.13398225,-0.0068544924
1.400,3.700,LI,5.9529881,42.691604,0.13944166,-0.0063492359
1.400,3.800,LI,6.1517706,42.556732,0.14455458,-0.0059015849
1.400,3.900,LI,6.3328668,42.4332,0.14924321,-0.0055032303
1.400,4.000,LI,6.4955469,42.321804,0.15347992,-0.0051471885
1.500,1.000,LI,11.713725,31.893805,0.36727272,-0.10832373
1.500,1.100,LI,12.46735,32.350646,0.38538178,-0.10536114
1.500,1.200,LI,13.124337,32.922854,0.39863912,-0.10104534
1.500,1.300,LI,13.654234,33.592884,0.40646208,-0.095547277
1.500,1.400,LI,14.026425,34.343457,0.40841622,-0.089112629
1.500,1.500,LI,14.213376,35.157392,0.40427846,-0.082033645
1.500,1.600,LI,14.193839,36.017306,0.39408385,-0.074617451
1.500,1.700,LI,13.955867,36.905298,0.37815347,-0.067155513
1.500,1.800,LI,13.499489,37.802734,0.35710352,-0.059898875
1.500,1.900,LI,12.83875,38.690257,0.33183419,-0.053042437
1.500,2.000,LI,12.002655,39.548098,0.30349512,-0.046719267
1.500,2.100,LI,11.034458,40.356758,0.27342282,-0.041003718
1.500,2.200,LI,9.9888422,41.098026,0.24304919,-0.035920583
1.500,2.300,LI,8.9269224,41.756201,0.21378675,-0.031457145
1.500,2.400,LI,7.9096953,42.319308,0.18690512,-0.027575423
1.500,2.500,LI,6.99111,42.780053,0.16341985,-0.024222838
1.500,2.600,LI,6.2122428,43.13631,0.14401424,-0.021340488
1.500,2.700,LI,5.5978002,43.391041,0.1290082,-0.018868939
1.500,2.800,LI,5.1555006,43.551664,0.11837666,-0.01675185
1.500,2.900,LI,4.8780814,43.629017,0.11180819,-0.014937954
1.500,3.000,LI,4.7470647,43.636122,0.1087875,-0.013381872
1.500,3.100,LI,4.737197,43.586932,0.10868388,-0.0120442
1.500,3.200,LI,4.8206221,43.495239,0.11083103,-0.010891169
1.500,3.300,LI,4.9701989,43.373832,0.1145898,-0.0098941009
1.500,3.400,LI,5.1617433,43.233932,0.11939102,-0.009028784
1.500,3.500,LI,5.3752516,43.084893,0.12475955,-0.008274859
1.500,3.600,LI,5.5953015,42.934127,0.13032294,-0.0076152468
1.500,3.700,LI,5.8108704,42.78719,0.13580864,-0.0070356394
1.500,3.800,LI,6.01479,42.647976,0.14103342,-0.0065240574
1.500,3.900,LI,6.2030173,42.518962,0.14588826,-0.0060704719
1.500,4.000,LI,6.3738571,42.401484,0.15032156,-0.0056664833
1.600,1.000,LI,10.777404,32.210636,0.33459147,-0.11330744
1.600,1.100,LI,11.70763,32.477723,0.36048184,-0.11208824
1.600,1.200,LI,12.51691,32.899286,0.38046145,-0.1092134
1.600,1.300,LI,13.187249,33.448508,0.39425522,-0.1048052
1.600,1.400,LI,13.695816,34.101795,0.40161569,-0.099081734
1.600,1.500,LI,14.019209,34.837883,0.40241276,-0.092332904
1.600,1.600,LI,14.137215,35.636955,0.39670098,-0.084890162
1.600,1.700,LI,14.036173,36.479881,0.38476477,-0.077093362
1.600,1.800,LI,13.711956,37.347606,0.36714417,-0.069259411
1.600,1.900,LI,13.172492,38.220772,0.34464221,-0.061657375
1.600,2.000,LI,12.439505,39.079639,0.31831167,-0.054493252
1.600,2.100,LI,11.548955,39.904379,0.28941574,-0.047905313
1.600,2.200,LI,10.549597,40.675781,0.25935819,-0.041968528
1.600,2.300,LI,9.4993333,41.376298,0.22958393,-0.036705127
1.600,2.400,LI,8.4595632,41.99127,0.20146005,-0.032097929
1.600,2.500,LI,7.4884054,42.510088,0.17615596,-0.028103615
1.600,2.600,LI,6.6341812,42.927035,0.15454552,-0.024664147
1.600,2.700,LI,5.9305852,43.241609,0.13714997,-0.021715526
1.600,2.800,LI,5.3945064,43.458253,0.12413077,-0.01919383
1.600,2.900,LI,5.026676,43.585566,0.11532891,-0.01703895
1.600,3.000,LI,4.8145678,43.63516,0.11033689,-0.015196554
1.600,3.100,LI,4.7365412,43.620381,0.10858551,-0.013618843
1.600,3.200,LI,4.7661882,43.555088,0.10942896,-0.012264546
1.600,3.300,LI,4.876108,43.452642,0.11221661,-0.011098484
1.600,3.400,LI,5.0407083,43.325156,0.11634599,-0.010090932
1.600,3.500,LI,5.2379524,43.183045,0.1212965,-0.0092169178
1.600,3.600,LI,5.4501818,43.034817,0.12664587,-0.0084555366
1.600,3.700,LI,5.6642265,42.887073,0.13207305,-0.007789328
1.600,3.800,LI,5.8710349,42.744639,0.13735137,-0.0072037219
1.600,3.900,LI,6.0650235,42.61079,0.14233539,-0.0066865633
1.600,4.000,LI,6.2433105,42.487508,0.14694461,-0.006227709
1.700,1.000,LI,9.4186032,32.834566,0.28685024,-0.11564782
1.700,1.100,LI,10.650433,32.821048,0.32450008,-0.11666537
1.700,1.200,LI,11.688362,33.031366,0.35385646,-0.11573631
1.700,1.300,LI,12.546709,33.418144,0.37544602,-0.11292426
1.700,1.400,LI,13.221876,33.944457,0.38951504,-0.10840423
1.700,1.500,LI,13.701619,34.58049,0.39622398,-0.10244391
1.700,1.600,LI,13.971438,35.301091,0.3957792,-0.095377725
1.700,1.700,LI,14.019319,36.083984,0.38851914,-0.087575368
1.700,1.800,LI,13.839523,36.908471,0.37496873,-0.079407786
1.700,1.900,LI,13.435714,37.754512,0.35587043,-0.071215502
1.700,2.000,LI,12.823412,38.602177,0.33219401,-0.063283866
1.700,2.100,LI,12.031411,39.43149,0.30512189,-0.055828525
1.700,2.200,LI,11.101644,40.222717,0.27600433,-0.048991845
1.700,2.300,LI,10.086991,40.957083,0.24628196,-0.042848675
1.700,2.400,LI,9.0469021,41.617828,0.21738045,-0.037418258
1.700,2.500,LI,8.041344,42.191415,0.19059195,-0.032678768
1.700,2.600,LI,7.1241571,42.668612,0.16696482,-0.028581553
1.700,2.700,LI,6.3372747,43.045207,0.1472237,-0.025063238
1.700,2.800,LI,5.707053,43.32216,0.13173519,-0.022054905
1.700,2.900,LI,5.2433452,43.505174,0.12052234,-0.019488356
1.700,3.000,LI,4.9411609,43.603771,0.11331958,-0.017299918
1.700,3.100,LI,4.7841267,43.630081,0.10965202,-0.015432388
1.700,3.200,LI,4.7487181,43.597554,0.10892166,-0.013835721
1.700,3.300,LI,4.8083402,43.519792,0.11048629,-0.012466924
1.700,3.400,LI,4.936656,43.409619,0.11372263,-0.011289528
1.700,3.500,LI,5.109909,43.278441,0.11807054,-0.010272861
1.700,3.600,LI,5.3082527,43.135881,0.12305887,-0.0093912651
1.700,3.700,LI,5.5162469,42.989657,0.12831568,-0.0086233545
1.700,3.800,LI,5.7227417,42.845635,0.13356651,-0.0079513332
1.700,3.900,LI,5.9203654,42.708003,0.13862426,-0.0073604046
1.700,4.000,LI,6.1048087,42.57951,0.14337433,-0.006838265
1.800,1.000,LI,7.2610507,33.957768,0.21382591,-0.11468946
1.800,1.100,LI,9.0876524,33.497077,0.27129688,-0.11845862
1.800,1.200,LI,10.517712,33.392683,0.31497057,-0.12000036
1.800,1.300,LI,11.659101,33.550399,0.34751006,-0.11931623
1.800,1.400,LI,12.557939,33.905132,0.3703846,-0.11652953
1.800,1.500,LI,13.229365,34.409875,0.38446419,-0.11187091
1.800,1.600,LI,13.673904,35.02892,0.39036041,-0.10565803
1.800,1.700,LI,13.887022,35.733583,0.38862662,-0.098268823
1.800,1.800,LI,13.865337,36.499432,0.37987816,-0.090109334
1.800,1.900,LI,13.611097,37.304442,0.36486531,-0.081579465
1.800,2.000,LI,13.135569,38.127783,0.34451437,-0.073041241
1.800,2.100,LI,12.461423,38.949119,0.31994108,-0.064794459
1.800,2.200,LI,11.623762,39.748396,0.29243349,-0.057062939
1.800,2.300,LI,10.669346,40.506118,0.26340085,-0.049992077
1.800,2.400,LI,9.6536826,41.204077,0.2342895,-0.043655907
1.800,2.500,LI,8.63613,41.826402,0.20647557,-0.038070306
1.800,2.600,LI,7.6737446,42.36072,0.18115236,-0.033208667
1.800,2.700,LI,6.8151155,42.799154,0.15923482,-0.029017037
1.800,2.800,LI,6.0955349,43.138886,0.14130024,-0.025426831
1.800,2.900,LI,5.5345019,43.382168,0.1275755,-0.0223644
1.800,3.000,LI,5.1358663,43.535737,0.11796898,-0.019757472
1.800,3.100,LI,4.8902027,43.609805,0.1121354,-0.017539011
1.800,3.200,LI,4.778542,43.616797,0.10955738,-0.015649127
1.800,3.300,LI,4.776491,43.57009,0.10962775,-0.014035681
1.800,3.400,LI,4.8579645,43.482907,0.11172124,-0.012654094
1.800,3.500,LI,4.9980759,43.367479,0.1152494,-0.011466717
1.800,3.600,LI,5.175039,43.234493,0.119697,-0.010442015
1.800,3.700,LI,5.3711454,43.092816,0.12464132,-0.0095537168
1.800,3.800,LI,5.5729951,42.949438,0.12975711,-0.0087800045
1.800,3.900,LI,5.7712009,42.809573,0.13481099,-0.0081027872
1.800,4.000,LI,5.9597772,42.676854,0.13964893,-0.0075070715
1.900,1.000,LI,3.3453645,35.952627,0.093049237,-0.10972694
1.900,1.100,LI,6.5527329,34.714818,0.18875896,-0.11679587
1.900,1.200,LI,8.7599607,34.10625,0.25684327,-0.12135837
1.900,1.300,LI,10.387329,33.9214,0.30621756,-0.12335584
1.900,1.400,LI,11.623043,34.033389,0.34151883,-0.12285843
1.900,1.500,LI,12.552145,34.360076,0.36531191,-0.12005249
1.900,1.600,LI,13.21146,34.845222,0.37914694,-0.11522483
1.900,1.700,LI,13.615531,35.447927,0.38409949,-0.10874195
1.900,1.800,LI,13.770263,36.136495,0.38106251,-0.10102314
1.900,1.900,LI,13.680998,36.884711,0.37091243,-0.092508377
1.900,2.000,LI,13.357841,37.669493,0.35460634,-0.083624027
1.900,2.100,LI,12.819348,38.469426,0.3332347,-0.074751394
1.900,2.200,LI,12.09475,39.263936,0.30803711,-0.066202861
1.900,2.300,LI,11.224517,40.03304,0.28038133,-0.058208999
1.900,2.400,LI,10.258932,40.757614,0.2517059,-0.050917231
1.900,2.500,LI,9.2546031,41.420127,0.22343252,-0.044400153
1.900,2.600,LI,8.2693019,42.005664,0.19686159,-0.038669954
1.900,2.700,LI,7.3560477,42.503032,0.17307113,-0.033695152
1.900,2.800,LI,6.5576656,42.905645,0.15283923,-0.02941654
1.900,2.900,LI,5.9029942,43.211957,0.13660557,-0.025760472
1.900,3.000,LI,5.4054528,43.425324,0.12447697,-0.022648752
1.900,3.100,LI,5.064008,43.553312,0.11627148,-0.020005233
1.900,3.200,LI,4.8659847,43.606607,0.11158824,-0.017759703
1.900,3.300,LI,4.7908515,43.597748,0.10988759,-0.015849754
1.900,3.400,LI,4.8141144,43.539903,0.11056787,-0.014221304
1.900,3.500,LI,4.9106787,43.445833,0.11302991,-0.012828304
1.900,3.600,LI,5.0573366,43.32714,0.11672445,-0.011632022
1.900,3.700,LI,5.2343022,43.193809,0.12118177,-0.01060014
1.900,3.800,LI,5.4258892,43.053998,0.12602521,-0.0097058291
1.900,3.900,LI,5.6205232,42.914036,0.13097168,-0.0089268864
1.900,4.000,LI,5.8103085,42.778559,0.13582291,-0.0082449591
2.000,1.000,LI,-5.2740722,39.562384,-0.13331027,-0.099982827
2.000,1.100,LI,1.8373013,36.874523,0.049825766,-0.11095227
2.000,1.200,LI,5.8614527,35.391637,0.16561689,-0.11912399
2.000,1.300,LI,8.452855,34.65791,0.24389397,-0.12438459
2.000,1.400,LI,10.26611,34.406606,0.29837614,-0.12675566
2.000,1.500,LI,11.582771,34.481028,0.33591721,-0.12637983
2.000,1.600,LI,12.530839,34.784105,0.36024612,-0.12350709
2.000,1.700,LI,13.170134,35.251782,0.37360192,-0.11847908
2.000,1.800,LI,13.529576,35.838894,0.37751099,-0.11170877
2.000,1.900,LI,13.625509,36.511333,0.37318574,-0.10365403
2.000,2.000,LI,13.471842,37.241493,0.3617428,-0.094785899
2.000,2.100,LI,13.086277,38.005507,0.34432581,-0.085554619
2.000,2.200,LI,12.494188,38.781569,0.32216818,-0.076358519
2.000,2.300,LI,11.730604,39.549031,0.29660913,-0.067520777
2.000,2.400,LI,10.840244,40.288114,0.26906804,-0.059277374
2.000,2.500,LI,9.87552,40.980185,0.24098281,-0.051776851
2.000,2.600,LI,8.8926813,41.608472,0.21372285,-0.045089816
2.000,2.700,LI,7.94669,42.159058,0.18849306,-0.039224509
2.000,2.800,LI,7.0858042,42.621909,0.16624793,-0.034144511
2.000,2.900,LI,6.3470007,42.991647,0.14763335,-0.029785443
2.000,3.000,LI,5.7531786,43.267857,0.13296657,-0.026068745
2.000,3.100,LI,5.3126004,43.454823,0.12225571,-0.022911861
2.000,3.200,LI,5.0204302,43.560742,0.11525126,-0.020234959
2.000,3.300,LI,4.8617609,43.596594,0.11151699,-0.017964831
2.000,3.400,LI,4.8153141,43.574885,0.11050664,-0.016036709
2.000,3.500,LI,4.8570584,43.508467,0.11163479,-0.014394697
2.000,3.600,LI,4.9632106,43.409587,0.11433443,-0.012991392
2.000,3.700,LI,5.1123584,43.289214,0.11809774,-0.011787061
2.000,3.800,LI,5.2866712,43.156655,0.12249956,-0.010748672
2.000,3.900,LI,5.4723212,43.019413,0.12720586,-0.0098488903
2.000,4.000,LI,5.6593186,42.883224,0.13197046,-0.0090651659
2.100,1.000,LI,-28.786679,45.459401,-0.63323929,-0.084578734
2.100,1.100,LI,-8.7898816,40.712994,-0.21589868,-0.10012697
2.100,1.200,LI,0.37894166,37.659232,0.010062384,-0.11255608
2.100,1.300,LI,5.2244922,35.983613,0.14519087,-0.12170438
2.100,1.400,LI,8.1801307,35.152691,0.23270283,-0.12755338
2.100,1.500,LI,10.158733,34.850256,0.29149665,-0.13020922
2.100,1.600,LI,11.539907,34.895391,0.33070004,-0.12988763
2.100,1.700,LI,12.495244,35.179123,0.35518918,-0.1269007
2.100,1.800,LI,13.107323,35.631301,0.36785979,-0.12164215
2.100,1.900,LI,13.419079,36.203495,0.37065699,-0.11456822
2.100,2.000,LI,13.456955,36.859792,0.36508494,-0.10617216
2.100,2.100,LI,13.243115,37.571575,0.35247699,-0.096953067
2.100,2.200,LI,12.802441,38.314438,0.33414144,-0.087382406
2.100,2.300,LI,12.166491,39.066372,0.3114313,-0.077873374
2.100,2.400,LI,11.375137,39.806794,0.28575867,-0.06875825
2.100,2.500,LI,10.476096,40.516255,0.25856526,-0.060277199
2.100,2.600,LI,9.5225223,41.176702,0.23125996,-0.052579072
2.100,2.700,LI,8.5690397,41.772181,0.20513747,-0.04573202
2.100,2.800,LI,7.6669183,42.289785,0.1812948,-0.039740125
2.100,2.900,LI,6.8593336,42.720594,0.16056269,-0.034562013
2.100,3.000,LI,6.1776709,43.06034,0.14346545,-0.030128223
2.100,3.100,LI,5.6395965,43.309593,0.13021587,-0.026355443
2.100,3.200,LI,5.2491584,43.473394,0.12074416,-0.023156937
2.100,3.300,LI,4.9986831,43.560399,0.11475292,-0.020449374
2.100,3.400,LI,4.8718649,43.581729,0.11178687,-0.018156718
2.100,3.500,LI,4.8473065,43.549737,0.11130507,-0.016211984
2.100,3.600,LI,4.901846,43.47689,0.11274601,-0.014557588
2.100,3.700,LI,5.0132166,43.374888,0.11557878,-0.013144866
2.100,3.800,LI,5.1618345,43.254078,0.11933752,-0.011933167
2.100,3.900,LI,5.3317208,43.123126,0.12363948,-0.010888801
2.100,4.000,LI,5.5107044,42.988936,0.1281889,-0.0099839738
2.200,1.000,LI,-60.560014,40.711981,-1.4875232,-0.062500624
2.200,1.100,LI,-36.759137,46.01719,-0.79881317,-0.083413017
2.200,1.200,LI,-12.090109,41.572822,-0.29081761,-0.10083448
2.200,1.300,LI,-0.94021896,38.301826,-0.024547627,-0.11456096
2.200,1.400,LI,4.6705573,36.493659,0.12798271,-0.12454412
2.200,1.500,LI,7.9505636,35.594631,0.22336412,-0.1308653
2.200,1.600,LI,10.06741,35.255882,0.28555264,-0.13371577
2.200,1.700,LI,11.495025,35.279301,0.32582915,-0.13338244
2.200,1.800,LI,12.44618,35.547407,0.35012906,-0.13023626
2.200,1.900,LI,13.024782,35.985718,0.3619431,-0.1247194
2.200,2.000,LI,13.286919,36.543513,0.36359173,-0.11732769
2.200,2.100,LI,13.268589,37.18363,0.35683952,-0.10858628
2.200,2.200,LI,12.999743,37.876778,0.34321142,-0.099019325
2.200,2.300,LI,12.511871,38.598242,0.32415651,-0.089116974
2.200,2.400,LI,11.841887,39.325965,0.30112134,-0.079305234
2.200,2.500,LI,11.033394,40.039558,0.27556232,-0.069923932
2.200,2.600,LI,10.13581,40.719999,0.24891479,-0.061216319
2.200,2.700,LI,9.2017644,41.349885,0.22253422,-0.053330845
2.200,2.800,LI,8.2832659,41.914116,0.19762473,-0.046332812
2.200,2.900,LI,7.4273762,42.400779,0.17517075,-0.040221994
2.200,3.000,LI,6.6722086,42.802005,0.15588542,-0.034952071
2.200,3.100,LI,6.0440417,43.114527,0.14018574,-0.03044861
2.200,3.200,LI,5.5560865,43.33976,0.12819837,-0.026623709
2.200,3.300,LI,5.2090537,43.483341,0.11979424,-0.023386633
2.200,3.400,LI,4.9932509,43.554236,0.11464444,-0.020650722
2.200,3.500,LI,4.8916421,43.56358,0.11228742,-0.018337272
2.200,3.600,LI,4.8831913,43.523485,0.1121967,-0.016377217
2.200,3.700,LI,4.9458961,43.445982,0.11384013,-0.014711396
2.200,3.800,LI,5.0591219,43.342216,0.11672504,-0.013289972
2.200,3.900,LI,5.2050778,43.221929,0.12042678,-0.012071445
2.200,4.000,LI,5.3694835,43.093192,0.12460166,-0.011021519
2.300,1.000,LI,-18.590902,12.782421,-1.4544116,-0.032559154
2.300,1.100,LI,-56.026971,35.558397,-1.5756326,-0.059761369
2.300,1.200,LI,-42.757534,45.807188,-0.93342412,-0.083028751
2.300,1.300,LI,-14.918816,42.15133,-0.35393464,-0.1021188
2.300,1.400,LI,-2.0546556,38.811734,-0.052939032,-0.11696351
2.300,1.500,LI,4.2168167,36.929906,0.11418433,-0.12763347
2.300,1.600,LI,7.7676503,35.989754,0.21582949,-0.13431028
2.300,1.700,LI,9.9920503,35.627765,0.28045684,-0.13726791
2.300,1.800,LI,11.447734,35.635854,0.32124204,-0.13686062
2.300,1.900,LI,12.38406,35.891324,0.34504329,-0.13351395
2.300,2.000,LI,12.924053,36.316995,0.35586791,-0.12771422
2.300,2.100,LI,13.135814,36.860722,0.35636344,-0.11999292
2.300,2.200,LI,13.0642,37.484579,0.348522,-0.1109037
2.300,2.300,LI,12.746343,38.158893,0.33403334,-0.10099279
2.300,2.400,LI,12.219581,38.858826,0.3144609,-0.090766632
2.300,2.500,LI,11.525185,39.562412,0.29131654,-0.080662151
2.300,2.600,LI,10.709284,40.24956,0.26607208,-0.071025317
2.300,2.700,LI,9.8217633,40.901749,0.24013064,-0.062101493
2.300,2.800,LI,8.9136733,41.502279,0.21477551,-0.054038122
2.300,2.900,LI,8.0337418,42.03691,0.19111162,-0.04689734
2.300,3.000,LI,7.2246363,42.494693,0.17001267,-0.040674508
2.300,3.100,LI,6.519678,42.868733,0.15208469,-0.035318394
2.300,3.200,LI,5.940637,43.156653,0.13765287,-0.03074972
2.300,3.300,LI,5.4970297,43.360572,0.12677484,-0.026876154
2.300,3.400,LI,5.187,43.486587,0.11927816,-0.023603138
2.300,3.500,LI,4.9995167,43.543842,0.1148157,-0.020840851
2.300,3.600,LI,4.9173473,43.543387,0.11292983,-0.018508064
2.300,3.700,LI,4.9201841,43.497023,0.11311542,-0.016533758
2.300,3.800,LI,4.9873832,43.416319,0.11487347,-0.014857293
2.300,3.900,LI,5.0999812,43.311867,0.1177502,-0.013427742
2.300,4.000,LI,5.2418855,43.192833,0.12136007,-0.012202815
2.400,1.000,LI,1.678404,1.4248703,1.1779346,0.0066549425
2.400,1.100,LI,-13.807576,9.5995341,-1.438359,-0.027939997
2.400,1.200,LI,-50.777757,31.455826,-1.6142561,-0.058061177
2.400,1.300,LI,-46.533698,45.12463,-1.0312261,-0.08342888
2.400,1.400,LI,-17.123432,42.49301,-0.40297056,-0.10396437
2.400,1.500,LI,-2.9298464,39.207746,-0.074726213,-0.119742
2.400,1.600,LI,3.8688345,37.30329,0.10371296,-0.13095144
2.400,1.700,LI,7.6302597,36.344859,0.20994055,-0.13787152
2.400,1.800,LI,9.9306931,35.970323,0.27608018,-0.14085427
2.400,1.900,LI,11.396887,35.968093,0.31686103,-0.14031616
2.400,2.000,LI,12.308972,36.213146,0.33990343,-0.13673232
2.400,2.100,LI,12.806523,36.627006,0.34964702,-0.13062874
2.400,2.200,LI,12.968376,37.156823,0.34901736,-0.12256862
2.400,2.300,LI,12.847433,37.764306,0.34020042,-0.1131307
2.400,2.400,LI,12.487228,38.419641,0.32502199,-0.10288055
2.400,2.500,LI,11.930021,39.09802,0.30513108,-0.092338654
2.400,2.600,LI,11.220318,39.777682,0.28207571,-0.081951159
2.400,2.700,LI,10.405584,40.438915,0.2573161,-0.072068918
2.400,2.800,LI,9.5350882,41.063758,0.23220203,-0.062938564
2.400,2.900,LI,8.6575284,41.636236,0.20793254,-0.054706015
2.400,3.000,LI,7.8179948,42.142963,0.18551128,-0.047429994
2.400,3.100,LI,7.054835,42.573905,0.16570796,-0.041101383
2.400,3.200,LI,6.3969953,42.92306,0.149034,-0.035664102
2.400,3.300,LI,5.8623614,43.188826,0.13573792,-0.031034157
2.400,3.400,LI,5.4574476,43.373903,0.1258233,-0.027114951
2.400,3.500,LI,5.1784922,43.484721,0.11908763,-0.02380827
2.400,3.600,LI,5.0136879,43.530495,0.11517645,-0.021021288
2.400,3.700,LI,4.9460356,43.522109,0.11364421,-0.018670393
2.400,3.800,LI,4.956233,43.471011,0.11401237,-0.016682722
2.400,3.900,LI,5.0251128,43.388289,0.11581726,-0.014996252
2.400,4.000,LI,5.1353542,43.283999,0.11864325,-0.013559035
2.500,1.000,LI,7.5530976,7.4436501,1.0147035,0.056821031
2.500,1.100,LI,3.0891173,2.6099274,1.1836028,0.013512142
2.500,1.200,LI,-10.983637,7.6516074,-1.4354679,-0.024664738
2.500,1.300,LI,-46.591749,28.57892,-1.6302838,-0.05739085
2.500,1.400,LI,-48.431375,44.269464,-1.0940132,-0.084583726
2.500,1.500,LI,-18.663745,42.658329,-0.43751701,-0.10633547
2.500,1.600,LI,-3.5606196,39.512743,-0.090113196,-0.12286269
2.500,1.700,LI,3.6225354,37.62551,0.096278706,-0.13447029
2.500,1.800,LI,7.5337588,36.666652,0.20546623,-0.1415286
2.500,1.900,LI,9.8800485,36.287706,0.27226986,-0.14446153
2.500,2.000,LI,11.340822,36.278811,0.31260182,-0.14374193
2.500,2.100,LI,12.220825,36.514952,0.33468001,-0.13988922
2.500,2.200,LI,12.673539,36.917476,0.34329375,-0.13346448
2.500,2.300,LI,12.787198,37.433399,0.34159863,-0.12505878
2.500,2.400,LI,12.621809,38.024382,0.3319399,-0.1152728
2.500,2.500,LI,12.226377,38.660653,0.31624858,-0.10468885
2.500,2.600,LI,11.647013,39.317562,0.29622929,-0.09383946
2.500,2.700,LI,10.930314,39.973637,0.27343806,-0.083178435
2.500,2.800,LI,10.123992,40.609609,0.24930041,-0.073060424
2.500,2.900,LI,9.2758514,41.208112,0.2250977,-0.063732596
2.500,3.000,LI,8.4317454,41.753906,0.20193908,-0.055338925
2.500,3.100,LI,7.633031,42.234435,0.18073004,-0.047934526
2.500,3.200,LI,6.9139811,42.640523,0.16214579,-0.041505775
2.500,3.300,LI,6.2996451,42.966973,0.14661599,-0.035991824
2.500,3.400,LI,5.804617,43.212851,0.13432618,-0.031304103
2.500,3.500,LI,5.4330217,43.381322,0.12523873,-0.027341909
2.500,3.600,LI,5.1797562,43.479041,0.11913225,-0.024003536
2.500,3.700,LI,5.0327093,43.515209,0.11565403,-0.021193301
2.500,3.800,LI,4.9754605,43.500481,0.11437714,-0.018825333
2.500,3.900,LI,4.989909,43.445922,0.11485334,-0.016825036
2.500,4.000,LI,5.0584081,43.362137,0.11665496,-0.015129082
2.600,1.000,LI,9.565627,10.442844,0.91599826,0.11994545
2.600,1.100,LI,8.2519492,8.0022297,1.0312062,0.066336825
2.600,1.200,LI,3.9913372,3.3335201,1.1973341,0.018664071
2.600,1.300,LI,-9.3964055,6.5188731,-1.4414156,-0.022710018
2.600,1.400,LI,-43.747413,26.747438,-1.6355739,-0.05770416
2.600,1.500,LI,-48.980549,43.449454,-1.1272995,-0.086441134
2.600,1.600,LI,-19.585535,42.707164,-0.45860069,-0.10918343
2.600,1.700,LI,-3.964087,39.749511,-0.099726688,-0.12628498
2.600,1.800,LI,3.4670681,37.907606,0.091461016,-0.13815889
2.600,1.900,LI,7.4712297,36.961189,0.20213716,-0.14525957
2.600,2.000,LI,9.8360339,36.583573,0.26886477,-0.14807582
2.600,2.100,LI,11.277645,36.570457,0.30838131,-0.14713058
2.600,2.200,LI,12.119526,36.798585,0.3293476,-0.14298227
2.600,2.300,LI,12.526531,37.189966,0.33682556,-0.13622264
2.600,2.400,LI,12.594913,37.691913,0.33415426,-0.12746698
2.600,2.500,LI,12.390723,38.266274,0.32380271,-0.11733496
2.600,2.600,LI,11.967368,38.883464,0.30777524,-0.10642331
2.600,2.700,LI,11.373693,39.519084,0.28780254,-0.09527476
2.600,2.800,LI,10.657297,40.15202,0.26542369,-0.084349435
2.600,2.900,LI,9.8652435,40.763484,0.24201178,-0.074004819
2.600,3.000,LI,9.0432742,41.336729,0.21877092,-0.064487997
2.600,3.100,LI,8.2341616,41.857241,0.19672012,-0.055940652
2.600,3.200,LI,7.4756193,42.313259,0.17667321,-0.04841415
2.600,3.300,LI,6.7981795,42.696401,0.15922137,-0.041890369
2.600,3.400,LI,6.2234737,43.002189,0.14472458,-0.036303784
2.600,3.500,LI,5.7633444,43.230255,0.13331738,-0.031561391
2.600,3.600,LI,5.4200661,43.384128,0.124932,-0.027558543
2.600,3.700,LI,5.1876839,43.470598,0.11933776,-0.024190193
2.600,3.800,LI,5.0541799,43.498778,0.11619131,-0.021357943
2.600,3.900,LI,5.0039804,43.479052,0.11508946,-0.018973781
2.600,4.000,LI,5.020306,43.422081,0.11561643,-0.016961471
2.700,1.000,LI,10.303475,12.116148,0.85039194,0.19842664
2.700,1.100,LI,10.082176,10.764503,0.93661317,0.13261524
2.700,1.200,LI,8.7798079,8.3465033,1.0519145,0.073718272
2.700,1.300,LI,4.5341008,3.7289706,1.2159122,0.022150764
2.700,1.400,LI,-8.6548961,5.9580865,-1.4526302,-0.022010114
2.700,1.500,LI,-42.054779,25.731058,-1.6343976,-0.058929636
2.700,1.600,LI,-48.644162,42.770438,-1.1373314,-0.088934889
2.700,1.700,LI,-19.982835,42.689237,-0.46810007,-0.11245252
2.700,1.800,LI,-4.1709858,39.938134,-0.10443617,-0.12996519
2.700,1.900,LI,3.3876455,38.159143,0.088776772,-0.14198522
2.700,2.000,LI,7.4345546,37.233614,0.19967319,-0.14904263
2.700,2.100,LI,9.7942571,36.861009,0.26570779,-0.15168367
2.700,2.200,LI,11.205498,36.845111,0.30412442,-0.15047514
2.700,2.300,LI,12.005165,37.065644,0.32388929,-0.14600931
2.700,2.400,LI,12.367117,37.445867,0.33026655,-0.13890439
2.700,2.500,LI,12.394214,37.933699,0.32673359,-0.12979653
2.700,2.600,LI,12.157385,38.491344,0.31584723,-0.11932172
2.700,2.700,LI,11.713307,39.089509,0.29965346,-0.10808899
2.700,2.800,LI,11.112472,39.704115,0.27988212,-0.09664966
2.700,2.900,LI,10.402547,40.314451,0.25803518,-0.085468997
2.700,3.000,LI,9.6292685,40.90224,0.23542154,-0.074906486
2.700,3.100,LI,8.8359673,41.451356,0.21316473,-0.065208611
2.700,3.200,LI,8.0622898,41.947996,0.19219726,-0.056514484
2.700,3.300,LI,7.3425063,42.381146,0.17324936,-0.048871629
2.700,3.400,LI,6.7037698,42.743156,0.15683844,-0.042257452
2.700,3.500,LI,6.1647465,43.030179,0.14326565,-0.036601863
2.700,3.600,LI,5.7350156,43.242324,0.13262505,-0.031807564
2.700,3.700,LI,5.4154819,43.383393,0.12482845,-0.02776612
2.700,3.800,LI,5.1997671,43.460233,0.11964425,-0.02436929
2.700,3.900,LI,5.0762752,43.481815,0.11674479,-0.021516092
2.700,4.000,LI,5.0304723,43.45822,0.11575422,-0.019116482
2.800,1.000,LI,10.531511,13.111348,0.80323631,0.29513053
2.800,1.100,LI,10.757925,12.328849,0.8725815,0.21483522
2.800,1.200,LI,10.524544,10.965827,0.95975842,0.14264055
2.800,1.300,LI,9.1658281,8.5261871,1.0750207,0.079025188
2.800,1.400,LI,4.7945066,3.8755507,1.2371162,0.024061034
2.800,1.500,LI,-8.5365692,5.8213372,-1.4664275,-0.022470716
2.800,1.600,LI,-41.239223,25.332649,-1.6279081,-0.060980332
2.800,1.700,LI,-47.749071,42.265852,-1.1297317,-0.091991431
2.800,1.800,LI,-19.966008,42.641053,-0.4682344,-0.11608432
2.800,1.900,LI,-4.2180927,40.094842,-0.10520288,-0.13385943
2.800,2.000,LI,3.3678579,38.387893,0.087732294,-0.14591809
2.800,2.100,LI,7.415284,37.488092,0.19780372,-0.15285707
2.800,2.200,LI,9.7504337,37.122522,0.26265547,-0.15527264
2.800,2.300,LI,11.122809,37.104505,0.29976978,-0.15376939
2.800,2.400,LI,11.878158,37.317503,0.31829992,-0.14896856
2.800,2.500,LI,12.197148,37.686418,0.32364839,-0.14151097
2.800,2.600,LI,12.18781,38.159975,0.31938726,-0.13205058
2.800,2.700,LI,11.924737,38.700853,0.30812593,-0.12123725
2.800,2.800,LI,11.46676,39.280124,0.29192271,-0.10969048
2.800,2.900,LI,10.865048,39.874075,0.272484,-0.097968755
2.800,3.000,LI,10.166598,40.462429,0.25126021,-0.086541428
2.800,3.100,LI,9.4153799,41.027434,0.22948986,-0.075769293
2.800,3.200,LI,8.6521531,41.553577,0.20821681,-0.065897799
2.800,3.300,LI,7.9135207,42.027738,0.18829281,-0.057063273
2.800,3.400,LI,7.2305589,42.439606,0.1703729,-0.049309338
2.800,3.500,LI,6.6273981,42.782189,0.15491021,-0.042608982
2.800,3.600,LI,6.1201587,43.052198,0.14215671,-0.036887659
2.800,3.700,LI,5.716605,43.250132,0.13217544,-0.032043926
2.800,3.800,LI,5.4167074,43.37999,0.1248665,-0.027965705
2.800,3.900,LI,5.2140359,43.448613,0.12000466,-0.024541707
2.800,4.000,LI,5.0976751,43.464786,0.11728288,-0.021668484
2.900,1.000,LI,10.527104,13.720977,0.76722701,0.41347839
2.900,1.100,LI,10.957475,13.266032,0.82597978,0.31596908
2.900,1.200,LI,11.175012,12.464969,0.89651346,0.22799222
2.900,1.300,LI,10.894414,11.069097,0.98421883,0.15010482
2.900,1.400,LI,9.4229069,8.572492,1.0992028,0.082373859
2.900,1.500,LI,4.8148905,3.8232318,1.2593771,0.024516293
2.900,1.600,LI,-8.9047832,6.0133534,-1.4808348,-0.023980324
2.900,1.700,LI,-41.047016,25.397448,-1.6161866,-0.063761627
2.900,1.800,LI,-46.505923,41.928929,-1.1091608,-0.095534941
2.900,1.900,LI,-19.641571,42.586835,-0.46121227,-0.12002092
2.900,2.000,LI,-4.1428145,40.231865,-0.10297346,-0.13792547
2.900,2.100,LI,3.3913337,38.599848,0.087858733,-0.14992827
2.900,2.200,LI,7.4052966,37.727857,0.19628193,-0.15668395
2.900,2.300,LI,9.7007313,37.370101,0.25958536,-0.15883164
2.900,2.400,LI,11.028494,37.350056,0.29527382,-0.15700799
2.900,2.500,LI,11.739332,37.555338,0.31258757,-0.15185875
2.900,2.600,LI,12.018693,37.912718,0.31700953,-0.14404381
2.900,2.700,LI,11.97835,38.371853,0.31216502,-0.13423218
2.900,2.800,LI,11.695369,38.895968,0.30068332,-0.12308549
2.900,2.900,LI,11.22972,39.456548,0.28460979,-0.11123202
2.900,3.000,LI,10.632455,40.03028,0.2656103,-0.099236194
2.900,3.100,LI,9.9493847,40.597334,0.24507483,-0.087570575
2.900,3.200,LI,9.2224594,41.140484,0.22416993,-0.076596661
2.900,3.300,LI,8.4898508,41.644817,0.20386332,-0.06655851
2.900,3.400,LI,7.7852648,42.097861,0.18493255,-0.057589501
2.900,3.500,LI,7.1368453,42.489957,0.16796546,-0.049729329
2.900,3.600,LI,6.566041,42.814709,0.15335947,-0.042946632
2.900,3.700,LI,6.0868219,43.069307,0.14132621,-0.037162531
2.900,3.800,LI,5.7055556,43.25457,0.13190643,-0.032271577
2.900,3.900,LI,5.4216719,43.374625,0.1249964,-0.028158198
2.900,4.000,LI,5.2290004,43.436258,0.12038331,-0.024708183
3.000,1.000,LI,10.407493,14.094649,0.73840035,0.55754976
3.000,1.100,LI,10.935592,13.841154,0.79007806,0.4395644
3.000,1.200,LI,11.363287,13.36761,0.85006124,0.33283308
3.000,1.300,LI,11.548395,12.535581,0.92124932,0.23800944
3.000,1.400,LI,11.189265,11.088815,1.0090587,0.15515714
3.000,1.500,LI,9.5564795,8.5060488,1.1234922,0.083917968
3.000,1.600,LI,4.6205931,3.6053962,1.2815771,0.023657215
3.000,1.700,LI,-9.6669645,6.4687414,-1.494412,-0.02641935
3.000,1.800,LI,-41.265132,25.805141,-1.5991051,-0.067177112
3.000,1.900,LI,-45.048084,41.735239,-1.0793776,-0.099490964
3.000,2.000,LI,-19.102427,42.541099,-0.44903465,-0.12420708
3.000,2.100,LI,-3.9799263,40.357862,-0.098615883,-0.14212401
3.000,2.200,LI,3.4428252,38.79941,0.088733958,-0.15398915
3.000,2.300,LI,7.3972822,37.955346,0.19489434,-0.16050644
3.000,2.400,LI,9.6420363,37.605294,0.25640103,-0.1623511
3.000,2.500,LI,10.922081,37.582924,0.29061287,-0.16018661
3.000,2.600,LI,11.589937,37.780162,0.30677309,-0.15467913
3.000,2.700,LI,11.833963,38.125752,0.31039291,-0.14650449
3.000,2.800,LI,11.768318,38.570349,0.30511309,-0.13634431
3.000,2.900,LI,11.471447,39.077769,0.2935543,-0.1248701
3.000,3.000,LI,11.00361,39.619933,0.27772915,-0.11271748
3.000,3.100,LI,10.415157,40.173945,0.25925154,-0.10045574
3.000,3.200,LI,9.7503859,40.720428,0.23944704,-0.088559888
3.000,3.300,LI,9.0491238,41.242675,0.21941166,-0.077391627
3.000,3.400,LI,8.3470138,41.726351,0.20004178,-0.067193339
3.000,3.500,LI,7.6750394,42.159596,0.18204727,-0.058095332
3.000,3.600,LI,7.0586711,42.533349,0.16595616,-0.050133378
3.000,3.700,LI,6.5170054,42.841749,0.1521181,-0.043271843
3.000,3.800,LI,6.0622421,43.082399,0.14071273,-0.037427639
3.000,3.900,LI,5.6997453,43.25637,0.13176661,-0.032491453
3.000,4.000,LI,5.4287503,43.367866,0.1251791,-0.028344355
3.100,1.000,LI,10.228211,14.316267,0.71444679,0.73220368
3.100,1.100,LI,10.802599,14.192458,0.76115069,0.58985049
3.100,1.200,LI,11.333247,13.922106,0.81404689,0.46081461
3.100,1.300,LI,11.739894,13.421775,0.87469016,0.34586848
3.100,1.400,LI,11.870953,12.548042,0.94604027,0.24507523
3.100,1.500,LI,11.405392,11.034919,1.0335727,0.1579897
3.100,1.600,LI,9.5690455,8.341285,1.1471908,0.083832922
3.100,1.700,LI,4.2289548,3.2457466,1.3029221,0.021633048
3.100,1.800,LI,-10.752823,7.1394305,-1.5061177,-0.029666977
3.100,1.900,LI,-41.720219,26.460966,-1.5766703,-0.071132758
3.100,2.000,LI,-43.463129,41.655567,-1.043393,-0.10378889
3.100,2.100,LI,-18.424907,42.511431,-0.43341065,-0.12859163
3.100,2.200,LI,-3.759937,40.478586,-0.092887063,-0.14641941
3.100,2.300,LI,3.5088705,38.989672,0.08999487,-0.1580771
3.100,2.400,LI,7.3850831,38.172336,0.19346689,-0.16430993
3.100,2.500,LI,9.5721287,37.82929,0.25303485,-0.16582301
3.100,2.600,LI,10.80376,37.804057,0.28578308,-0.16330189
3.100,2.700,LI,11.431586,37.99285,0.30088782,-0.1574295
3.100,2.800,LI,11.645204,38.326406,0.30384285,-0.14889482
3.100,2.900,LI,11.559937,38.756401,0.29827168,-0.13838992
3.100,3.000,LI,11.254681,39.247256,0.28676352,-0.12659455
3.100,3.100,LI,10.789338,39.771344,0.27128423,-0.11415043
3.100,3.200,LI,10.213165,40.306187,0.25338951,-0.10163081
3.100,3.300,LI,9.5687733,40.832863,0.23434,-0.089512462
3.100,3.400,LI,8.8938545,41.335167,0.21516435,-0.078156891
3.100,3.500,LI,8.2216206,41.799317,0.1966927,-0.067804571
3.100,3.600,LI,7.580514,42.214024,0.17957336,-0.058582658
3.100,3.700,LI,6.9935894,42.570778,0.16428145,-0.050523024
3.100,3.800,LI,6.4779179,42.864192,0.15112656,-0.043585854
3.100,3.900,LI,6.0442995,43.092221,0.14026428,-0.037683975
3.100,4.000,LI,5.6974554,43.256134,0.13171439,-0.03270435
3.200,1.000,LI,10.017932,14.436276,0.69394161,0.94322148
3.200,1.100,LI,10.611664,14.398563,0.73699468,0.77186361
3.200,1.200,LI,11.192474,14.259836,0.78489499,0.61628922
3.200,1.300,LI,11.710071,13.966641,0.83843144,0.47741614
3.200,1.400,LI,12.078635,13.432341,0.89922038,0.35531072
3.200,1.500,LI,12.136207,12.507543,0.97031106,0.2494278
3.200,1.600,LI,11.539507,10.914661,1.0572483,0.15881933
3.200,1.700,LI,9.4625006,8.0889303,1.1698086,0.082303281
3.200,1.800,LI,3.6540659,2.7622598,1.3228538,0.018593609
3.200,1.900,LI,-12.102832,7.9875198,-1.5152177,-0.033605963
3.200,2.000,LI,-42.274862,27.289236,-1.5491405,-0.075539757
3.200,2.100,LI,-41.812665,41.662232,-1.0036108,-0.10836352
3.200,2.200,LI,-17.669376,42.500834,-0.41574186,-0.13312824
3.200,2.300,LI,-3.5084884,40.597574,-0.086421135,-0.15077999
3.200,2.400,LI,3.5781702,39.172705,0.091343453,-0.16217154
3.200,2.500,LI,7.363906,38.380092,0.19186786,-0.16808204
3.200,2.600,LI,9.4897544,38.043002,0.2494481,-0.16924086
3.200,2.700,LI,10.67433,38.014244,0.28079816,-0.1663514
3.200,2.800,LI,11.266138,38.194174,0.29497007,-0.16011013
3.200,2.900,LI,11.454575,38.515487,0.2974018,-0.15121673
3.200,3.000,LI,11.355095,38.930872,0.29167327,-0.14037188
3.200,3.100,LI,11.04633,39.405356,0.2803256,-0.12826212
3.200,3.200,LI,10.587372,39.911762,0.26526947,-0.1155342
3.200,3.300,LI,10.026154,40.428033,0.24800004,-0.10276451
3.200,3.400,LI,9.4035289,40.935685,0.22971471,-0.090431088
3.200,3.500,LI,8.7550883,41.419001,0.21137855,-0.078894861
3.200,3.600,LI,8.1117254,41.864723,0.1937604,-0.068394227
3.200,3.700,LI,7.499528,42.262094,0.17745283,-0.059053138
3.200,3.800,LI,6.9393993,42.603104,0.16288483,-0.050899608
3.200,3.900,LI,6.4467143,42.882787,0.15033338,-0.043889736
3.200,4.000,LI,6.0312278,43.099397,0.13993764,-0.037932393
3.300,1.000,LI,9.792479,14.486668,0.67596488,1.1974754
3.300,1.100,LI,10.390591,14.507218,0.71623598,0.99159472
3.300,1.200,LI,10.993515,14.456277,0.76046654,0.80443886
3.300,1.300,LI,11.566858,14.297917,0.80898906,0.63710283
3.300,1.400,LI,12.056912,13.97663,0.86264803,0.48966093
3.300,1.500,LI,12.372116,13.402081,0.92314887,0.36145304
3.300,1.600,LI,12.339087,12.418049,0.99364142,0.25133348
3.300,1.700,LI,11.589515,10.733714,1.0797302,0.1578727
3.300,1.800,LI,9.2393139,7.757517,1.1910143,0.079513361
3.300,1.900,LI,2.9093324,2.1695431,1.3409885,0.014683712
3.300,2.000,LI,-13.662393,8.9811745,-1.5212257,-0.038125926
3.300,2.100,LI,-42.824648,28.229134,-1.5170373,-0.080316307
3.300,2.200,LI,-40.143214,41.731611,-0.96193781,-0.11315589
3.300,2.300,LI,-16.882272,42.50948,-0.39714135,-0.13777575
3.300,2.400,LI,-3.2463118,40.71677,-0.079729109,-0.15517812
3.300,2.500,LI,3.6417643,39.349817,0.092548443,-0.16625488
3.300,2.600,LI,7.3304051,38.579498,0.19000779,-0.17181246
3.300,2.700,LI,9.3945905,38.247136,0.2456286,-0.17259952
3.300,2.800,LI,10.535085,38.214145,0.27568548,-0.16933353
3.300,2.900,LI,11.095561,38.384819,0.28906118,-0.16272172
3.300,3.000,LI,11.264042,38.693734,0.29110765,-0.15347232
3.300,3.100,LI,11.155316,39.094563,0.28534187,-0.14229301
3.300,3.200,LI,10.847246,39.552928,0.27424634,-0.12987591
3.300,3.300,LI,10.397833,40.042096,0.25967255,-0.11687184
3.300,3.400,LI,9.853569,40.540419,0.24305543,-0.10385969
3.300,3.500,LI,9.2535334,41.029842,0.22553178,-0.091318281
3.300,3.600,LI,8.6312725,41.495112,0.20800697,-0.079607689
3.300,3.700,LI,8.0154833,41.923464,0.19119325,-0.068964097
3.300,3.800,LI,7.4300976,42.304634,0.17563319,-0.05950823
3.300,3.900,LI,6.8941435,42.631067,0.16171642,-0.051264297
3.300,4.000,LI,6.4216294,42.898169,0.14969472,-0.044184416
3.400,1.000,LI,9.5610307,14.488599,0.65990028,1.5031277
3.400,1.100,LI,10.15487,14.548943,0.69797991,1.2561638
3.400,1.200,LI,10.764131,14.557615,0.73941582,1.0314267
3.400,1.300,LI,11.363534,14.489521,0.7842588,0.83022646
3.400,1.400,LI,11.916515,14.307422,0.83289045,0.65265109
3.400,1.500,LI,12.366106,13.953486,0.88623773,0.49790811
3.400,1.600,LI,12.614668,13.333241,0.94610663,0.36462092
3.400,1.700,LI,12.476219,12.28285,1.015743,0.25106912
3.400,1.800,LI,11.554797,10.496848,1.1007873,0.1553752
3.400,1.900,LI,8.9030906,7.3543055,1.2105957,0.075640768
3.400,2.000,LI,2.0087944,1.4802372,1.3570761,0.010039354
3.400,2.100,LI,-15.379329,10.092306,-1.5238667,-0.043125381
3.400,2.200,LI,-43.295655,29.232028,-1.4811034,-0.085388509
3.400,2.300,LI,-38.491591,41.84471,-0.91986755,-0.11811363
3.400,2.400,LI,-16.098398,42.535936,-0.37846581,-0.14249817
3.400,2.500,LI,-2.9894616,40.837024,-0.073204689,-0.15959005
3.400,2.600,LI,3.6930457,39.521774,0.093443319,-0.17031235
3.400,2.700,LI,7.2826393,38.771161,0.1878365,-0.17549286
3.400,2.800,LI,9.287122,38.442246,0.24158635,-0.17589513
3.400,2.900,LI,10.387655,38.404335,0.27048132,-0.17224744
3.400,3.000,LI,10.921791,38.565407,0.28320175,-0.16526533
3.400,3.100,LI,11.075306,38.86183,0.28499189,-0.15566379
3.400,3.200,LI,10.961765,39.248219,0.27929332,-0.14415608
3.400,3.300,LI,10.657941,39.69077,0.26852442,-0.13143883
3.400,3.400,LI,10.22059,40.163182,0.25447661,-0.1181662
3.400,3.500,LI,9.6947117,40.644203,0.23852631,-0.10491895
3.400,3.600,LI,9.1176236,41.11619,0.22175264,-0.092176316
3.400,3.700,LI,8.5208947,41.564333,0.20500497,-0.080297302
3.400,3.800,LI,7.9311616,41.976326,0.18894368,-0.06951577
3.400,3.900,LI,7.3704183,42.342363,0.17406724,-0.059949218
3.400,4.000,LI,6.8561064,42.655302,0.16073281,-0.051618113
3.500,1.000,LI,9.3291143,14.456523,0.64532212,1.8698661
3.500,1.100,LI,9.9135495,14.544033,0.68162316,1.5740257
3.500,1.200,LI,10.519904,14.593528,0.72086088,1.3045761
3.500,1.300,LI,11.128478,14.586925,0.76290774,1.0630872
3.500,1.400,LI,11.712573,14.498305,0.80785812,0.84966757
3.500,1.500,LI,12.233766,14.288957,0.85616927,0.66337199
3.500,1.600,LI,12.631807,13.898479,0.90886253,0.50255387
3.500,1.700,LI,12.802458,13.227839,0.96784199,0.36515114
3.500,1.800,LI,12.545928,12.104903,1.0364336,0.2489091
3.500,1.900,LI,11.436247,10.208361,1.1202824,0.15154348
3.500,2.000,LI,8.4587718,6.885832,1.2284313,0.070851958
3.500,2.100,LI,0.96770544,0.70585253,1.370974,0.0047853836
3.500,2.200,LI,-17.203363,11.295314,-1.5230531,-0.048512718
3.500,2.300,LI,-43.641515,30.259655,-1.4422344,-0.090690686
3.500,2.400,LI,-36.887281,41.986841,-0.87854384,-0.12319087
3.500,2.500,LI,-15.342977,42.57797,-0.36035013,-0.14726449
3.500,2.600,LI,-2.7496999,40.958473,-0.067133848,-0.16399571
3.500,2.700,LI,3.727631,39.68897,0.093921083,-0.17433177
3.500,2.800,LI,7.2199198,38.955499,0.18533763,-0.17911663
3.500,2.900,LI,9.1684543,38.628784,0.23734773,-0.17912491
3.500,3.000,LI,10.233832,38.585318,0.26522605,-0.1750929
3.500,3.100,LI,10.746623,38.73651,0.2774288,-0.16774234
3.500,3.200,LI,10.889777,39.020411,0.279079,-0.15779341
3.500,3.300,LI,10.775288,39.392532,0.27353631,-0.14596376
3.500,3.400,LI,10.47866,39.819619,0.2631532,-0.13295367
3.500,3.500,LI,10.055334,40.275787,0.24966201,-0.1194199
3.500,3.600,LI,9.548795,40.740164,0.23438283,-0.10594467
3.500,3.700,LI,8.9946254,41.195502,0.21833999,-0.093007253
3.500,3.800,LI,8.4224979,41.627406,0.2023306,-0.080965429
3.500,3.900,LI,7.8571477,42.024004,0.18696809,-0.070050661
3.500,4.000,LI,7.3188695,42.375909,0.17271298,-0.060377235
3.600,1.000,LI,9.1001376,14.400573,0.63192886,2.3091811
3.600,1.100,LI,9.6721075,14.506414,0.66674698,1.9552136
3.600,1.200,LI,10.269997,14.583836,0.70420411,1.6325822
3.600,1.300,LI,10.877726,14.61946,0.74405797,1.3431701
3.600,1.400,LI,11.47465,14.594704,0.78622013,1.087115
3.600,1.500,LI,12.033044,14.482726,0.83085488,0.86329454
3.600,1.600,LI,12.512754,14.243195,0.87850748,0.66974627
3.600,1.700,LI,12.850018,13.812881,0.93029237,0.50400654
3.600,1.800,LI,12.933384,13.087837,0.98819877,0.36337647
3.600,1.900,LI,12.54811,11.88705,1.0556118,0.24511659
3.600,2.000,LI,11.23617,9.8723123,1.1381498,0.14658023
3.600,2.100,LI,7.9126384,6.358233,1.2444713,0.065299532
3.600,2.200,LI,-0.19734458,0.14273113,-1.3826317,-0.00096557352
3.600,2.300,LI,-19.086815,12.566512,-1.5188634,-0.054206521
3.600,2.400,LI,-43.839554,31.282712,-1.4013988,-0.096165317
3.600,2.500,LI,-35.353373,42.146961,-0.83881191,-0.12834802
3.600,2.600,LI,-14.633389,42.633049,-0.34324049,-0.15204836
3.600,2.700,LI,-2.5349763,41.08083,-0.061707037,-0.16837836
3.600,2.800,LI,3.743112,39.851565,0.093926349,-0.17830327
3.600,2.900,LI,7.1425754,39.132805,0.18252143,-0.1826787
3.600,3.000,LI,9.0400994,38.80713,0.23294944,-0.18228706
3.600,3.100,LI,10.075415,38.757554,0.25996004,-0.17787022
3.600,3.200,LI,10.571644,38.898659,0.27177399,-0.17015436
3.600,3.300,LI,10.708576,39.170072,0.27338668,-0.15986349
3.600,3.400,LI,10.596459,39.52815,0.26807375,-0.14771867
3.600,3.500,LI,10.30945,39.940161,0.25812239,-0.13442303
3.600,3.600,LI,9.9016331,40.380618,0.24520757,-0.1206354
3.600,3.700,LI,9.4149793,40.829013,0.23059532,-0.10693901
3.600,3.800,LI,8.8833717,41.268471,0.21525808,-0.09381296
3.600,3.900,LI,8.3346913,41.684992,0.19994466,-0.081613624
3.600,4.000,LI,7.7919571,42.067106,0.18522684,-0.070570032
3.700,1.000,LI,8.8762247,14.327995,0.61950222,2.8346951
3.700,1.100,LI,9.4339327,14.445878,0.65305359,2.4116259
3.700,1.200,LI,10.019984,14.542176,0.6890292,2.0257612
3.700,1.300,LI,10.620761,14.606766,0.72711242,1.6793609
3.700,1.400,LI,11.219551,14.625997,0.76709651,1.3726016
3.700,1.500,LI,11.795199,14.580726,0.80895827,1.1041553
3.700,1.600,LI,12.319156,14.44309,0.85294468,0.87168924
3.700,1.700,LI,12.749447,14.170955,0.89968859,0.67226766
3.700,1.800,LI,13.018451,13.698067,0.95038598,0.50266848
3.700,1.900,LI,13.006884,12.915263,1.007094,0.35961551
3.700,2.000,LI,12.484016,11.632112,1.0732373,0.23993742
3.700,2.100,LI,10.958117,9.4926522,1.1543788,0.14067106
3.700,2.200,LI,7.2722103,5.7774404,1.2587253,0.05912108
3.700,2.300,LI,-1.4686568,1.0550092,-1.3920796,-0.007113433
3.700,2.400,LI,-20.985889,13.883981,-1.5115181,-0.060135446
3.700,2.500,LI,-43.886014,32.279594,-1.359559,-0.10176264
3.700,2.600,LI,-33.906959,42.316945,-0.80126199,-0.13355128
3.700,2.700,LI,-13.980612,42.698646,-0.32742517,-0.15682764
3.700,2.800,LI,-2.3499807,41.203573,-0.057033419,-0.17272425
3.700,2.900,LI,3.7387124,40.009576,0.093445438,-0.18221903
3.700,3.000,LI,7.0516753,39.303295,0.1794169,-0.18617534
3.700,3.100,LI,8.9037718,38.977619,0.22843293,-0.18538059
3.700,3.200,LI,9.9141041,38.921468,0.25472071,-0.18058015
3.700,3.300,LI,10.398198,39.052354,0.26626302,-0.17250318
3.700,3.400,LI,10.532566,39.311373,0.26792669,-0.16187635
3.700,3.500,LI,10.425646,39.655677,0.26290425,-0.14942331
3.700,3.600,LI,10.15021,40.05303,0.25341927,-0.13584937
3.700,3.700,LI,9.7589715,40.478322,0.24109131,-0.12181495
3.700,3.800,LI,9.2923924,40.911392,0.22713459,-0.10790398
3.700,3.900,LI,8.7827146,41.33572,0.21247276,-0.094595133
3.700,4.000,LI,8.2561605,41.737677,0.19781073,-0.082243287
3.800,1.000,LI,8.6586913,14.244053,0.60788116,3.4625492
3.800,1.100,LI,9.2011412,14.369446,0.6403268,2.9573661
3.800,1.200,LI,9.7733262,14.478158,0.67503932,2.496346
3.800,1.300,LI,10.363383,14.562387,0.71165412,2.0822011
3.800,1.400,LI,10.957269,14.611891,0.74988718,1.7151583
3.800,1.500,LI,11.538092,14.612705,0.7895932,1.3936507
3.800,1.600,LI,12.084433,14.545057,0.83082747,1.1149108
3.800,1.700,LI,12.566898,14.37992,0.87391991,0.8754473
3.800,1.800,LI,12.941474,14.073241,0.91958019,0.6714215
3.800,1.900,LI,13.136302,13.555572,0.96907025,0.49892438
3.800,2.000,LI,13.023681,12.712238,1.0244994,0.35416547
3.800,2.100,LI,12.356046,11.342942,1.0893158,0.23359646
3.800,2.200,LI,10.606724,9.0733005,1.1690039,0.13398324
3.800,2.300,LI,6.5460336,5.1492704,1.2712546,0.052438852
3.800,2.400,LI,-2.8278856,2.0207583,-1.399418,-0.013570464
3.800,2.500,LI,-22.861992,15.227634,-1.5013489,-0.066237688
3.800,2.600,LI,-43.790802,33.23518,-1.3176039,-0.10744006
3.800,2.700,LI,-32.559468,42.490937,-0.76626855,-0.13877216
3.800,2.800,LI,-13.390479,42.772408,-0.3130635,-0.16158402
3.800,2.900,LI,-2.196755,41.326083,-0.053156622,-0.17702231
3.800,3.000,LI,3.7148948,40.162948,0.092495571,-0.186073
3.800,3.100,LI,6.9487542,39.467147,0.17606426,-0.18960395
3.800,3.200,LI,8.7612221,39.14056,0.22383998,-0.18840516
3.800,3.300,LI,9.7514232,39.077463,0.24954085,-0.18322382
3.800,3.400,LI,10.227398,39.198067,0.26091588,-0.17479072
3.800,3.500,LI,10.3624,39.444839,0.2627061,-0.16383432
3.800,3.600,LI,10.263051,39.775676,0.25802331,-0.15108009
3.800,3.700,LI,10.00073,40.15881,0.24902953,-0.137235
3.800,3.800,LI,9.6267685,40.56949,0.23729085,-0.12296067
3.800,3.900,LI,9.1801414,40.987885,0.22397207,-0.10884141
3.800,4.000,LI,8.6915364,41.397809,0.2099516,-0.095355317
3.900,1.000,LI,8.4483296,14.152612,0.59694488,4.2118612
3.900,1.100,LI,8.9750442,14.28222,0.62840682,3.6091431
3.900,1.200,LI,9.532195,14.398681,0.66201861,3.0588339
3.900,1.300,LI,10.109211,14.495878,0.69738523,2.5641886
3.900,1.400,LI,10.693945,14.565988,0.73417232,2.1254976
3.900,1.500,LI,11.272398,14.598636,0.77215418,1.7409154
3.900,1.600,LI,11.82777,14.579495,0.81126059,1.4071646
3.900,1.700,LI,12.338389,14.488034,0.85162618,1.1200989
3.900,1.800,LI,12.77387,14.293984,0.89365358,0.87515296
3.900,1.900,LI,13.087895,13.951276,0.93811452,0.66767129
3.900,2.000,LI,13.203986,13.387087,0.98632258,0.49313269
3.900,2.100,LI,12.985555,12.480982,1.0404273,0.34729794
3.900,2.200,LI,12.167564,11.022444,1.1038899,0.22629625
3.900,2.300,LI,10.187509,8.61816,1.182098,0.12666534
3.900,2.400,LI,5.7433854,4.4794437,1.2821649,0.045360022
3.900,2.500,LI,-4.2565884,3.0300239,-1.4048036,-0.020260591
3.900,2.600,LI,-24.68276,16.579381,-1.4887625,-0.072460258
3.900,2.700,LI,-43.572416,34.139664,-1.2762989,-0.11316156
3.900,2.800,LI,-31.317141,42.664802,-0.73402757,-0.14398692
3.900,2.900,LI,-12.864818,42.85223,-0.3002135,-0.16630252
3.900,3.000,LI,-2.0753273,41.447726,-0.050070958,-0.18126371
3.900,3.100,LI,3.6729705,40.311598,0.091114486,-0.18986066
3.900,3.200,LI,6.8355743,39.624517,0.17250871,-0.1929629
3.900,3.300,LI,8.6141208,39.296245,0.21920977,-0.19136102
3.900,3.400,LI,9.5887019,39.225921,0.2444481,-0.18580259
3.900,3.500,LI,10.060152,39.336249,0.25574762,-0.177019
3.900,3.600,LI,10.198558,39.570968,0.2577283,-0.16573969
3.900,3.700,LI,10.108753,39.888674,0.25342415,-0.15269132
3.900,3.800,LI,9.8607128,40.258044,0.2449377,-0.13858211
3.900,3.900,LI,9.5043913,40.654664,0.23378354,-0.12407451
3.900,4.000,LI,9.0773244,41.059019,0.22107992,-0.10975298
4.000,1.000,LI,8.2455829,14.056536,0.58660135,5.1052663
4.000,1.100,LI,8.7564288,14.187952,0.61717357,4.3867447
4.000,1.200,LI,9.2979395,14.308765,0.64980728,3.7303985
4.000,1.300,LI,9.8605282,14.414102,0.68408895,3.1401331
4.000,1.400,LI,10.433437,14.497896,0.71965183,2.6163187
4.000,1.500,LI,11.004713,14.552319,0.75621713,2.156784
4.000,1.600,LI,11.560688,14.566821,0.79363153,1.7576522
4.000,1.700,LI,12.084685,14.526583,0.8319014,1.4140056
4.000,1.800,LI,12.554667,14.410265,0.87123081,1.1204215
4.000,1.900,LI,12.939051,14.186298,0.91208084,0.87136364
4.000,2.000,LI,13.188926,13.806468,0.95527156,0.66144833
4.000,2.100,LI,13.222897,13.194431,1.0021574,0.48562053
4.000,2.200,LI,12.895161,12.22381,1.0549215,0.33925745
4.000,2.300,LI,11.922717,10.673556,1.1170333,0.2182167
4.000,2.400,LI,9.7066391,8.1311002,1.193767,0.11884764
4.000,2.500,LI,4.8739517,3.7735855,1.291597,0.03797759
4.000,2.600,LI,-5.7367899,4.0731738,-1.4084324,-0.027118501
4.000,2.700,LI,-26.422604,17.923326,-1.4742021,-0.078758224
4.000,2.800,LI,-43.253511,34.987458,-1.2362576,-0.11889699
4.000,2.900,LI,-30.181733,42.835687,-0.70459319,-0.14917598
4.000,3.000,LI,-12.402494,42.936293,-0.28885806,-0.17097107
4.000,3.100,LI,-1.9843144,41.56791,-0.04773669,-0.18544166
4.000,3.200,LI,3.6147517,40.455445,0.089351427,-0.19357878
4.000,3.300,LI,6.7139446,39.775559,0.16879573,-0.19625135
4.000,3.400,LI,8.4639952,39.44496,0.21457736,-0.19424886
4.000,3.500,LI,9.4270794,39.367214,0.23946524,-0.18831808
4.000,3.600,LI,9.8971935,39.467326,0.25076929,-0.17919011
4.000,3.700,LI,10.041384,39.690224,0.25299389,-0.16759468
4.000,3.800,LI,9.9627232,39.995161,0.24909821,-0.15425922
4.000,3.900,LI,9.7297841,40.35123,0.24112733,-0.13989274
4.000,4.000,LI,9.3911651,40.73434,0.23054664,-0.12515827
4.100,1.000,LI,8.0506587,13.957951,0.57677941,6.169554
4.100,1.100,LI,8.5457326,14.089419,0.60653548,5.3135955
4.100,1.200,LI,9.0713726,14.212099,0.63828523,4.5313748
4.100,1.300,LI,9.6187622,14.322058,0.67160476,3.8275764
4.100,1.400,LI,10.178193,14.414517,0.70610713,3.2026685
4.100,1.500,LI,10.739208,14.4835,0.74147878,2.6540989
4.100,1.600,LI,11.290349,14.521143,0.77751105,2.1772865
4.100,1.700,LI,11.818312,14.51658,0.8141251,1.7664037
4.100,1.800,LI,12.306453,14.454471,0.85139421,1.4150161
4.100,1.900,LI,12.732202,14.312631,0.88957801,1.116548
4.100,2.000,LI,13.062525,14.058082,0.9291826,0.86459746
4.100,2.100,LI,13.2457,13.640375,0.97106567,0.65314591
4.100,2.200,LI,13.19523,12.979549,1.016617,0.47668243
4.100,2.300,LI,12.755853,11.943096,1.0680525,0.33026114
4.100,2.400,LI,11.626232,10.299213,1.1288467,0.20951549
4.100,2.500,LI,9.1706866,7.6159425,1.2041434,0.1106432
4.100,2.600,LI,3.9474885,3.0371946,1.2997154,0.030371485
4.100,2.700,LI,-7.2514879,5.1409987,-1.4105213,-0.034088712
4.100,2.800,LI,-28.062677,19.245891,-1.4581126,-0.085093847
4.100,2.900,LI,-42.857493,35.77619,-1.1979334,-0.12462134
4.100,3.000,LI,-29.15139,43.001682,-0.67791279,-0.15432343
4.100,3.100,LI,-12.000349,43.02306,-0.27892831,-0.17558013
4.100,3.200,LI,-1.9214524,41.686108,-0.046093351,-0.18955102
4.100,3.300,LI,3.5422759,40.594431,0.087260144,-0.19722523
4.100,3.400,LI,6.5856067,39.920433,0.16496832,-0.19946911
4.100,3.500,LI,8.3122093,39.586985,0.20997328,-0.19706974
4.100,3.600,LI,9.2675267,39.501699,0.23461084,-0.19077203
4.100,3.700,LI,9.7391145,39.591708,0.24598874,-0.18130612
4.100,3.800,LI,9.8911055,39.80305,0.24850119,-0.16940149
4.100,3.900,LI,9.8248392,40.095594,0.24503538,-0.15578588
4.100,4.000,LI,9.6075012,40.438827,0.2375811,-0.14116881
4.200,1.000,LI,7.8636028,13.858443,0.56742326,7.4364212
4.200,1.100,LI,8.3431559,13.988685,0.59642173,6.4174168
4.200,1.200,LI,8.8529484,14.111413,0.62736085,5.4858326
4.200,1.300,LI,9.3847821,14.223418,0.65981199,4.6472871
4.200,1.400,LI,9.9297607,14.320879,0.69337648,3.9023676
4.200,1.500,LI,10.478551,14.399185,0.72771832,3.2480754
4.200,1.600,LI,11.021308,14.452427,0.7625922,2.679002
4.200,1.700,LI,11.547098,14.472545,0.79786234,2.188246
4.200,1.800,LI,12.042912,14.448348,0.83351482,1.768179
4.200,1.900,LI,12.491987,14.363949,0.86967632,1.4109986
4.200,2.000,LI,12.870984,14.196219,0.90664874,1.1090999
4.200,2.100,LI,13.145238,13.910714,0.94497219,0.85532631
4.200,2.200,LI,13.260091,13.454693,0.9855365,0.64311799
4.200,2.300,LI,13.123818,12.744456,1.0297668,0.46657981
4.200,2.400,LI,12.571517,11.641231,1.0799131,0.32049925
4.200,2.500,LI,11.283227,9.9023281,1.1394519,0.20032955
4.200,2.600,LI,8.586374,7.0764268,1.2133771,0.10214932
4.200,2.700,LI,2.9735026,2.2755904,1.306695,0.022609688
4.200,2.800,LI,-8.7850104,6.2248112,-1.4112895,-0.041124511
4.200,2.900,LI,-29.590372,20.535865,-1.4409119,-0.091435704
4.200,3.000,LI,-42.406245,36.505847,-1.1616289,-0.13031414
4.200,3.100,LI,-28.221593,43.161565,-0.65385935,-0.1594165
4.200,3.200,LI,-11.653992,43.111256,-0.27032364,-0.18012232
4.200,3.300,LI,-1.8840241,41.801877,-0.045070323,-0.19358807
4.200,3.400,LI,3.4576155,40.728524,0.084894202,-0.20079876
4.200,3.500,LI,6.4521773,40.059306,0.16106563,-0.20261655
4.200,3.600,LI,8.1599697,39.722601,0.20542385,-0.19982496
4.200,3.700,LI,9.1108721,39.629723,0.22989997,-0.19316632
4.200,3.800,LI,9.5863846,39.709784,0.24141115,-0.18336913
4.200,3.900,LI,9.7478442,39.909858,0.24424653,-0.17116223
4.200,4.000,LI,9.6948919,40.190396,0.24122409,-0.15727329
4.300,1.000,LI,7.6843491,13.759188,0.55848854,8.9433598
4.300,1.100,LI,8.1487362,13.887284,0.58677679,7.7310036
4.300,1.200,LI,8.6428768,14.008737,0.61696332,6.6222529
4.300,1.300,LI,9.1590809,14.120902,0.6486187,5.6238459
4.300,1.400,LI,9.6890928,14.220676,0.68133839,4.7365126
4.300,1.500,LI,10.224445,14.304474,0.71477248,3.9567317
4.300,1.600,LI,10.756503,14.367835,0.74865167,3.2781214
4.300,1.700,LI,11.276055,14.40473,0.78280224,2.6925137
4.300,1.800,LI,11.772636,14.406914,0.81715181,2.1908701
4.300,1.900,LI,12.233392,14.362854,0.85173821,1.76394
4.300,2.000,LI,12.641213,14.256015,0.88672834,1.4026977
4.300,2.100,LI,12.971821,14.062282,0.92245493,1.0986424
4.300,2.200,LI,13.188823,13.745714,0.95948621,0.84397494
4.300,2.300,LI,13.234552,13.251192,0.99874424,0.63167868
4.300,2.400,LI,13.011975,12.491193,1.0416919,0.45554161
4.300,2.500,LI,12.346411,11.320599,1.0906147,0.31013709
4.300,2.600,LI,10.899001,9.4857567,1.148986,0.19077677
4.300,2.700,LI,7.9603195,6.5161677,1.2216259,0.09344879
4.300,2.800,LI,1.9610164,1.4938705,1.3127084,0.014749538
4.300,2.900,LI,-10.32322,7.3165368,-1.4109435,-0.048186881
4.300,3.000,LI,-30.998527,21.784353,-1.4229721,-0.097757927
4.300,3.100,LI,-41.918854,37.178067,-1.1275157,-0.1359588
4.300,3.200,LI,-27.386076,43.314613,-0.63225951,-0.16444512
4.300,3.300,LI,-11.358435,43.199845,-0.26292768,-0.18459206
4.300,3.400,LI,-1.869163,41.91486,-0.044594279,-0.1975503
4.300,3.500,LI,3.3627687,40.857727,0.082304352,-0.20429886
4.300,3.600,LI,6.3151323,40.192361,0.1571227,-0.20569443
4.300,3.700,LI,8.0083432,39.852085,0.20095168,-0.20251608
4.300,3.800,LI,8.9578197,39.751622,0.22534476,-0.19550286
4.300,3.900,LI,9.4393619,39.821923,0.23703933,-0.18538122
4.300,4.000,LI,9.6116215,40.011037,0.24022425,-0.17287893
4.400,1.000,LI,7.5127546,13.661057,0.54993948,10.734704
4.400,1.100,LI,7.9623982,13.786354,0.57755649,9.2931428
4.400,1.200,LI,8.4411995,13.905574,0.60703711,7.9743254
4.400,1.300,LI,8.9418955,14.016524,0.63795385,6.786335
4.400,1.400,LI,9.4567438,14.116642,0.66990039,5.7300705
4.400,1.500,LI,9.9779569,14.203117,0.70251881,4.8013965
4.400,1.600,LI,10.497834,14.272582,0.73552452,3.992789
4.400,1.700,LI,11.008443,14.320505,0.76871888,3.2945836
4.400,1.800,LI,11.501161,14.340773,0.80199026,2.6960772
4.400,1.900,LI,11.965867,14.324944,0.83531686,2.1863098
4.400,2.000,LI,12.389633,14.261033,0.86877529,1.7545772
4.400,2.100,LI,12.754833,14.131829,0.90256067,1.3907899
4.400,2.200,LI,13.036167,13.912217,0.93703016,1.0856847
4.400,2.300,LI,13.195451,13.564684,0.97277987,0.83092013
4.400,2.400,LI,13.171981,13.031675,1.0107665,0.61910291
4.400,2.500,LI,12.863369,12.221803,1.0524936,0.44376682
4.400,2.600,LI,12.084987,10.983538,1.1002818,0.29931698
4.400,2.700,LI,10.478821,9.0522525,1.1575926,0.1809575
4.400,2.800,LI,7.2988413,5.9386283,1.229045,0.084611535
4.400,2.900,LI,0.91841609,0.69687101,1.317914,0.0068390453
4.400,3.000,LI,-11.853616,8.4088051,-1.4096671,-0.055243581
4.400,3.100,LI,-32.284502,22.984663,-1.4046106,-0.10403945
4.400,3.200,LI,-41.411141,37.795568,-1.0956613,-0.14154211
4.400,3.300,LI,-26.637631,43.460454,-0.61291653,-0.16940151
4.400,3.400,LI,-11.108546,43.287996,-0.25661956,-0.18898529
4.400,3.500,LI,-1.8740415,42.024778,-0.044593727,-0.20143617
4.400,3.600,LI,3.2596088,40.982075,0.079537427,-0.20772563
4.400,3.700,LI,6.1758121,40.319788,0.15317075,-0.20870387
4.400,3.800,LI,7.8582735,39.975712,0.1965762,-0.20514478
4.400,3.900,LI,8.8089599,39.867719,0.2209547,-0.19778363
4.400,4.000,LI,9.2982956,39.928477,0.23287379,-0.1873444
4.500,1.000,LI,7.3486239,13.564683,0.54174682,12.862867
4.500,1.100,LI,7.7839896,13.686731,0.56872524,11.149695
4.500,1.200,LI,8.247842,13.803038,0.59753816,9.5818903
4.500,1.300,LI,8.7332856,13.911781,0.62776186,8.1691529
4.500,1.400,LI,9.2329946,14.010801,0.6589912,6.9125775
4.500,1.500,LI,9.7397243,14.097884,0.69086426,5.8073088
4.500,1.600,LI,10.246508,14.170499,0.72308727,4.8444808
4.500,1.700,LI,10.74639,14.225233,0.75544563,4.0126624
4.500,1.800,LI,11.232116,14.257543,0.78780163,3.2991847
4.500,1.900,LI,11.69554,14.26123,0.8200934,2.6910697
4.500,2.000,LI,12.126646,14.227526,0.85233694,2.1756301
4.500,2.100,LI,12.51226,14.143979,0.88463503,1.7408992
4.500,2.200,LI,12.834162,13.9927,0.91720411,1.3758843
4.500,2.300,LI,13.065968,13.7475,0.95042506,1.070678
4.500,2.400,LI,13.167698,13.369254,0.98492396,0.8164914
4.500,2.500,LI,13.075608,12.797952,1.0216953,0.60562969
4.500,2.600,LI,12.681871,11.938293,1.0622851,0.43142683
4.500,2.700,LI,11.79171,10.632303,1.1090457,0.28816014
4.500,2.800,LI,10.027746,8.6044495,1.165414,0.17095661
4.500,2.900,LI,6.6078183,5.3470952,1.2357772,0.075696226
4.500,3.000,LI,-0.14663492,0.11088132,-1.3224493,-0.0010820137
4.500,3.100,LI,-13.365338,9.4950112,-1.4076169,-0.062268237
4.500,3.200,LI,-33.449229,24.132087,-1.3860894,-0.1102633
4.500,3.300,LI,-40.895725,38.361715,-1.0660557,-0.14705366
4.500,3.400,LI,-25.968722,43.598968,-0.59562699,-0.1742798
4.500,3.500,LI,-10.899334,43.37506,-0.25128112,-0.19329925
4.500,3.600,LI,-1.8959701,42.131431,-0.045001323,-0.20524493
4.500,3.700,LI,3.1498731,41.101637,0.076636195,-0.21107963
4.500,3.800,LI,6.0354353,40.441789,0.14923759,-0.21164624
4.500,3.900,LI,7.7105907,40.093757,0.192314,-0.20771287
4.500,4.000,LI,8.6647702,39.978327,0.21673669,-0.2000106
4.600,1.000,LI,7.191727,13.470523,0.53388626,15.389795
4.600,1.100,LI,7.613305,13.589025,0.56025396,13.354873
4.600,1.200,LI,8.0626492,13.701946,0.58843097,11.492048
4.600,1.300,LI,8.533188,13.807778,0.61799865,9.812974
4.600,1.400,LI,9.0179364,13.904657,0.64855514,8.3189665
4.600,1.500,LI,9.5100884,13.990829,0.67973728,7.0043241
4.600,1.600,LI,10.003267,14.06442,0.71124635,5.8586081
4.600,1.700,LI,10.491276,14.122854,0.74285806,4.868299
4.600,1.800,LI,10.967898,14.162768,0.77441769,4.0184065
4.600,1.900,LI,11.426455,14.179616,0.80583671,3.2935711
4.600,2.000,LI,11.859027,14.166959,0.83709052,2.6787624
4.600,2.100,LI,12.255532,14.115704,0.86821967,2.1597955
4.600,2.200,LI,12.602475,14.012937,0.8993457,1.7236342
4.600,2.300,LI,12.880971,13.840013,0.93070519,1.3585208
4.600,2.400,LI,13.063547,13.569636,0.96270431,1.0540166
4.600,2.500,LI,13.108451,13.161068,0.99600209,0.80097532
4.600,2.600,LI,12.948863,12.551804,1.0316336,0.59146495
4.600,2.700,LI,12.47139,11.642596,1.0711863,0.41866759
4.600,2.800,LI,11.470905,10.269045,1.1170372,0.27676915
4.600,2.900,LI,9.5504983,8.1448421,1.1725824,0.16084541
4.600,3.000,LI,5.8926007,4.7446467,1.2419472,0.066751557
4.600,3.100,LI,-1.2272086,0.92519895,-1.3264267,-0.0089809886
4.600,3.200,LI,-14.849104,10.569342,-1.4049222,-0.06923946
4.600,3.300,LI,-34.496375,25.223668,-1.3676193,-0.116416
4.600,3.400,LI,-40.382371,38.880203,-1.0386358,-0.15248546
4.600,3.500,LI,-25.371909,43.730212,-0.58019178,-0.17907577
4.600,3.600,LI,-10.726096,43.460539,-0.24680081,-0.19753219
4.600,3.700,LI,-1.9324326,42.234684,-0.045754635,-0.20897651
4.600,3.800,LI,3.0351694,41.216503,0.073639663,-0.21436183
4.600,3.900,LI,5.8951063,40.558572,0.14534797,-0.21452308
4.600,4.000,LI,7.5660108,40.206486,0.18817886,-0.2102222
4.700,1.000,LI,7.0418113,13.378893,0.52633735,18.388688
4.700,1.100,LI,7.4501042,13.493669,0.5521185,15.972745
4.700,1.200,LI,7.8854111,13.602887,0.57968657,13.760469
4.700,1.300,LI,8.3414543,13.705323,0.60862882,11.765882
4.700,1.400,LI,8.811528,13.799316,0.63854818,9.9905401
4.700,1.500,LI,9.2891849,13.883474,0.66908215,8.4277492
4.700,1.600,LI,9.7685315,13.956442,0.69992995,7.0652284
4.700,1.700,LI,10.243969,14.016281,0.73086209,5.8869889
4.700,1.800,LI,10.710081,14.060519,0.76171309,4.8752984
4.700,1.900,LI,11.161309,14.085856,0.79237702,4.0119885
4.700,2.000,LI,11.591281,14.087563,0.82280246,3.2792597
4.700,2.100,LI,11.992134,14.05897,0.85298809,2.6603057
4.700,2.200,LI,12.353644,13.990678,0.8829911,2.1396766
4.700,2.300,LI,12.661909,13.869221,0.91295025,1.7034277
4.700,2.400,LI,12.897374,13.675174,0.94312319,1.3391707
4.700,2.500,LI,13.031514,13.380146,0.97394406,1.0360437
4.700,2.600,LI,13.020794,12.941743,1.0061082,0.78461893
4.700,2.700,LI,12.795237,12.294939,1.0406914,0.57678401
4.700,2.800,LI,12.235744,11.336554,1.0793178,0.4056127
4.700,2.900,LI,11.126631,9.8957981,1.1243793,0.26523029
4.700,3.000,LI,9.0513687,7.6757584,1.1792149,0.15068314
4.700,3.100,LI,5.1579901,4.1341382,1.2476579,0.057817599
4.700,3.200,LI,-2.3170741,1.742247,-1.3299343,-0.016831275
4.700,3.300,LI,-16.297146,11.626792,-1.401689,-0.076140141
4.700,3.400,LI,-35.431616,26.25794,-1.3493677,-0.12248706
4.700,3.500,LI,-39.878428,39.354825,-1.0133047,-0.15783154
4.700,3.600,LI,-24.840094,43.854358,-0.56642248,-0.18378647
4.700,3.700,LI,-10.584479,43.544058,-0.24307516,-0.20168324
4.700,3.800,LI,-1.981085,42.33446,-0.046796037,-0.21263133
4.700,3.900,LI,2.9169838,41.32679,0.070583362,-0.21757346
4.700,4.000,LI,5.7558152,40.67035,0.14152362,-0.21733611
4.800,1.000,LI,6.8986116,13.290008,0.51908258,21.946025
4.800,1.100,LI,7.294125,13.400963,0.54429857,19.07901
4.800,1.200,LI,7.7158814,13.506282,0.57128094,16.452936
4.800,1.300,LI,8.1578779,13.605001,0.59962348,14.084703
4.800,1.400,LI,8.6136364,13.695589,0.62893507,11.976121
4.800,1.500,LI,9.0770053,13.77694,0.65885494,10.119326
4.800,1.600,LI,9.5424953,13.84812,0.68908238,8.4998847
4.800,1.700,LI,10.004982,13.907673,0.71938582,7.0988872
4.800,1.800,LI,10.459681,13.953807,0.74959338,5.8953626
4.800,1.900,LI,10.901899,13.984176,0.77958821,4.8678296
4.800,2.000,LI,11.326439,13.995325,0.80930161,3.9952169
4.800,2.100,LI,11.72707,13.982364,0.83870439,3.2576204
4.800,2.200,LI,12.095912,13.93843,0.8678102,2.636739
4.800,2.300,LI,12.422497,13.853708,0.89669113,2.1160437
4.800,2.400,LI,12.692505,13.714166,0.92550326,1.6808419
4.800,2.500,LI,12.885755,13.499615,0.95452765,1.3182442
4.800,2.600,LI,12.97267,13.180525,0.98423013,1.0170551
4.800,2.700,LI,12.90788,12.712826,1.0153431,0.76763231
4.800,2.800,LI,12.618164,12.028987,1.0489798,0.56173537
4.800,2.900,LI,11.978544,11.021906,1.0867943,0.39236625
4.800,3.000,LI,10.762586,9.5144545,1.1311827,0.25361532
4.800,3.100,LI,8.5341836,7.1993526,1.1854099,0.14051866
4.800,3.200,LI,4.4082686,3.5181995,1.25299,0.048927125
4.800,3.300,LI,-3.4106613,2.5585606,-1.3330391,-0.024611476
4.800,3.400,LI,-17.70315,12.663148,-1.3980055,-0.082956818
4.800,3.500,LI,-36.262012,27.234656,-1.3314658,-0.12846843
4.800,3.600,LI,-39.389262,39.789318,-0.98994564,-0.16308756
4.800,3.700,LI,-24.366631,43.971658,-0.55414402,-0.1884101
4.800,3.800,LI,-10.470466,43.62535,-0.24000877,-0.20575221
4.800,3.900,LI,-2.0397483,42.43073,-0.04807243,-0.21621026
4.800,4.000,LI,2.7966794,41.43263,0.067499442,-0.220716
4.900,1.000,LI,6.7618565,13.203998,0.51210677,26.163951
4.900,1.100,LI,7.1450927,13.311105,0.53677682,22.763096
4.900,1.200,LI,7.5537903,13.412415,0.56319392,19.647165
4.900,1.300,LI,7.9822126,13.507224,0.59095878,16.836586
4.900,1.400,LI,8.4240648,13.594061,0.61968712,14.333406
4.900,1.500,LI,8.8734397,13.672047,0.64902058,12.128389
4.900,1.600,LI,9.325194,13.7406,0.67865986,10.204595
4.900,1.700,LI,9.7745843,13.798627,0.70837366,8.5396499
4.900,1.800,LI,10.217324,13.844863,0.73798666,7.1087595
4.900,1.900,LI,10.649408,13.877701,0.76737555,5.8865379
4.900,2.000,LI,11.066544,13.894644,0.79646115,4.8480466
4.900,2.100,LI,11.463733,13.892132,0.82519611,3.9697212
4.900,2.200,LI,11.834819,13.865166,0.85356489,3.2298937
4.900,2.300,LI,12.171783,13.80656,0.88159419,2.6089813
4.900,2.400,LI,12.463893,13.706071,0.90937021,2.0895672
4.900,2.500,LI,12.69646,13.549129,0.93706838,1.656367
4.900,2.600,LI,12.84868,13.314734,0.9649971,1.2960954
4.900,2.700,LI,12.889891,12.972198,0.99365509,0.99730213
4.900,2.800,LI,12.772835,12.475793,1.0238094,0.75019358
4.900,2.900,LI,12.420912,11.755485,1.0566057,0.54644428
4.900,3.000,LI,11.703093,10.700263,1.0937201,0.37901481
4.900,3.100,LI,10.382069,9.1267591,1.1375416,0.2419835
4.900,3.200,LI,8.0023217,6.7176063,1.191246,0.13039204
4.900,3.300,LI,3.6472359,2.899223,1.2580046,0.040106593
4.900,3.400,LI,-4.5030213,3.3710505,-1.3357917,-0.032304643
4.900,3.500,LI,-19.062156,13.674956,-1.3939465,-0.089679054
4.900,3.600,LI,-36.99548,28.154533,-1.3140151,-0.13435415
4.900,3.700,LI,-38.918624,40.187264,-0.9684318,-0.16825061
4.900,3.800,LI,-23.945349,44.082417,-0.54319501,-0.19294574
4.900,3.900,LI,-10.38036,43.70423,-0.23751385,-0.20973948
4.900,4.000,LI,-2.1064046,42.523503,-0.049535069,-0.21971446
5.000,1.000,LI,6.6312735,13.120932,0.50539653,31.163093
5.000,1.100,LI,7.0027267,13.224214,0.52953821,27.130623
5.000,1.200,LI,7.3988544,13.321469,0.55540828,23.434946
5.000,1.300,LI,7.8141876,13.412274,0.58261468,20.100853
5.000,1.400,LI,8.2425735,13.495143,0.61078073,17.130565
5.000,1.500,LI,8.6783077,13.569383,0.63955066,14.513238
5.000,1.600,LI,9.1165508,13.634721,0.66862759,12.229019
5.000,1.700,LI,9.5528645,13.690325,0.69778215,10.251426
5.000,1.800,LI,9.983361,13.73534,0.72683754,8.5511491
5.000,1.900,LI,10.40459,13.768746,0.7556672,7.0982029
5.000,2.000,LI,10.812965,13.788773,0.78418618,5.8630784
5.000,2.100,LI,11.204436,13.792862,0.81233585,4.8178857
5.000,2.200,LI,11.574148,13.777412,0.84008146,3.9369819
5.000,2.300,LI,11.915875,13.737159,0.86741915,3.1971756
5.000,2.400,LI,12.221427,13.664586,0.89438697,2.5778307
5.000,2.500,LI,12.479868,13.549068,0.92108682,2.0608324
5.000,2.600,LI,12.676139,13.375438,0.94771766,1.6304261
5.000,2.700,LI,12.788789,13.121865,0.97461673,1.2730243
5.000,2.800,LI,12.786043,12.756527,1.0023138,0.97699807
5.000,2.900,LI,12.618652,12.232034,1.031607,0.73245311
5.000,3.000,LI,12.206493,11.47585,1.0636679,0.53101487
5.000,3.100,LI,11.412349,10.373108,1.1001861,0.36562992
5.000,3.200,LI,9.9879799,8.7343137,1.1435335,0.23038354
5.000,3.300,LI,7.4587409,6.2323188,1.1967842,0.12033572
5.000,3.400,LI,2.8782595,2.2793628,1.2627474,0.031377062
5.000,3.500,LI,-5.5897783,4.1769897,-1.3382313,-0.0398975
5.000,3.600,LI,-20.370465,14.659464,-1.3895778,-0.096298942
5.000,3.700,LI,-37.640358,29.019033,-1.2970921,-0.14014
5.000,3.800,LI,-38.468944,40.552032,-0.94863174,-0.17331889
5.000,3.900,LI,-23.570525,44.186962,-0.53342715,-0.19739318
5.000,4.000,LI,-10.310757,43.780584,-0.2355098,-0.21364587
5.100,1.000,LI,6.5065927,13.040834,0.49893992,37.08588
5.100,1.100,LI,6.866746,13.140349,0.52256954,32.306315
5.100,1.200,LI,7.2507835,13.233551,0.54790912,27.924676
5.100,1.300,LI,7.6535169,13.320331,0.57457408,23.971192
5.100,1.400,LI,8.0688949,13.399114,0.60219613,20.448125
5.100,1.500,LI,8.4913804,13.469362,0.63042187,17.342744
5.100,1.600,LI,8.9164099,13.531085,0.65895751,14.631834
5.100,1.700,LI,9.3397886,13.583628,0.68757687,12.284028
5.100,1.800,LI,9.7579481,13.626459,0.71610298,10.264682
5.100,1.900,LI,10.167893,13.659031,0.74440812,8.5383987
5.100,2.000,LI,10.566598,13.680126,0.77240508,7.0702656
5.100,2.100,LI,10.950751,13.687948,0.80002867,5.8272818
5.100,2.200,LI,11.316502,13.679962,0.82723201,4.7791134
5.100,2.300,LI,11.658969,13.65233,0.85399114,3.8983046
5.100,2.400,LI,11.971816,13.599529,0.8803111,3.1604148
5.100,2.500,LI,12.246751,13.513769,0.90624242,2.5439855
5.100,2.600,LI,12.47262,13.383972,0.93190723,2.0303441
5.100,2.700,LI,12.633981,13.194351,0.95752961,1.603377
5.100,2.800,LI,12.708728,12.922278,0.98347431,1.249286
5.100,2.900,LI,12.663892,12.534789,1.0102995,0.95632313
5.100,3.000,LI,12.448107,11.982825,1.0388291,0.71453581
5.100,3.100,LI,11.977615,11.191383,1.0702534,0.51553324
5.100,3.200,LI,11.108917,10.041799,1.1062676,0.35227057
5.100,3.300,LI,9.5828417,8.3385673,1.1492192,0.21885495
5.100,3.400,LI,6.9060272,5.7451085,1.2020708,0.1103756
5.100,3.500,LI,2.1043335,1.6605485,1.2672521,0.022755154
5.100,3.600,LI,-6.6671014,4.9740026,-1.3403896,-0.047379863
5.100,3.700,LI,-21.625535,15.614574,-1.3849583,-0.10281072
5.100,3.800,LI,-38.205025,29.830161,-1.2807516,-0.14582316
5.100,3.900,LI,-38.041557,40.886741,-0.93041305,-0.17829153
5.100,4.000,LI,-23.236867,44.285639,-0.52470434,-0.20175281
5.200,1.000,LI,6.3875493,12.963691,0.49272612,44.100452
5.200,1.100,LI,6.7368726,13.059523,0.51585902,38.437433
5.200,1.200,LI,7.1092863,13.148706,0.54068332,33.244328
5.200,1.300,LI,7.4999072,13.231498,0.56682221,28.558236
5.200,1.400,LI,7.9027442,13.306153,0.59391654,24.381189
5.200,1.500,LI,8.312397,13.372264,0.62161477,20.698255
5.200,1.600,LI,8.7245612,13.430116,0.64962666,17.482358
5.200,1.700,LI,9.1352333,13.479159,0.67773023,14.69631
5.200,1.800,LI,9.541101,13.519113,0.70574905,12.299167
5.200,1.900,LI,9.9395508,13.549824,0.73355572,10.249172
5.200,2.000,LI,10.328004,13.570493,0.76106325,8.5050195
5.200,2.100,LI,10.70373,13.579912,0.7882032,7.0276703
5.200,2.200,LI,11.063671,13.576364,0.81492156,5.7812566
5.200,2.300,LI,11.403975,13.557088,0.84118174,4.7332842
5.200,2.400,LI,11.719687,13.518038,0.86696652,3.854816
5.200,2.500,LI,12.004434,13.453503,0.89229055,3.1204442
5.200,2.600,LI,12.249803,13.355335,0.91722171,2.5080482
5.200,2.700,LI,12.444412,13.211976,0.94190396,1.9985287
5.200,2.800,LI,12.572442,13.007067,0.96658552,1.5755243
5.200,2.900,LI,12.611066,12.717167,0.99165689,1.2250962
5.200,3.000,LI,12.526014,12.308155,1.0177004,0.93542683
5.200,3.100,LI,12.263712,11.729337,1.0455589,0.69654504
5.200,3.200,LI,11.736672,10.903276,1.0764354,0.50007056
5.200,3.300,LI,10.795055,9.7075604,1.1120255,0.33898462
5.200,3.400,LI,9.1688374,7.9408193,1.1546463,0.20742934
5.200,3.500,LI,6.3464541,5.2574279,1.2071405,0.10053226
5.200,3.600,LI,1.3281161,1.0444903,1.2715447,0.014253733
5.200,3.700,LI,-7.7316853,5.7600535,-1.342294,-0.054744179
5.200,3.800,LI,-22.825835,16.538769,-1.3801411,-0.10921038
5.200,3.900,LI,-38.697602,30.590288,-1.265029,-0.15140195
5.200,4.000,LI,-37.636914,41.194254,-0.91364476,-0.1831684
5.300,1.000,LI,6.2738854,12.889465,0.4867452,52.405276
5.300,1.100,LI,6.6128347,12.981716,0.50939604,45.697817
5.300,1.200,LI,6.9740735,13.066934,0.5337192,39.544962
5.300,1.300,LI,7.3530635,13.145822,0.55934604,33.992605
5.300,1.400,LI,7.7438279,13.216359,0.58592747,29.042059
5.300,1.500,LI,8.1410758,13.278266,0.61311289,24.675832
5.300,1.600,LI,8.540757,13.332101,0.64061596,20.86246
5.300,1.700,LI,8.9390129,13.377354,0.66821981,17.557795
5.300,1.800,LI,9.3327352,13.413945,0.69574875,14.713452
5.300,1.900,LI,9.7196375,13.442056,0.7230767,12.280207
5.300,2.000,LI,10.097499,13.461202,0.75011871,10.209192
5.300,2.100,LI,10.464054,13.470625,0.7768054,8.4542325
5.300,2.200,LI,10.816876,13.469254,0.8030791,6.972935
5.300,2.300,LI,11.152917,13.455146,0.82889603,5.7268526
5.300,2.400,LI,11.468271,13.425362,0.85422434,4.6817343
5.300,2.500,LI,11.757996,13.375741,0.87905384,3.8075091
5.300,2.600,LI,12.015654,13.300272,0.90341413,3.0779822
5.300,2.700,LI,12.232695,13.190425,0.92739196,2.4705258
5.300,2.800,LI,12.397533,13.034225,0.95115229,1.9657497
5.300,2.900,LI,12.493919,12.814714,0.97496663,1.5471261
5.300,3.000,LI,12.498208,12.507618,0.99924765,1.2006335
5.300,3.100,LI,12.374754,12.077694,1.0245957,0.91443298
5.300,3.200,LI,12.067696,11.472638,1.0518676,0.67856641
5.300,3.300,LI,11.485742,10.612597,1.0822744,0.48468456
5.300,3.400,LI,10.47271,9.3714851,1.117508,0.32581043
5.300,3.500,LI,8.7478689,7.5422349,1.159851,0.19613196
5.300,3.600,LI,5.7820227,4.7705667,1.2120201,0.09082171
5.300,3.700,LI,0.5519536,0.43268544,1.2756463,0.0058824535
5.300,3.800,LI,-8.780711,6.53342,-1.3439685,-0.061985022
5.300,3.900,LI,-23.970686,17.431039,-1.3751726,-0.1154953
5.300,4.000,LI,-39.125733,31.302025,-1.2499425,-0.15687565
5.400,1.000,LI,6.165352,12.818101,0.48098795,62.234579
5.400,1.100,LI,6.4943683,12.906883,0.50317093,54.292659
5.400,1.200,LI,6.8448608,12.988197,0.52700622,47.004854
5.400,1.300,LI,7.2126933,13.063304,0.55213394,40.428488
5.400,1.400,LI,7.5918499,13.129777,0.57821623,34.563315
5.400,1.500,LI,7.9771238,13.187463,0.60490208,29.388885
5.400,1.600,LI,8.3647258,13.237225,0.63190931,24.868818
5.400,1.700,LI,8.7508991,13.278512,0.65902707,20.950592
5.400,1.800,LI,9.1326948,13.311409,0.68608024,17.577044
5.400,1.900,LI,9.5081157,13.336401,0.71294467,14.6902
5.400,2.000,LI,9.8752287,13.353225,0.73953886,12.232236
5.400,2.100,LI,10.232136,13.361473,0.76579398,10.148546
5.400,2.200,LI,10.576929,13.360593,0.79165115,8.3890474
5.400,2.300,LI,10.907194,13.349264,0.81706333,6.9082595
5.400,2.400,LI,11.219837,13.325387,0.84198961,5.6656515
5.400,2.500,LI,11.511004,13.285972,0.86640283,4.6256477
5.400,2.600,LI,11.775715,13.226597,0.89030574,3.7572403
5.400,2.700,LI,12.00745,13.140932,0.91374415,3.033631
5.400,2.800,LI,12.197566,13.020141,0.93682291,2.4318515
5.400,2.900,LI,12.334227,12.851794,0.95972807,1.9323151
5.400,3.000,LI,12.400663,12.618309,0.98275149,1.5183952
5.400,3.100,LI,12.372355,12.294623,1.0063224,1.1760459
5.400,3.200,LI,12.212209,11.844387,1.0310546,0.89344436
5.400,3.300,LI,11.862,11.213684,1.0578147,0.66066936
5.400,3.400,LI,11.226613,10.320296,1.0878189,0.46942157
5.400,3.500,LI,10.14357,9.0345528,1.1227528,0.31277876
5.400,3.600,LI,8.3215945,7.143846,1.164862,0.18498254
5.400,3.700,LI,5.2144919,4.2856563,1.2167312,0.08125607
5.400,3.800,LI,-0.22208508,0.17356164,-1.2795747,-0.0023516106
5.400,3.900,LI,-9.8118035,7.2926661,-1.3454343,-0.069098697
5.400,4.000,LI,-25.060111,18.290818,-1.3700924,-0.12166408
5.500,1.000,LI,6.0617092,12.749529,0.47544574,73.86476
5.500,1.100,LI,6.3812192,12.834961,0.49717479,64.464125
5.500,1.200,LI,6.7213703,12.912434,0.52053473,55.834347
5.500,1.300,LI,7.0785092,12.983912,0.54517538,48.047873
5.500,1.400,LI,7.4465156,13.046403,0.57077154,41.101461
5.500,1.500,LI,7.8202427,13.099894,0.59696993,34.971288
5.500,1.600,LI,8.1961817,13.14559,0.62349287,29.615568
5.500,1.700,LI,8.5706347,13.182825,0.65013644,24.971656
5.500,1.800,LI,8.9407738,13.211816,0.6767256,20.972025
5.500,1.900,LI,9.3048665,13.233335,0.70313843,17.548478
5.500,2.000,LI,9.6612079,13.247269,0.72929808,14.632572
5.500,2.100,LI,10.008193,13.253478,0.75513712,12.159735
5.500,2.200,LI,10.344346,13.251837,0.78059715,10.070836
5.500,2.300,LI,10.667759,13.241498,0.8056308,8.3120788
5.500,2.400,LI,10.975973,13.221005,0.83019205,6.8355127
5.500,2.500,LI,11.265978,13.188267,0.85424249,5.5990659
5.500,2.600,LI,11.533897,13.140053,0.87776639,4.5660452
5.500,2.700,LI,11.774696,13.071663,0.90078023,3.7047237
5.500,2.800,LI,11.981833,12.976548,0.92334522,2.9879067
5.500,2.900,LI,12.146529,12.845512,0.94558539,2.3923935
5.500,3.000,LI,12.256611,12.665642,0.96770546,1.8984786
5.500,3.100,LI,12.29475,12.418784,0.99001233,1.4895083
5.500,3.200,LI,12.235487,12.079092,1.0129476,1.1514566
5.500,3.300,LI,12.040207,11.609101,1.0371352,0.87254425
5.500,3.400,LI,11.648297,10.953322,1.0634488,0.6429096
5.500,3.500,LI,10.960835,10.027227,1.0931073,0.45431886
5.500,3.600,LI,9.8090957,8.6976281,1.1277897,0.29991373
5.500,3.700,LI,7.8914617,6.7465555,1.1697023,0.17399609
5.500,3.800,LI,4.6454145,3.8036889,1.2212919,0.071844347
5.500,3.900,LI,-0.99218434,0.77312388,-1.2833446,-0.010443491
5.500,4.000,LI,-10.822998,8.036624,-1.3467096,-0.076082988
5.600,1.000,LI,5.9627274,12.683675,0.47011039,87.621952
5.600,1.100,LI,6.2731436,12.765877,0.49139935,76.497989
5.600,1.200,LI,6.6033319,12.839559,0.51429585,66.28158
5.600,1.300,LI,6.9502312,12.907592,0.53846069,57.065518
5.600,1.400,LI,7.3075355,12.966205,0.56358324,48.841205
5.600,1.500,LI,7.6701337,13.015549,0.58930545,41.58103
5.600,1.600,LI,8.0348318,13.05724,0.61535455,35.23744
5.600,1.700,LI,8.3979451,13.0904,0.64153466,29.735451
5.600,1.800,LI,8.7567321,13.115362,0.66766986,24.995308
5.600,1.900,LI,9.1097133,13.133187,0.69364071,20.936907
5.600,2.000,LI,9.4553613,13.143838,0.71937598,17.479197
5.600,2.100,LI,9.7923031,13.147383,0.74481007,14.54583
5.600,2.200,LI,10.119428,13.144058,0.7698861,12.067026
5.600,2.300,LI,10.435238,13.133377,0.79455863,9.9791671
5.600,2.400,LI,10.737777,13.114372,0.8187794,8.2255299
5.600,2.500,LI,11.024702,13.085655,0.84250284,6.756381
5.600,2.600,LI,11.292982,13.044901,0.86570087,5.5283119
5.600,2.700,LI,11.538694,12.988624,0.88836921,4.5037714
5.600,2.800,LI,11.756834,12.911975,0.91053719,3.6505739
5.600,2.900,LI,11.940793,12.808114,0.9322835,2.941249
5.600,3.000,LI,12.081574,12.667452,0.9537494,2.3524531
5.600,3.100,LI,12.166647,12.476652,0.97515318,1.8644509
5.600,3.200,LI,12.178058,12.216992,0.99681314,1.4606132
5.600,3.300,LI,12.089339,11.861824,1.0191804,1.1269653
5.600,3.400,LI,11.860328,11.372605,1.0428858,0.85179941
5.600,3.500,LI,11.428034,10.692311,1.0688086,0.62533216
5.600,3.600,LI,10.689743,9.7341367,1.0981706,0.43940577
5.600,3.700,LI,9.4705575,8.3614639,1.1326435,0.28723373
5.600,3.800,LI,7.4587437,6.3511562,1.1743915,0.16318388
5.600,3.900,LI,4.0761576,3.3255285,1.2257172,0.062592998
5.600,4.000,LI,-1.7567682,1.3650438,-1.2869684,-0.018390043
5.700,1.000,LI,5.8681875,12.620462,0.46497406,103.89094
5.700,1.100,LI,6.1699096,12.699548,0.48583694,90.731466
5.700,1.200,LI,6.4904838,12.769473,0.50828127,78.639197
5.700,1.300,LI,6.8275885,12.834275,0.53198086,67.734831
5.700,1.400,LI,7.1746277,12.889123,0.55664205,58.00052
5.700,1.500,LI,7.5265009,12.934383,0.58189871,49.404532
5.700,1.600,LI,7.8803809,12.972171,0.60748357,41.893446
5.700,1.700,LI,8.2325456,13.001285,0.63321017,35.377087
5.700,1.800,LI,8.5803069,13.022162,0.65890033,29.761291
5.700,1.900,LI,8.922439,13.03617,0.68443717,24.952142
5.700,2.000,LI,9.2575468,13.043279,0.7097561,20.853587
5.700,2.100,LI,9.5844363,13.043718,0.73479329,17.375359
5.700,2.200,LI,9.9023161,13.038042,0.7594941,14.435174
5.700,2.300,LI,10.210022,13.026032,0.7838167,11.957793
5.700,2.400,LI,10.505994,13.007094,0.80771263,9.8761294
5.700,2.500,LI,10.788427,12.9804,0.83113214,8.131416
5.700,2.600,LI,11.054954,12.944314,0.85403938,6.6723131
5.700,2.700,LI,11.302493,12.896271,0.87641557,5.4543867
5.700,2.800,LI,11.527187,12.832699,0.89826675,4.4395587
5.700,2.900,LI,11.724011,12.748501,0.91963837,3.5953161
5.700,3.000,LI,11.88621,12.636502,0.94062506,2.8940154
5.700,3.100,LI,12.004561,12.486798,0.96138022,2.3122811
5.700,3.200,LI,12.066119,12.28563,0.98213268,1.8304085
5.700,3.300,LI,12.052235,12.013676,1.0032096,1.4318285
5.700,3.400,LI,11.93541,11.643525,1.0250685,1.1026517
5.700,3.500,LI,11.673943,11.135587,1.0483455,0.83126409
5.700,3.600,LI,11.20246,10.431316,1.0739259,0.60797249
5.700,3.700,LI,10.414494,9.4416745,1.1030346,0.42470463
5.700,3.800,LI,9.1290695,8.0267215,1.1373348,0.2747527
5.700,3.900,LI,7.0245594,5.9583386,1.178946,0.15255411
5.700,4.000,LI,3.5079123,2.851915,1.2300199,0.053506247
5.800,1.000,LI,5.7778817,12.559816,0.46002917,123.12568
5.800,1.100,LI,6.0712977,12.635891,0.48048037,107.56244
5.800,1.200,LI,6.3825724,12.702061,0.50248322,93.252257
5.800,1.300,LI,6.7103202,12.763878,0.52572741,80.354783
5.800,1.400,LI,7.0475194,12.815082,0.54993945,68.8366
5.800,1.500,LI,7.3890533,12.856326,0.57474066,58.66171
5.800,1.600,LI,7.7325364,12.890349,0.59987019,49.771225
5.800,1.700,LI,8.0741481,12.91548,0.62515276,42.056026
5.800,1.800,LI,8.4112215,12.932263,0.65040602,35.404988
5.800,1.900,LI,8.7427994,12.942408,0.67551567,29.708278
5.800,2.000,LI,9.0675756,12.945822,0.70042488,24.851935
5.800,2.100,LI,9.3844884,12.942851,0.7250712,20.72924
5.800,2.200,LI,9.6930354,12.934352,0.74940249,17.243247
5.800,2.300,LI,9.9923224,12.920293,0.77338204,14.304971
5.800,2.400,LI,10.281105,12.900362,0.79696252,11.835069
5.800,2.500,LI,10.55802,12.874188,0.82009208,9.7641362
5.800,2.600,LI,10.821223,12.840666,0.84273064,8.0314634
5.800,2.700,LI,11.068282,12.797927,0.86484956,6.5844832
5.800,2.800,LI,11.296212,12.743376,0.88643791,5.3781631
5.800,2.900,LI,11.501162,12.673223,0.90751672,4.3740345
5.800,3.000,LI,11.678002,12.582072,0.92814624,3.5393734
5.800,3.100,LI,11.819846,12.462515,0.94843186,2.8465042
5.800,3.200,LI,11.917192,12.304325,0.96853679,2.2720891
5.800,3.300,LI,11.9566,12.093276,0.98869819,1.7964932
5.800,3.400,LI,11.918716,11.809493,1.0092487,1.4032496
5.800,3.500,LI,11.775009,11.424831,1.0306506,1.0785812
5.800,3.600,LI,11.48223,10.898648,1.0535463,0.81098098
5.800,3.700,LI,10.972651,10.170907,1.0788272,0.59085755
5.800,3.800,LI,10.136102,9.15041,1.1077211,0.41023252
5.800,3.900,LI,8.7856091,7.6939758,1.1418816,0.26248091
5.800,4.000,LI,6.5898807,5.5686928,1.1833802,0.14211226
5.900,1.000,LI,5.6916135,12.501669,0.45526831,145.86176
5.900,1.100,LI,5.9771013,12.574822,0.47532293,127.46038
5.900,1.200,LI,6.2793518,12.637197,0.49689434,110.5275
5.900,1.300,LI,6.5981765,12.696315,0.51969225,95.278068
5.900,1.400,LI,6.9259487,12.743998,0.54346751,81.652884
5.900,1.500,LI,7.2575072,12.781286,0.56782293,69.611951
5.900,1.600,LI,7.5910105,12.811714,0.59250547,59.092164
5.900,1.700,LI,7.922465,12.832952,0.61735329,49.960434
5.900,1.800,LI,8.2491923,12.845663,0.64217726,42.085713
5.900,1.900,LI,8.5705328,12.851961,0.66686575,35.339969
5.900,2.000,LI,8.8852262,12.851604,0.69137099,29.587787
5.900,2.100,LI,9.1923005,12.845026,0.71563112,24.702995
5.900,2.200,LI,9.4915243,12.833381,0.73959653,20.571496
5.900,2.300,LI,9.7822227,12.816757,0.76323694,17.088026
5.900,2.400,LI,10.063398,12.795052,0.78650702,14.158756
5.900,2.500,LI,10.334058,12.768276,0.80935424,11.701752
5.900,2.600,LI,10.592779,12.735732,0.83173699,9.645244
5.900,2.700,LI,10.837632,12.69608,0.85362028,7.9270497
5.900,2.800,LI,11.066306,12.647484,0.87498082,6.4939322
5.900,2.900,LI,11.275838,12.587144,0.89582185,5.300391
5.900,3.000,LI,11.462297,12.510991,0.91617819,4.3076983
5.900,3.100,LI,11.620485,12.413464,0.93611945,3.4831005
5.900,3.200,LI,11.743329,12.286899,0.95576027,2.7989686
5.900,3.300,LI,11.820968,12.120691,0.97527178,2.2320452
5.900,3.400,LI,11.839463,11.900205,0.99489577,1.762818
5.900,3.500,LI,11.778752,11.605037,1.0149689,1.3749547
5.900,3.600,LI,11.609259,11.206291,1.0359591,1.0548049
5.900,3.700,LI,11.286208,10.6623,1.0585153,0.79098246
5.900,3.800,LI,10.739554,9.9115897,1.0835349,0.57400817
5.900,3.900,LI,9.855457,8.8608375,1.1122489,0.39600214
5.900,4.000,LI,8.4410247,7.3637155,1.1462997,0.25042525
6.000,1.000,LI,5.6091985,12.445963,0.45068416,172.7311
6.000,1.100,LI,5.8871288,12.516262,0.47035839,150.97925
6.000,1.200,LI,6.180584,12.574746,0.49150766,130.94425
6.000,1.300,LI,6.4909189,12.6315,0.51386762,112.92074
6.000,1.400,LI,6.8096654,12.675776,0.53721881,96.807346
6.000,1.500,LI,7.131586,12.709155,0.56113769,82.561122
6.000,1.600,LI,7.4555225,12.736187,0.58538105,70.117437
6.000,1.700,LI,7.7772133,12.75364,0.6098034,59.312327
6.000,1.800,LI,8.093933,12.762322,0.63420536,49.99142
6.000,1.900,LI,8.4053675,12.764839,0.65847816,42.006111
6.000,2.000,LI,8.7102558,12.760695,0.68258473,35.19515
6.000,2.100,LI,9.0076745,12.750393,0.70646252,29.409364
6.000,2.200,LI,9.2976589,12.735396,0.73006436,24.514653
6.000,2.300,LI,9.5797088,12.715849,0.75336763,20.386451
6.000,2.400,LI,9.8530158,12.691797,0.77632943,16.913795
6.000,2.500,LI,10.116908,12.663588,0.79889746,14.000022
6.000,2.600,LI,10.370303,12.630833,0.82103075,11.560293
6.000,2.700,LI,10.611659,12.592592,0.84269061,9.5210623
6.000,2.800,LI,10.839201,12.547626,0.86384476,7.8194178
6.000,2.900,LI,11.050648,12.493897,0.88448364,6.4015571
6.000,3.000,LI,11.242961,12.428334,0.90462334,5.2216583
6.000,3.100,LI,11.412189,12.346756,0.92430662,4.2409714
6.000,3.200,LI,11.553016,12.243398,0.94361186,3.4268007
6.000,3.300,LI,11.658096,12.110276,0.96266141,2.7516082
6.000,3.400,LI,11.717206,11.936476,0.98163028,2.1922839
6.000,3.500,LI,11.715913,11.706975,1.0007635,1.7294771
6.000,3.600,LI,11.63342,11.400814,1.0204026,1.3470052
6.000,3.700,LI,11.439129,10.988371,1.0410214,1.0313615
6.000,3.800,LI,11.08677,10.426998,1.0632753,0.77129374
6.000,3.900,LI,10.503997,9.6537975,1.0880689,0.55743987
6.000,4.000,LI,9.5733316,8.5733739,1.1166353,0.38202204
0.100,1.000,2,18.540492,33.633551,0.55124991,-8.0251827e-05
0.100,1.100,2,18.994333,35.507655,0.53493629,-5.309142e-05
0.100,1.200,2,18.874766,38.152434,0.49471985,-3.2671398e-05
0.100,1.300,2,16.501649,42.466334,0.38858191,-1.7870241e-05
0.100,1.400,2,-1.500434,47.611343,-0.031514214,-7.5538887e-06
0.100,1.500,2,-4.3177859,5.3079727,-0.81345293,-6.8444343e-07
0.100,1.600,2,13.7464,17.872297,0.76914568,3.6261892e-06
0.100,1.700,2,17.518916,24.740306,0.70811235,6.1006914e-06
0.100,1.800,2,18.600183,28.032349,0.66352564,7.3038628e-06
0.100,1.900,2,18.83016,30.050948,0.62660786,7.6620926e-06
0.100,2.000,2,18.674775,31.452698,0.5937416,7.4872583e-06
0.100,2.100,2,18.315065,32.487076,0.56376465,7.0005308e-06
0.100,2.200,2,17.849582,33.266895,0.53655691,6.3537186e-06
0.100,2.300,2,17.345791,33.849846,0.51243338,5.6471836e-06
0.100,2.400,2,16.854869,34.269005,0.49184004,4.9441934e-06
0.100,2.500,2,16.415524,34.546177,0.47517628,4.2820104e-06
0.100,2.600,2,16.054456,34.698396,0.46268583,3.6802076e-06
0.100,2.700,2,15.786358,34.741237,0.45439826,3.1467398e-06
0.100,2.800,2,15.614646,34.690418,0.45011409,2.6822652e-06
0.100,2.900,2,15.533242,34.562351,0.44942665,2.2831444e-06
0.100,3.000,2,15.529166,34.374019,0.45177044,1.9434624e-06
0.100,3.100,2,15.585464,34.142456,0.45648338,1.6563473e-06
0.100,3.200,2,15.683941,33.884033,0.46287113,1.4147942e-06
0.100,3.300,2,15.80734,33.613738,0.47026427,1.2121483e-06
0.100,3.400,2,15.940801,33.34457,0.47806287,1.042361e-06
0.100,3.500,2,16.072623,33.087135,0.48576652,9.000976e-07
0.100,3.600,2,16.194464,32.849461,0.49299026,7.8075418e-07
0.100,3.700,2,16.301143,32.637033,0.49946769,6.8042105e-07
0.100,3.800,2,16.390181,32.452994,0.50504371,5.9581814e-07
0.100,3.900,2,16.461221,32.298471,0.50965947,5.2421869e-07
0.100,4.000,2,16.515418,32.17296,0.51333226,4.6337136e-07
0.200,1.000,2,18.529566,33.600668,0.55146423,-0.00032047962
0.200,1.100,2,18.984195,35.44448,0.53560371,-0.00021355303
0.200,1.200,2,18.889891,38.025895,0.49676387,-0.00013258729
0.200,1.300,2,16.723757,42.19135,0.39637881,-7.3497626e-05
0.200,1.400,2,0.72658673,47.780786,0.015206672,-3.203247e-05
0.200,1.500,2,-6.9678791,8.6096264,-0.80931259,-4.224338e-06
0.200,1.600,2,13.259529,17.062741,0.77710426,1.3371148e-05
0.200,1.700,2,17.415044,24.416491,0.71324925,2.3588971e-05
0.200,1.800,2,18.58523,27.858118,0.66713874,2.8665457e-05
0.200,1.900,2,18.844368,29.942176,0.62935865,3.0302136e-05
0.200,2.000,2,18.699921,31.379519,0.59592759,2.9752027e-05
0.200,2.100,2,18.343702,32.436384,0.56552856,2.7909176e-05
0.200,2.200,2,17.877889,33.232062,0.5379711,2.5390836e-05
0.200,2.300,2,17.371482,33.827124,0.51353707,2.2607553e-05
0.200,2.400,2,16.876506,34.256033,0.49265793,1.9819948e-05
0.200,2.500,2,16.432282,34.541282,0.4757288,1.7182973e-05
0.200,2.600,2,16.066028,34.700234,0.4629948,1.4779329e-05
0.200,2.700,2,15.792888,34.748615,0.45448971,1.2644003e-05
0.200,2.800,2,15.616647,34.702198,0.45001897,1.0781825e-05
0.200,2.900,2,15.53149,34.577423,0.44918009,9.1797045e-06
0.200,3.000,2,15.524579,34.39131,0.45140994,7.8149176e-06
0.200,3.100,2,15.578986,34.160953,0.45604659,6.6605426e-06
0.200,3.200,2,15.676447,33.90282,0.4623936,5.6888732e-06
0.200,3.300,2,15.799567,33.632026,0.46977745,4.8734381e-06
0.200,3.400,2,15.933317,33.361723,0.47759275,4.1900856e-06
0.200,3.500,2,16.065819,33.102677,0.4853329,3.6174585e-06
0.200,3.600,2,16.18857,32.863081,0.49260659,3.1370892e-06
0.200,3.700,2,16.296254,32.648568,0.49914147,2.7332716e-06
0.200,3.800,2,16.38629,32.46241,0.50477738,2.3928143e-06
0.200,3.900,2,16.458255,32.305838,0.50945142,2.1047418e-06
0.200,4.000,2,16.513261,32.178426,0.513178,1.8599864e-06
0.300,1.000,2,18.514128,33.554171,0.5517683,-0.00071777728
0.300,1.100,2,18.96881,35.350154,0.53659767,-0.00048399392
0.300,1.200,2,18.910334,37.833718,0.49982753,-0.00030483691
0.300,1.300,2,17.032877,41.771036,0.40776765,-0.00017257731
0.300,1.400,2,3.8726067,47.699876,0.081186935,-7.871167e-05
0.300,1.500,2,-11.615584,14.678891,-0.79131206,-1.5016688e-05
0.300,1.600,2,12.315499,15.569496,0.79100178,2.5834229e-05
0.300,1.700,2,17.217917,23.840745,0.72220547,4.9993867e-05
0.300,1.800,2,18.554017,27.554049,0.67336807,6.2395122e-05
0.300,1.900,2,18.866126,29.754197,0.63406605,6.684227e-05
0.300,2.000,2,18.741331,31.253661,0.59965232,6.616954e-05
0.300,2.100,2,18.3915,32.349318,0.56852822,6.2420296e-05
0.300,2.200,2,17.925413,33.172116,0.54037593,5.7019195e-05
0.300,2.300,2,17.414799,33.787758,0.5154174,5.0923308e-05
0.300,2.400,2,16.913153,34.233171,0.49405743,4.4747122e-05
0.300,2.500,2,16.460833,34.532067,0.47668254,3.8861465e-05
0.300,2.600,2,16.085928,34.702399,0.46353937,3.3469119e-05
0.300,2.700,2,15.80434,34.760156,0.45466827,2.8660888e-05
0.300,2.800,2,15.620477,34.721219,0.44988275,2.4456069e-05
0.300,2.900,2,15.528971,34.602077,0.44878726,2.0830865e-05
0.300,3.000,2,15.517233,34.419803,0.45082282,1.773779e-05
0.300,3.100,2,15.568387,34.191591,0.45532796,1.5118489e-05
0.300,3.200,2,15.664063,33.934063,0.46160293,1.2911864e-05
0.300,3.300,2,15.786644,33.662543,0.46896765,1.1058958e-05
0.300,3.400,2,15.920819,33.390433,0.47680779,9.5056239e-06
0.300,3.500,2,16.054415,33.128769,0.48460646,8.2037614e-06
0.300,3.600,2,16.178661,32.886012,0.49196177,7.1116367e-06
0.300,3.700,2,16.28801,32.668047,0.49859149,6.1936671e-06
0.300,3.800,2,16.379711,32.478365,0.50432684,5.4199095e-06
0.300,3.900,2,16.453221,32.318372,0.50909809,4.7654149e-06
0.300,4.000,2,16.509585,32.187777,0.51291472,4.209548e-06
0.400,1.000,2,18.498665,33.507038,0.55208297,-0.0012629953
0.400,1.100,2,18.950814,35.240728,0.53775318,-0.00086558214
0.400,1.200,2,18.931343,37.601298,0.50347579,-0.00055579572
0.400,1.300,2,17.366839,41.256236,0.42095064,-0.00032335262
0.400,1.400,2,7.2193003,47.178948,0.15301953,-0.0001557436
0.400,1.500,2,-17.5875,23.933589,-0.73484591,-4.0136864e-05
0.400,1.600,2,10.651282,13.122534,0.81167878,3.5377916e-05
0.400,1.700,2,16.882792,22.949902,0.73563675,8.1116571e-05
0.400,1.800,2,18.495315,27.097221,0.68255394,0.00010555443
0.400,1.900,2,18.892061,29.476121,0.64092766,0.00011536025
0.400,2.000,2,18.79809,31.068929,0.60504467,0.00011558764
0.400,2.100,2,18.458499,32.221841,0.57285674,0.00010993516
0.400,2.200,2,17.992639,33.084135,0.54384493,0.00010101764
0.400,2.300,2,17.476467,33.729463,0.51813654,9.0616278e-05
0.400,2.400,2,16.965669,34.198534,0.49609346,7.9892307e-05
0.400,2.500,2,16.502098,34.516932,0.47808704,6.9560247e-05
0.400,2.600,2,16.115074,34.703525,0.4643642,6.0022725e-05
0.400,2.700,2,15.821572,34.774713,0.45497349,5.1471967e-05
0.400,2.800,2,15.626887,34.746546,0.4497393,4.3963946e-05
0.400,2.900,2,15.526297,34.635586,0.44827586,3.7471039e-05
0.400,3.000,2,15.507585,34.458983,0.45003026,3.1918368e-05
0.400,3.100,2,15.553974,34.234056,0.45434214,2.7208064e-05
0.400,3.200,2,15.646959,33.977633,0.46050763,2.3234874e-05
0.400,3.300,2,15.768628,33.705323,0.4678379,1.9895666e-05
0.400,3.400,2,15.903277,33.430867,0.4757064,1.7094795e-05
0.400,3.500,2,16.038325,33.165676,0.48358202,1.4746713e-05
0.400,3.600,2,16.164613,32.91859,0.49104814,1.277683e-05
0.400,3.700,2,16.276272,32.695847,0.49780853,1.1121314e-05
0.400,3.800,2,16.370301,32.501249,0.50368222,9.726297e-06
0.400,3.900,2,16.445987,32.336456,0.50858965,8.5468019e-06
0.400,4.000,2,16.50427,32.201371,0.51253315,7.5455682e-06
0.500,1.000,2,18.490297,33.479075,0.55229413,-0.0019346994
0.500,1.100,2,18.934605,35.138659,0.53885394,-0.0013533115
0.500,1.200,2,18.949656,37.360403,0.50721231,-0.00088981203
0.500,1.300,2,17.676131,40.706485,0.43423378,-0.00053453039
0.500,1.400,2,10.166749,46.275492,0.21970051,-0.00027299779
0.500,1.500,2,-21.183608,35.195043,-0.60189179,-8.8805711e-05
0.500,1.600,2,7.7320274,9.2085985,0.83965301,3.4279175e-05
0.500,1.700,2,16.324516,21.633502,0.75459423,0.00011097591
0.500,1.800,2,18.389022,26.45002,0.69523659,0.00015381008
0.500,1.900,2,18.916284,29.090803,0.65024963,0.00017291909
0.500,2.000,2,18.868538,30.815857,0.61229964,0.00017616743
0.500,2.100,2,18.544605,32.047938,0.57865206,0.0001694287
0.500,2.200,2,18.080174,32.963848,0.54848492,0.00015693255
0.500,2.300,2,17.557462,33.648941,0.52178347,0.00014161199
0.500,2.400,2,17.035234,34.149427,0.49884392,0.00012541585
0.500,2.500,2,16.557351,34.493603,0.48001222,0.00010957114
0.500,2.600,2,16.154747,34.70167,0.46553227,9.4792761e-05
0.500,2.700,2,15.845791,34.790643,0.45546129,8.1444684e-05
0.500,2.800,2,15.636945,34.77683,0.44963687,6.9659683e-05
0.500,2.900,2,15.52435,34.676898,0.44768568,5.942567e-05
0.500,3.000,2,15.496308,34.508085,0.44906311,5.0646087e-05
0.500,3.100,2,15.536207,34.287863,0.45311098,4.3180811e-05
0.500,3.200,2,15.625403,34.033307,0.45912092,3.6872856e-05
0.500,3.300,2,15.745621,33.760369,0.46639363,3.1564979e-05
0.500,3.400,2,15.88067,33.483219,0.47428742,2.7109324e-05
0.500,3.500,2,16.017436,33.213743,0.48225326,2.3372388e-05
0.500,3.600,2,16.14626,32.961263,0.48985563,2.0236977e-05
0.500,3.700,2,16.260847,32.732478,0.49678021,1.7602293e-05
0.500,3.800,2,16.357864,32.531598,0.50283002,1.5382948e-05
0.500,3.900,2,16.436364,32.360622,0.50791249,1.3507438e-05
0.500,4.000,2,16.497148,32.219713,0.51202031,1.1916398e-05
0.600,1.000,2,18.500085,33.500203,0.552238,-0.0026917024
0.600,1.100,2,18.927114,35.074605,0.53962445,-0.0019296184
0.600,1.200,2,18.96477,37.148505,0.51051235,-0.0013043861
0.600,1.300,2,17.932136,40.182684,0.44626526,-0.00081201044
0.600,1.400,2,12.444881,45.193457,0.27536908,-0.00044007473
0.600,1.500,2,-17.198268,44.342433,-0.38785125,-0.00017134207
0.600,1.600,2,2.5135681,2.8809861,0.87246795,1.3159434e-05
0.600,1.700,2,15.379317,19.7006,0.7806522,0.00013187415
0.600,1.800,2,18.199424,25.552617,0.71223326,0.00020131305
0.600,1.900,2,18.92871,28.572406,0.66248219,0.00023537236
0.600,2.000,2,18.949747,30.480736,0.62169586,0.00024517903
0.600,2.100,2,18.6494,31.819166,0.58610587,0.00023926765
0.600,2.200,2,18.188662,32.805422,0.55444073,0.0002239304
0.600,2.300,2,17.658956,33.541781,0.5264764,0.00020362792
0.600,2.400,2,17.123312,34.08229,0.50241083,0.00018139166
0.600,2.500,2,16.628201,34.459092,0.48254902,0.00015918036
0.600,2.600,2,16.206582,34.694286,0.46712539,0.00013817608
0.600,2.700,2,15.878559,34.805785,0.45620458,0.00011901822
0.600,2.800,2,15.652049,34.810276,0.44963874,0.00010198141
0.600,2.900,2,15.524303,34.724583,0.44706953,8.7106328e-05
0.600,3.000,2,15.484312,34.566049,0.44796302,7.4292711e-05
0.600,3.100,2,15.515727,34.352311,0.45166471,6.33635e-05
0.600,3.200,2,15.599782,34.100716,0.457462,5.4107429e-05
0.600,3.300,2,15.717796,33.827615,0.46464394,4.6306109e-05
0.600,3.400,2,15.852997,33.547677,0.47255127,3.9750243e-05
0.600,3.500,2,15.991627,33.273355,0.48061361,3.4248436e-05
0.600,3.600,2,16.123406,33.014562,0.48837255,2.9631145e-05
0.600,3.700,2,16.241499,32.778565,0.49549148,2.5751576e-05
0.600,3.800,2,16.342151,32.570082,0.50175344,2.2484753e-05
0.600,3.900,2,16.424113,32.391545,0.50704939,1.9725622e-05
0.600,4.000,2,16.487998,32.243452,0.51135958,1.7386712e-05
0.700,1.000,2,18.545633,33.618002,0.55165779,-0.003465409
0.700,1.100,2,18.939032,35.092649,0.53968658,-0.0025569286
0.700,1.200,2,18.979264,37.011566,0.51279278,-0.001783939
0.700,1.300,2,18.123926,39.744928,0.456006,-0.0011542537
0.700,1.400,2,14.056276,44.139627,0.31845028,-0.00066321333
0.700,1.500,2,-7.9135538,48.338461,-0.16371133,-0.00029732438
0.700,1.600,2,-6.6113221,7.3901974,-0.89460696,-3.8082092e-05
0.700,1.700,2,13.720398,16.814947,0.81596436,0.00013474367
0.700,1.800,2,17.86154,24.30956,0.73475376,0.00024070652
0.700,1.900,2,18.911885,27.882345,0.67827453,0.00029720492
0.700,2.000,2,19.036585,30.044048,0.63362251,0.0003187826
0.700,2.100,2,18.771812,31.523961,0.59547757,0.00031699203
0.700,2.200,2,18.318647,32.601113,0.56190249,0.00030060841
0.700,2.300,2,17.782255,33.402274,0.53236661,0.00027602291
0.700,2.400,2,17.23161,33.9926,0.50692239,0.00024769486
0.700,2.500,2,16.716563,34.409641,0.48581044,0.00021858924
0.700,2.600,2,16.272558,34.67818,0.46924487,0.00019056079
0.700,2.700,2,15.921789,34.817417,0.45729382,0.0001646702
0.700,2.800,2,15.673943,34.844605,0.44982411,0.00014143197
0.700,2.900,2,15.527643,34.776798,0.44649434,0.00012100113
0.700,3.000,2,15.472777,34.631468,0.44678373,0.00010330899
0.700,3.100,2,15.493386,34.426421,0.45004346,8.8158631e-05
0.700,3.200,2,15.570638,34.179294,0.45555764,7.5289537e-05
0.700,3.300,2,15.685423,33.906866,0.46260315,6.4419775e-05
0.700,3.400,2,15.820311,33.624368,0.47050136,5.5271955e-05
0.700,3.500,2,15.960789,33.344905,0.47865752,4.7588066e-05
0.700,3.600,2,16.095834,33.079076,0.48658655,4.1136834e-05
0.700,3.700,2,16.217953,32.834826,0.49392536,3.5716278e-05
0.700,3.800,2,16.322865,32.617492,0.50043288,3.1153328e-05
0.700,3.900,2,16.408943,32.430035,0.5059798,2.7301787e-05
0.700,4.000,2,16.476552,32.273376,0.51053078,2.4039477e-05
0.800,1.000,2,18.656201,33.915335,0.55008158,-0.0041536452
0.800,1.100,2,18.986738,35.262944,0.53843315,-0.0031702004
0.800,1.200,2,18.998074,37.013034,0.51328065,-0.0022926408
0.800,1.300,2,18.249261,39.458368,0.46249405,-0.0015463239
0.800,1.400,2,15.115938,43.265493,0.34937631,-0.0009408863
0.800,1.500,2,0.34124367,48.676844,0.0070103903,-0.00047267125
0.800,1.600,2,-19.263225,22.594847,-0.85254947,-0.00012855392
0.800,1.700,2,10.674865,12.373346,0.86273071,0.0001099962
0.800,1.800,2,17.2528,22.565989,0.7645488,0.00026341839
0.800,1.900,2,18.834842,26.962597,0.69855445,0.00035150804
0.800,2.000,2,19.119982,29.477987,0.64861898,0.00039185097
0.800,2.100,2,18.90954,31.146559,0.6071149,0.00039908748
0.800,2.200,2,18.470349,32.340759,0.57111676,0.00038477312
0.800,2.300,2,17.92869,33.223157,0.53964437,0.0003576082
0.800,2.400,2,17.362021,33.874735,0.51253599,0.00032385347
0.800,2.500,2,16.824623,34.340649,0.48993318,0.00028780486
0.800,2.600,2,16.354976,34.64946,0.47201243,0.00025224999
0.800,2.700,2,15.97775,34.822214,0.45883787,0.00021886655
0.800,2.800,2,15.70473,34.877003,0.45028897,0.00018854811
0.800,2.900,2,15.536201,34.831229,0.44604229,0.00016165763
0.800,3.000,2,15.463188,34.702529,0.44559253,0.00013821684
0.800,3.100,2,15.470295,34.50888,0.44829896,0.0001180425
0.800,3.200,2,15.538711,34.268206,0.45344396,0.00010084107
0.800,3.300,2,15.648907,33.997736,0.46029262,8.6271736e-05
0.800,3.400,2,15.782741,33.713302,0.46814582,7.3986613e-05
0.800,3.500,2,15.924845,33.42873,0.47638199,6.365462e-05
0.800,3.600,2,16.063324,33.1554,0.48448591,5.497435e-05
0.800,3.700,2,16.189906,32.902037,0.49206394,4.7679627e-05
0.800,3.800,2,16.299669,32.674713,0.4988466,4.1540491e-05
0.800,3.900,2,16.390512,32.477023,0.50468025,3.6361475e-05
0.800,4.000,2,16.462489,32.310408,0.5095104,3.1978456e-05
0.900,1.000,2,18.882068,34.554993,0.54643532,-0.0046177752
0.900,1.100,2,19.09418,35.712381,0.53466555,-0.0036709861
0.900,1.200,2,19.025037,37.255597,0.51066253,-0.0027672693
0.900,1.300,2,18.301883,39.410263,0.46439382,-0.0019530208
0.900,1.400,2,15.734951,42.682955,0.36864718,-0.0012580956
0.900,1.500,2,5.6033959,47.770686,0.11729779,-0.0006954295
0.900,1.600,2,-25.831873,38.428967,-0.67219795,-0.00026358936
0.900,1.700,2,4.9011723,5.3277895,0.91992606,4.9146418e-05
0.900,1.800,2,16.133702,20.066566,0.80400914,0.00026045372
0.900,1.900,2,18.641038,25.724833,0.72463203,0.00039023918
0.900,2.000,2,19.183692,28.742616,0.66743029,0.00045792792
0.900,2.100,2,19.058013,30.66535,0.62148364,0.00048080121
0.900,2.200,2,18.643287,32.01099,0.58240269,0.00047321205
0.900,2.300,2,18.099456,32.995218,0.54854785,0.00044642855
0.900,2.400,2,17.516539,33.721767,0.5194431,0.00040886327
0.900,2.500,2,16.954788,34.246552,0.49508015,0.00036649588
0.900,2.600,2,16.456428,34.603467,0.47557166,0.00032335646
0.900,2.700,2,16.049046,34.816199,0.46096492,0.00028198883
0.900,2.800,2,15.746871,34.90408,0.45114701,0.00024385336
0.900,2.900,2,15.552169,34.885043,0.44581194,0.00020965454
0.900,3.000,2,15.457372,34.776953,0.44447172,0.00017959413
0.900,3.100,2,15.447862,34.597965,0.44649626,0.00015355885
0.900,3.200,2,15.504983,34.366281,0.45116847,0.00013125404
0.900,3.300,2,15.608836,34.099574,0.45774284,0.00011229525
0.900,3.400,2,15.74054,33.814301,0.4654995,9.6268286e-05
0.900,3.500,2,15.883782,33.525056,0.47378839,8.2766421e-05
0.900,3.600,2,16.025681,33.244083,0.48206115,7.1411718e-05
0.900,3.700,2,16.157046,32.98099,0.48988966,6.1865587e-05
0.900,3.800,2,16.272191,32.742691,0.49697171,5.3832416e-05
0.900,3.900,2,16.368435,32.533537,0.50312499,4.7058954e-05
0.900,4.000,2,16.44544,32.355595,0.50827191,4.1331287e-05
1.000,1.000,2,19.300835,35.909311,0.5374883,-0.004684478
1.000,1.100,2,19.284162,36.706331,0.52536339,-0.0039246834
1.000,1.200,2,19.045466,37.934621,0.50206026,-0.003111528
1.000,1.300,2,18.245336,39.747817,0.45902737,-0.002312021
1.000,1.400,2,15.953761,42.512235,0.37527456,-0.0015797597
1.000,1.500,2,8.44385,46.868348,0.18016103,-0.00095027387
1.000,1.600,2,-19.743431,47.111836,-0.4190758,-0.00044068563
1.000,1.700,2,-5.5573325,5.7240728,-0.97087035,-5.2509304e-05
1.000,1.800,2,14.030112,16.393612,0.85582802,0.00022395144
1.000,1.900,2,18.224594,24.033752,0.7582917,0.00040497495
1.000,2.000,2,19.198113,27.780063,0.69107522,0.00050946743
1.000,2.100,2,19.208458,30.050434,0.63920734,0.00055609192
1.000,2.200,2,18.835591,31.594075,0.59617481,0.00056150852
1.000,2.300,2,18.295343,32.7067,0.559376,0.00053953676
1.000,2.400,2,17.697133,33.525146,0.52787638,0.00050097363
1.000,2.500,2,17.109612,34.120657,0.50144438,0.00045381269
1.000,2.600,2,16.579757,34.534681,0.48009006,0.00040366344
1.000,2.700,2,16.138598,34.794682,0.46382369,0.00035423321
1.000,2.800,2,15.803192,34.921818,0.45253064,0.00030778895
1.000,2.900,2,15.57812,34.934833,0.44591941,0.00026555732
1.000,3.000,2,15.457532,34.851937,0.44352004,0.00022804858
1.000,3.100,2,15.427842,34.691484,0.44471554,0.00019530534
1.000,3.200,2,15.470731,34.471934,0.44879209,0.00016708549
1.000,3.300,2,15.566031,34.211384,0.45499564,0.00014299118
1.000,3.400,2,15.694125,33.926914,0.46258628,0.00012255606
1.000,3.500,2,15.837696,33.633918,0.47088465,0.00010530139
1.000,3.600,2,15.982758,33.345563,0.47930688,9.0769858e-05
1.000,3.700,2,16.11907,33.072433,0.48738688,7.8543996e-05
1.000,3.800,2,16.240043,32.822397,0.4947854,6.8254411e-05
1.000,3.900,2,16.342292,32.600676,0.50128689,5.9581472e-05
1.000,4.000,2,16.424989,32.410087,0.50678632,5.2253166e-05
1.100,1.000,2,19.819907,38.983043,0.50842381,-0.0041525118
1.100,1.100,2,19.445041,38.8923,0.49997148,-0.0037622724
1.100,1.200,2,18.918502,39.481582,0.47917284,-0.0031934266
1.100,1.300,2,17.916058,40.766375,0.43948125,-0.0025284027
1.100,1.400,2,15.64726,42.953303,0.36428537,-0.0018440772
1.100,1.500,2,9.4635739,46.483107,0.20359168,-0.0012020953
1.100,1.600,2,-11.546177,49.461967,-0.23343546,-0.000644166
1.100,1.700,2,-19.82961,20.600368,-0.96258524,-0.00019195265
1.100,1.800,2,10.061642,10.926385,0.9208573,0.00014978016
1.100,1.900,2,17.386111,21.686246,0.8017114,0.0003884153
1.100,2.000,2,19.108632,26.506627,0.72090015,0.00053855671
1.100,2.100,2,19.344282,29.260181,0.66111287,0.00061785465
1.100,2.200,2,19.042754,31.066249,0.61297242,0.00064398716
1.100,2.300,2,18.51626,32.342452,0.57250638,0.00063280976
1.100,2.400,2,17.905544,33.274251,0.53812012,0.00059746618
1.100,2.500,2,17.291696,33.954897,0.50925486,0.00054817837
1.100,2.600,2,16.727991,34.436584,0.48576219,0.00049245
1.100,2.700,2,16.249604,34.752178,0.46758522,0.000435476
1.100,2.800,2,15.876861,34.92551,0.45459211,0.00038061672
1.100,2.900,2,15.617017,34.97657,0.44649938,0.00032985241
1.100,3.000,2,15.466274,34.924097,0.44285394,0.00028417595
1.100,3.100,2,15.412378,34.786701,0.44305374,0.00024390933
1.100,3.200,2,15.437585,34.583086,0.4463912,0.00020894534
1.100,3.300,2,15.521603,34.33174,0.4521065,0.00017892383
1.100,3.400,2,15.644137,34.050336,0.45944149,0.00015335484
1.100,3.500,2,15.786831,33.755075,0.46768763,0.00013170065
1.100,3.600,2,15.9345,33.460087,0.4762241,0.00011342752
1.100,3.700,2,16.075713,33.177007,0.48454381,9.8035946e-05
1.100,3.800,2,16.202832,32.914761,0.49226643,8.5076188e-05
1.100,3.900,2,16.311631,32.679566,0.49913854,7.4154123e-05
1.100,4.000,2,16.400677,32.475112,0.50502295,6.4931154e-05
1.200,1.000,2,13.958838,44.197975,0.31582529,-0.0028033907
1.200,1.100,2,17.238165,43.624379,0.3951498,-0.0029868434
1.200,1.200,2,17.430806,42.871614,0.40658153,-0.0028469703
1.200,1.300,2,16.468355,43.09422,0.38214765,-0.0024721086
1.200,1.400,2,14.139259,44.390583,0.31851933,-0.0019572019
1.200,1.500,2,8.4989584,46.915963,0.18115281,-0.0013895356
1.200,1.600,2,-7.6520017,49.679969,-0.1540259,-0.00083892928
1.200,1.700,2,-29.039521,33.880161,-0.85712467,-0.00035323967
1.200,1.800,2,3.0615307,3.0888882,0.99114325,4.1376818e-05
1.200,1.900,2,15.768579,18.406985,0.8566628,0.00033690871
1.200,2.000,2,18.815078,24.805241,0.7585122,0.00053837551
1.200,2.100,2,19.43437,28.237042,0.68825801,0.00065861847
1.200,2.200,2,19.255269,30.3955,0.63349078,0.00071392694
1.200,2.300,2,18.760356,31.882726,0.58841755,0.00072089096
1.200,2.400,2,18.142933,32.955725,0.55052447,0.00069447276
1.200,2.500,2,17.503528,33.739465,0.51878501,0.00064707173
1.200,2.600,2,16.904256,34.301457,0.49281452,0.00058828713
1.200,2.700,2,16.38549,34.682293,0.47244541,0.00052510397
1.200,2.800,2,15.971362,34.9097,0.45750498,0.00046228912
1.200,2.900,2,15.6722,35.005549,0.44770617,0.00040285379
1.200,3.000,2,15.486622,34.989416,0.44260875,0.00034849705
1.200,3.100,2,15.404041,34.88028,0.44162606,0.00029998825
1.200,3.200,2,15.407576,34.697097,0.44405951,0.00025747378
1.200,3.300,2,15.477017,34.4587,0.44914686,0.00022071004
1.200,3.400,2,15.591502,34.183315,0.45611441,0.00018923203
1.200,3.500,2,15.731645,33.88792,0.46422576,0.00016246983
1.200,3.600,2,15.880988,33.587622,0.47282264,0.00013982522
1.200,3.700,2,16.026786,33.295162,0.4813548,0.00012071895
1.200,3.800,2,16.160194,33.020614,0.48939712,0.00010461738
1.200,3.900,2,16.275994,32.771306,0.4966538,9.1045188e-05
1.200,4.000,2,16.372012,32.551932,0.50295054,7.9589079e-05
1.300,1.000,2,-1.9524851,4.6234643,-0.42229916,-0.00041365655
1.300,1.100,2,-6.4441164,26.296198,-0.24505886,-0.0013838843
1.300,1.200,2,1.4077452,43.111971,0.032653232,-0.0018784651
1.300,1.300,2,7.6792942,46.43925,0.16536215,-0.0019795633
1.300,1.400,2,7.9265478,47.01657,0.16859052,-0.0017907474
1.300,1.500,2,3.3942116,48.179684,0.070449021,-0.0014197728
1.300,1.600,2,-9.5021744,49.363956,-0.19249216,-0.00096412164
1.300,1.700,2,-29.97484,39.93179,-0.75065105,-0.00050138568
1.300,1.800,2,-6.6343716,6.3733354,-1.0409575,-8.5166265e-05
1.300,1.900,2,12.860662,13.954197,0.92163394,0.00025420038
1.300,2.000,2,18.14374,22.531507,0.8052608,0.00050565747
1.300,2.100,2,19.421561,26.904915,0.72185922,0.00067196488
1.300,2.200,2,19.45429,29.539172,0.65859294,0.00076423567
1.300,2.300,2,19.022358,31.301657,0.60771091,0.00079739264
1.300,2.400,2,18.409228,32.552583,0.56552279,0.00078691508
1.300,2.500,2,17.747203,33.462298,0.53036416,0.00074684708
1.300,2.600,2,17.111646,34.120094,0.50151226,0.00068882487
1.300,2.700,2,16.549823,34.577568,0.47862891,0.00062181534
1.300,2.800,2,16.090442,34.868086,0.46146618,0.00055228421
1.300,2.900,2,15.747369,35.016332,0.44971498,0.000484577
1.300,3.000,2,15.522022,35.043197,0.44293967,0.00042136772
1.300,3.100,2,15.405855,34.968233,0.44056717,0.00036408924
1.300,3.200,2,15.383185,34.810696,0.44190972,0.00031330364
1.300,3.300,2,15.434152,34.589734,0.44620616,0.00026899796
1.300,3.400,2,15.537498,34.32406,0.45267076,0.00023080756
1.300,3.500,2,15.672869,34.03138,0.46054169,0.00019817646
1.300,3.600,2,15.8225,33.727759,0.46912396,0.00017046707
1.300,3.700,2,15.972218,33.427067,0.47782288,0.00014703118
1.300,3.800,2,16.11182,33.140599,0.48616564,0.00012725288
1.300,3.900,2,16.234932,32.8769,0.4938097,0.00011057174
1.300,4.000,2,16.338483,32.641797,0.50053871,9.6492917e-05
1.400,1.000,2,7.4894749,13.91982,0.53804394,0.0032341201
1.400,1.100,2,5.0218964,9.0850496,0.55276489,0.0012669006
1.400,1.200,2,-0.54407178,0.98186378,-0.55412145,-7.6451492e-05
1.400,1.300,2,-9.5395877,19.375077,-0.49236385,-0.00085975869
1.400,1.400,2,-12.903762,37.512448,-0.34398613,-0.0011833152
1.400,1.500,2,-12.56255,44.779074,-0.28054511,-0.0011660396
1.400,1.600,2,-18.7613,45.638468,-0.41108524,-0.00092800403
1.400,1.700,2,-28.99995,38.009166,-0.76297255,-0.00057615189
1.400,1.800,2,-14.156793,13.513579,-1.0475976,-0.00019510558
1.400,1.900,2,8.4701134,8.5934038,0.9856529,0.00015641338
1.400,2.000,2,16.84817,19.580449,0.86045881,0.00044435448
1.400,2.100,2,19.207217,25.177135,0.76288334,0.00065492909
1.400,2.200,2,19.604131,28.44331,0.6892352,0.00078882954
1.400,2.300,2,19.290482,30.565805,0.63111315,0.00085554818
1.400,2.400,2,18.701876,32.043113,0.58364731,0.00086869663
1.400,2.500,2,18.023914,33.108381,0.54439128,0.00084267115
1.400,2.600,2,17.352985,33.881382,0.51216874,0.00079061369
1.400,2.700,2,16.746199,34.429236,0.48639473,0.00072341057
1.400,2.800,2,16.238044,34.793391,0.4666991,0.00064941099
1.400,2.900,2,15.846534,35.002677,0.45272349,0.00057457849
1.400,3.000,2,15.576327,35.080016,0.44402281,0.00050285653
1.400,3.100,2,15.421313,35.045876,0.44003219,0.00043660216
1.400,3.200,2,15.367385,34.919936,0.44007482,0.00037700234
1.400,3.300,2,15.395362,34.721653,0.44339368,0.00032443114
1.400,3.400,2,15.483825,34.470163,0.44919499,0.00027873397
1.400,3.500,2,15.611582,34.183825,0.45669499,0.00023944089
1.400,3.600,2,15.759572,33.879609,0.46516392,0.00020591865
1.400,3.700,2,15.912115,33.572508,0.47396266,0.00017747359
1.400,3.800,2,16.057507,33.275078,0.48256858,0.00015341727
1.400,3.900,2,16.18804,32.99717,0.49058872,0.00013310511
1.400,4.000,2,16.299577,32.745868,0.4977598,0.00011595645
1.500,1.000,2,10.273446,18.613957,0.55192167,0.0083440977
1.500,1.100,2,9.9745416,17.366561,0.5743533,0.0051810009
1.500,1.200,2,8.9385404,14.861984,0.60143655,0.0027768802
1.500,1.300,2,6.3426258,9.9678918,0.63630564,0.001096139
1.500,1.400,2,0.58524183,0.86191914,0.67899852,5.3635132e-05
1.500,1.500,2,-9.1204763,12.736869,-0.71606894,-0.00046905246
1.500,1.600,2,-18.212873,24.053668,-0.75717654,-0.00060546883
1.500,1.700,2,-21.899038,24.92984,-0.87842674,-0.00048697826
1.500,1.800,2,-13.460365,13.077082,-1.0293095,-0.00022893378
1.500,1.900,2,4.1534041,4.0518999,1.025051,7.793536e-05
1.500,2.000,2,14.792958,16.127017,0.91727801,0.00037051859
1.500,2.100,2,18.649649,23.002888,0.81075248,0.00061158462
1.500,2.200,2,19.641912,27.050312,0.72612516,0.00078497665
1.500,2.300,2,19.540988,29.63435,0.65940332,0.00088955387
1.500,2.400,2,19.013487,31.399944,0.60552615,0.00093333328
1.500,2.500,2,18.33297,32.658927,0.56134636,0.00092870469
1.500,2.600,2,17.630418,33.571748,0.52515637,0.00088903851
1.500,2.700,2,16.97804,34.226891,0.49604387,0.00082661513
1.500,2.800,2,16.418189,34.677171,0.47345816,0.00075160369
1.500,2.900,2,15.97395,34.957433,0.45695433,0.00067176501
1.500,3.000,2,15.653753,35.093661,0.44605642,0.00059258814
1.500,3.100,2,15.454361,35.107787,0.44019754,0.00051764077
1.500,3.200,2,15.363657,35.020146,0.4387091,0.00044898772
1.500,3.300,2,15.363517,34.850555,0.44083996,0.0003875927
1.500,3.400,2,15.432671,34.618523,0.44579229,0.00033366208
1.500,3.500,2,15.549284,34.342973,0.45276466,0.00028691741
1.500,3.600,2,15.693079,34.041701,0.46099574,0.00024679873
1.500,3.700,2,15.84683,33.730778,0.46980327,0.00021260837
1.500,3.800,2,15.997207,33.424028,0.47861396,0.00018360727
1.500,3.900,2,16.134995,33.132666,0.4869815,0.00015907546
1.500,4.000,2,16.254808,32.865139,0.49459118,0.0001383468
1.600,1.000,2,11.287654,20.374466,0.55400982,0.015105066
1.600,1.100,2,11.595198,20.149871,0.57544774,0.010562144
1.600,1.200,2,11.680364,19.480522,0.59959194,0.0068954618
1.600,1.300,2,11.347879,18.041915,0.62897309,0.0041037343
1.600,1.400,2,10.21545,15.282754,0.66842993,0.0021264792
1.600,1.500,2,7.5611356,10.430744,0.7248894,0.00085732383
1.600,1.600,2,2.6250429,3.2710127,0.80251688,0.00016063293
1.600,1.700,2,-3.0736913,3.4329714,-0.89534429,-0.00011048919
1.600,1.800,2,-3.8815464,3.939646,-0.98525257,-9.7367537e-05
1.600,1.900,2,3.4584472,3.3990672,1.0174695,7.7439522e-05
1.600,2.000,2,12.547562,13.094633,0.95822173,0.00031808645
1.600,2.100,2,17.647867,20.511174,0.86040256,0.00055783068
1.600,2.200,2,19.473698,25.332981,0.76870928,0.00075680473
1.600,2.300,2,19.730243,28.465857,0.69311959,0.00089685646
1.600,2.400,2,19.327573,30.590592,0.63181427,0.00097525826
1.600,2.500,2,18.6699,32.090746,0.58178454,0.00099871174
1.600,2.600,2,17.944601,33.174523,0.54091513,0.00097849012
1.600,2.700,2,17.248241,33.95803,0.5079282,0.00092701052
1.600,2.800,2,16.634804,34.50954,0.48203495,0.00085574568
1.600,2.900,2,16.134008,34.872383,0.4626586,0.00077419105
1.600,3.000,2,15.758815,35.077059,0.44926272,0.00068955649
1.600,3.100,2,15.50937,35.147766,0.44126189,0.00060688974
1.600,3.200,2,15.375992,35.105901,0.43798882,0.00052941246
1.600,3.300,2,15.342044,34.971783,0.4386978,0.00045892371
1.600,3.400,2,15.386773,34.765289,0.44259011,0.00039618713
1.600,3.500,2,15.48798,34.505818,0.44885125,0.00034126147
1.600,3.600,2,15.624317,34.21189,0.45669261,0.00029376144
1.600,3.700,2,15.777037,33.900572,0.46539145,0.00025305128
1.600,3.800,2,15.931096,33.586923,0.47432435,0.00021838061
1.600,3.900,2,16.075614,33.283547,0.4829898,0.00018897451
1.600,4.000,2,16.203756,33.000333,0.49101796,0.00016408915
1.700,1.000,2,11.676736,21.112142,0.55308155,0.023693556
1.700,1.100,2,12.218427,21.30158,0.57359254,0.017600326
1.700,1.200,2,12.678688,21.299545,0.59525629,0.012482643
1.700,1.300,2,12.986885,20.976092,0.61912796,0.0083754917
1.700,1.400,2,13.033816,20.12471,0.64765235,0.0052486957
1.700,1.500,2,12.63324,18.433916,0.6853259,0.0030170461
1.700,1.600,2,11.47986,15.543414,0.73856743,0.001554023
1.700,1.700,2,9.3278588,11.491093,0.8117469,0.00070828118
1.700,1.800,2,7.0315178,7.8475798,0.896011,0.00032116265
1.700,1.900,2,7.4376813,7.7542283,0.9591775,0.00024284838
1.700,2.000,2,11.70964,12.192443,0.96040143,0.00034481473
1.700,2.100,2,16.42131,18.274096,0.89861135,0.00052707904
1.700,2.200,2,19.014791,23.390027,0.81294439,0.00071999744
1.700,2.300,2,19.789299,27.044293,0.73173662,0.00088158634
1.700,2.400,2,19.61194,29.583316,0.66293921,0.00099205515
1.700,2.500,2,19.022951,31.376925,0.60627201,0.0010473288
1.700,2.600,2,18.293129,32.6695,0.5599452,0.0010529536
1.700,2.700,2,17.558493,33.607551,0.52245678,0.0010191957
1.700,2.800,2,16.891409,34.278798,0.49276549,0.00095759743
1.700,2.900,2,16.331072,34.738023,0.47012095,0.00087888385
1.700,3.000,2,15.896225,35.022145,0.45389069,0.00079192528
1.700,3.100,2,15.591068,35.158773,0.44344743,0.00070342157
1.700,3.200,2,15.408865,35.170991,0.43811291,0.00061801459
1.700,3.300,2,15.334931,35.079904,0.43714289,0.00053861068
1.700,3.400,2,15.349459,34.905823,0.43973921,0.0004667696
1.700,3.500,2,15.430238,34.668568,0.4450786,0.00040307758
1.700,3.600,2,15.555084,34.387271,0.45235007,0.00034746475
1.700,3.700,2,15.703821,34.079884,0.46079443,0.00029945477
1.700,3.800,2,15.859657,33.762624,0.46974006,0.00025834898
1.700,3.900,2,16.009913,33.449467,0.47862984,0.00022335477
1.700,4.000,2,16.146117,33.151791,0.48703605,0.00019366969
1.800,1.000,2,11.778537,21.381409,0.55087748,0.034281162
1.800,1.100,2,12.430499,21.772149,0.57093579,0.026474887
1.800,1.200,2,13.053605,22.076386,0.59129266,0.019729326
1.800,1.300,2,13.608814,22.229455,0.61219737,0.014114245
1.800,1.400,2,14.048458,22.134538,0.63468493,0.0096312322
1.800,1.500,2,14.309692,21.647988,0.66101718,0.0062214497
1.800,1.600,2,14.301116,20.574359,0.69509412,0.0037762201
1.800,1.700,2,13.898198,18.730192,0.74202116,0.0021506055
1.800,1.800,2,13.062608,16.240235,0.8043361,0.001179387
1.800,1.900,2,12.337453,14.145436,0.87218617,0.00069386241
1.800,2.000,2,13.11273,14.313781,0.91609125,0.00053719979
1.800,2.100,2,15.726163,17.348475,0.90648676,0.00057610833
1.800,2.200,2,18.336227,21.611803,0.84843579,0.00070738741
1.800,2.300,2,19.642779,25.447045,0.77190806,0.00085916554
1.800,2.400,2,19.812406,28.36762,0.69841621,0.00098781865
1.800,2.500,2,19.367338,30.491861,0.6351642,0.0010722445
1.800,2.600,2,18.667547,32.033632,0.58274837,0.0011072424
1.800,2.700,2,17.907931,33.157427,0.54008807,0.001097355
1.800,2.800,2,17.190524,33.971014,0.50603507,0.0010519482
1.800,2.900,2,16.5692,34.543247,0.47966539,0.00098176836
1.800,3.000,2,16.070737,34.919683,0.46022002,0.00089685387
1.800,3.100,2,15.704445,35.132836,0.4470019,0.00080549983
1.800,3.200,2,15.467173,35.208379,0.43930376,0.00071393786
1.800,3.300,2,15.346707,35.168683,0.43637422,0.00062643939
1.800,3.400,2,15.324669,35.034677,0.4374143,0.00054562562
1.800,3.500,2,15.379254,34.826607,0.44159497,0.00047284254
1.800,3.600,2,15.487763,34.564117,0.44808791,0.0004085202
1.800,3.700,2,15.628768,34.265916,0.45610245,0.00035247773
1.800,3.800,2,15.783769,33.949268,0.46492221,0.00030416203
1.800,3.900,2,15.938196,33.629456,0.4739356,0.00026282309
1.800,4.000,2,16.081767,33.319342,0.4826556,0.00022763519
1.900,1.000,2,11.724943,21.399647,0.54790358,0.047044604
1.900,1.100,2,12.434586,21.897884,0.56784418,0.037361716
1.900,1.200,2,13.14052,22.36145,0.58764166,0.028817028
1.900,1.300,2,13.81367,22.75318,0.60710942,0.021511421
1.900,1.400,2,14.422875,23.020148,0.62653266,0.015476194
1.900,1.500,2,14.935409,23.086325,0.64693745,0.010679856
1.900,1.600,2,15.31578,22.84527,0.67041359,0.0070363579
1.900,1.700,2,15.522446,22.164828,0.70031882,0.0044155236
1.900,1.800,2,15.513371,20.946808,0.74060787,0.0026560888
1.900,1.900,2,15.320812,19.337195,0.79229753,0.0015809316
1.900,2.000,2,15.291624,18.085883,0.84550056,0.0010130258
1.900,2.100,2,16.117156,18.413529,0.87528883,0.00078994235
1.900,2.200,2,17.810322,20.714475,0.85980079,0.00077473254
1.900,2.300,2,19.29137,23.95855,0.80519772,0.00086180991
1.900,2.400,2,19.860254,27.005306,0.73542047,0.00097767673
1.900,2.500,2,19.658564,29.427839,0.66802608,0.0010774902
1.900,2.600,2,19.048233,31.245366,0.60963384,0.0011391266
1.900,2.700,2,18.290539,32.58737,0.56127691,0.0011564587
1.900,2.800,2,17.532503,33.569778,0.52227044,0.0011331646
1.900,2.900,2,16.851616,34.275004,0.49165906,0.0010778096
1.900,3.000,2,16.286884,34.759005,0.46856588,0.0010004195
1.900,3.100,2,15.8546,35.060897,0.45220177,0.00091040609
1.900,3.200,2,15.556142,35.210132,0.44180868,0.00081553777
1.900,3.300,2,15.382394,35.231061,0.43661455,0.00072161866
1.900,3.400,2,15.316944,35.145583,0.43581419,0.00063258399
1.900,3.500,2,15.338881,34.974474,0.4385736,0.00055079851
1.900,3.600,2,15.425385,34.737837,0.4440514,0.00047741829
1.900,3.700,2,15.554057,34.455014,0.45143085,0.00041273687
1.900,3.800,2,15.704803,34.144174,0.45995556,0.00035647826
1.900,3.900,2,15.861143,33.821797,0.46896214,0.00030802541
1.900,4.000,2,16.010843,33.502185,0.47790445,0.00026658706
2.000,1.000,2,11.578171,21.2697,0.54435045,0.062177053
2.000,1.100,2,12.318794,21.82727,0.56437631,0.050443122
2.000,1.200,2,13.070466,22.378869,0.58405392,0.039924957
2.000,1.300,2,13.808089,22.900855,0.6029508,0.030750063
2.000,1.400,2,14.505655,23.360958,0.6209358,0.02297513
2.000,1.500,2,15.138143,23.714409,0.63835209,0.01659341
2.000,1.600,2,15.683327,23.899139,0.65622982,0.011542004
2.000,1.700,2,16.122971,23.832498,0.67651203,0.0077098967
2.000,1.800,2,16.443375,23.420096,0.70210539,0.0049477842
2.000,1.900,2,16.641615,22.608907,0.73606455,0.0030803147
2.000,2.000,2,16.768464,21.543709,0.77834622,0.0019204302
2.000,2.100,2,17.041164,20.79581,0.81945177,0.001284418
2.000,2.200,2,17.795412,21.22354,0.83847521,0.001005555
2.000,2.300,2,18.914968,23.098343,0.8188885,0.00094423017
2.000,2.400,2,19.720814,25.713521,0.76694334,0.00099320466
2.000,2.500,2,19.833495,28.234902,0.70244602,0.0010778782
2.000,2.600,2,19.397641,30.298327,0.64022153,0.0011525545
2.000,2.700,2,18.690537,31.878579,0.58630397,0.0011943405
2.000,2.800,2,17.913232,33.056813,0.54189228,0.0011963572
2.000,2.900,2,17.179678,33.918096,0.50650479,0.0011615417
2.000,3.000,2,16.548506,34.527715,0.47928182,0.0010977505
2.000,3.100,2,16.046497,34.932598,0.45935594,0.0010143594
2.000,3.200,2,15.681178,35.1673,0.44590223,0.00092020946
2.000,3.300,2,15.447411,35.259104,0.43811129,0.00082258896
2.000,3.400,2,15.331385,35.23144,0.43516203,0.00072691311
2.000,3.500,2,15.313627,35.105858,0.43621287,0.00063681318
2.000,3.600,2,15.37168,34.902961,0.44041192,0.00055442416
2.000,3.700,2,15.482532,34.642621,0.4469215,0.00048073416
2.000,3.800,2,15.62472,34.343766,0.4549507,0.00041591799
2.000,3.900,2,15.77991,34.023932,0.46378856,0.0003596188
2.000,4.000,2,15.933837,33.698756,0.47283163,0.00031116682
2.100,1.000,2,11.371891,21.046987,0.54030968,0.07989968
2.100,1.100,2,12.127906,21.636356,0.56053365,0.065919002
2.100,1.200,2,12.905074,22.236918,0.58034454,0.053239739
2.100,1.300,2,13.680479,22.832496,0.59916705,0.042011804
2.100,1.400,2,14.430178,23.401758,0.61662794,0.032312013
2.100,1.500,2,15.131127,23.916062,0.63267637,0.024153405
2.100,1.600,2,15.763392,24.336573,0.64772441,0.017493121
2.100,1.700,2,16.312504,24.611088,0.66281116,0.012239414
2.100,1.800,2,16.771621,24.673111,0.67975299,0.0082589942
2.100,1.900,2,17.143189,24.452388,0.70108445,0.0053859656
2.100,2.000,2,17.442854,23.921607,0.7291673,0.0034331223
2.100,2.100,2,17.720436,23.217175,0.76324684,0.0022053415
2.100,2.200,2,18.106011,22.792473,0.79438552,0.0015137288
2.100,2.300,2,18.743434,23.28494,0.80495951,0.0011884327
2.100,2.400,2,19.469953,24.888594,0.78228418,0.0010880527
2.100,2.500,2,19.83953,27.084594,0.73250241,0.0011043304
2.100,2.600,2,19.657718,29.233433,0.67243959,0.0011620102
2.100,2.700,2,19.075749,31.025223,0.61484648,0.0012148527
2.100,2.800,2,18.319954,32.415221,0.56516518,0.0012394106
2.100,2.900,2,17.550833,33.455729,0.52459874,0.0012282037
2.100,3.000,2,16.857829,34.211527,0.49275291,0.0011835373
2.100,3.100,2,16.284533,34.736031,0.4688081,0.001112641
2.100,3.200,2,15.847636,35.069737,0.4518892,0.0010243047
2.100,3.300,2,15.547435,35.243912,0.44113817,0.00092685142
2.100,3.400,2,15.373562,35.284283,0.43570567,0.00082713236
2.100,3.500,2,15.308628,35.213605,0.43473618,0.00073020977
2.100,3.600,2,15.331085,35.053136,0.437367,0.00063944074
2.100,3.700,2,15.417769,34.823259,0.44274344,0.00055675506
2.100,3.800,2,15.546166,34.54353,0.45004568,0.00048299276
2.100,3.900,2,15.696244,34.232373,0.45852047,0.00041822586
2.100,4.000,2,15.851703,33.906623,0.46751053,0.00036202924
2.200,1.000,2,11.126357,20.764393,0.53583831,0.10047282
2.200,1.100,2,11.887604,21.368522,0.55631384,0.084018259
2.200,1.200,2,12.67765,21.994639,0.57639725,0.068966432
2.200,1.300,2,13.475232,22.631091,0.59543008,0.055486443
2.200,1.400,2,14.257697,23.262908,0.612894,0.043670101
2.200,1.500,2,15.002664,23.870536,0.62850135,0.033544212
2.200,1.600,2,15.689995,24.428108,0.6422927,0.02508041
2.200,1.700,2,16.304068,24.901265,0.65474856,0.018202655
2.200,1.800,2,16.83631,25.245076,0.66691462,0.012793418
2.200,1.900,2,17.28765,25.404539,0.68049455,0.0087000066
2.200,2.000,2,17.670088,25.325682,0.69771417,0.0057424648
2.200,2.100,2,18.007628,24.996681,0.72040076,0.003723859
2.200,2.200,2,18.342423,24.543838,0.74733311,0.0024427225
2.200,2.300,2,18.745317,24.338282,0.77019887,0.0017063257
2.200,2.400,2,19.25295,24.873216,0.77404346,0.0013427096
2.200,2.500,2,19.693303,26.290906,0.74905382,0.001209434
2.200,2.600,2,19.767314,28.189739,0.70122374,0.0011977576
2.200,2.700,2,19.392906,30.060968,0.64511916,0.0012321447
2.200,2.800,2,18.724874,31.639265,0.59182391,0.001266073
2.200,2.900,2,17.95481,32.872333,0.54619823,0.0012757213
2.200,3.000,2,17.213627,33.794743,0.50935813,0.0012531368
2.200,3.100,2,16.571702,34.457586,0.48093045,0.0012000873
2.200,3.200,2,16.06042,34.905882,0.46010639,0.0011232484
2.200,3.300,2,15.688174,35.175472,0.44599753,0.0010308825
2.200,3.400,2,15.44938,35.295218,0.43771879,0.00093084205
2.200,3.500,2,15.329561,35.289697,0.43439198,0.00082958105
2.200,3.600,2,15.308726,35.181145,0.43514006,0.0007318418
2.200,3.700,2,15.364099,34.99054,0.43909296,0.00064073451
2.200,3.800,2,15.472537,34.737991,0.44540678,0.00055800599
2.200,3.900,2,15.612574,34.442659,0.45329177,0.00048436606
2.200,4.000,2,15.765969,34.1224,0.46204162,0.00041979812
2.300,1.000,2,10.85482,20.442942,0.53098132,0.12420667
2.300,1.100,2,11.614109,21.05064,0.55172238,0.10500992
2.300,1.200,2,12.408297,21.687311,0.57214547,0.08733983
2.300,1.300,2,13.21765,22.34426,0.59154565,0.071382809
2.300,1.400,2,14.020707,23.010532,0.60931696,0.057241355
2.300,1.500,2,14.795663,23.672104,0.62502526,0.044950009
2.300,1.600,2,15.521979,24.310819,0.63848033,0.034488174
2.300,1.700,2,16.182287,24.90299,0.649813,0.025789438
2.300,1.800,2,16.764628,25.41774,0.65956405,0.018748079
2.300,1.900,2,17.265011,25.815675,0.66878012,0.013224052
2.300,2.000,2,17.689806,26.050291,0.67906367,0.009048135
2.300,2.100,2,18.056739,26.079095,0.69238365,0.0060287242
2.300,2.200,2,18.393001,25.900002,0.71015443,0.0039611172
2.300,2.300,2,18.73154,25.629425,0.7308607,0.0026390462
2.300,2.400,2,19.102864,25.578604,0.74682983,0.0018671265
2.300,2.500,2,19.483163,26.141267,0.74530292,0.0014721687
2.300,2.600,2,19.708308,27.423354,0.71866877,0.0013113272
2.300,2.700,2,19.577631,29.10079,0.67275257,0.0012758253
2.300,2.800,2,19.079293,30.756725,0.62032916,0.0012901579
2.300,2.900,2,18.367543,32.162003,0.57109448,0.0013077343
2.300,3.000,2,17.607752,33.262727,0.52935384,0.0013045093
2.300,3.100,2,16.907943,34.082379,0.49609046,0.0012721655
2.300,3.200,2,16.323222,34.662629,0.47091703,0.0012120148
2.300,3.300,2,15.874995,35.042463,0.45302167,0.0011302427
2.300,3.400,2,15.564862,35.254298,0.44150254,0.0010346361
2.300,3.500,2,15.382517,35.32521,0.43545437,0.00093262043
2.300,3.600,2,15.310343,35.278903,0.43398014,0.00083028858
2.300,3.700,2,15.326597,35.137179,0.43619317,0.00073209302
2.300,3.800,2,15.408023,34.920726,0.44122861,0.00064092178
2.300,3.900,2,15.5321,34.649326,0.44826557,0.00055835872
2.300,4.000,2,15.678846,34.341684,0.45655436,0.00048499941
2.400,1.000,2,10.566532,20.096872,0.52577995,0.15147162
2.400,1.100,2,11.318478,20.700467,0.54677404,0.12921384
2.400,1.200,2,12.110291,21.337575,0.56755702,0.10863553
2.400,1.300,2,12.923748,22.001573,0.58740109,0.089939961
2.400,1.400,2,13.738668,22.68422,0.6056487,0.073237174
2.400,1.500,2,14.534035,23.375105,0.62177409,0.058564063
2.400,1.600,2,15.289291,24.060955,0.63543991,0.045900919
2.400,1.700,2,15.985844,24.724734,0.6465527,0.035183604
2.400,1.800,2,16.608875,25.34451,0.65532437,0.026311667
2.400,1.900,2,17.149553,25.892175,0.66234502,0.019153427
2.400,2.000,2,17.607536,26.332673,0.66865737,0.013549587
2.400,2.100,2,17.993148,26.62598,0.67577411,0.0093171364
2.400,2.200,2,18.327591,26.737994,0.68545125,0.0062550509
2.400,2.300,2,18.638663,26.672975,0.69878455,0.0041526184
2.400,2.400,2,18.950645,26.538295,0.71408677,0.0028001245
2.400,2.500,2,19.266768,26.600058,0.724313,0.0020005461
2.400,2.600,2,19.529882,27.180308,0.71853059,0.0015802056
2.400,2.700,2,19.59125,28.358439,0.69084375,0.0013963804
2.400,2.800,2,19.318714,29.864152,0.64688639,0.0013406265
2.400,2.900,2,18.744695,31.347652,0.59796169,0.0013377226
2.400,3.000,2,18.0194,32.609244,0.55258565,0.0013411843
2.400,3.100,2,17.286968,33.596418,0.51454797,0.0013268655
2.400,3.200,2,16.637025,34.325688,0.48468146,0.0012861746
2.400,3.300,2,16.112231,34.832139,0.46256795,0.0012200367
2.400,3.400,2,15.7258,35.15036,0.44738661,0.0011342034
2.400,3.500,2,15.473794,35.310217,0.43822425,0.0010360328
2.400,3.600,2,15.34217,35.337431,0.43416201,0.00093256196
2.400,3.700,2,15.311024,35.255015,0.4342935,0.00082955571
2.400,3.800,2,15.357615,35.084389,0.43773358,0.00073120383
2.400,3.900,2,15.45885,34.845927,0.44363436,0.00064019448
2.400,4.000,2,15.593327,34.559037,0.45120838,0.00055796647
2.500,1.000,2,10.268283,19.736269,0.52027475,0.18270879
2.500,1.100,2,11.008713,20.330342,0.54149176,0.15701117
2.500,1.200,2,11.793047,20.96081,0.56262363,0.13318061
2.500,1.300,2,12.604572,21.622578,0.58293567,0.11143818
2.500,1.400,2,13.424487,22.30936,0.60174238,0.091899468
2.500,1.500,2,14.232815,23.01326,0.61846149,0.074599302
2.500,1.600,2,15.009426,23.724293,0.63266063,0.059512477
2.500,1.700,2,15.735205,24.429784,0.64409921,0.046569483
2.500,1.800,2,16.393455,25.113616,0.65277158,0.03566723
2.500,1.900,2,16.971671,25.755291,0.65895863,0.026675483
2.500,2.000,2,17.463734,26.328951,0.66329017,0.019440326
2.500,2.100,2,17.872331,26.803013,0.66680304,0.01378633
2.500,2.200,2,18.210803,27.142529,0.67093244,0.0095192245
2.500,2.300,2,18.502512,27.319718,0.67725852,0.0064305679
2.500,2.400,2,18.774623,27.343092,0.68663129,0.0043051884
2.500,2.500,2,19.044017,27.311984,0.69727696,0.0029310959
2.500,2.600,2,19.29575,27.457497,0.70274978,0.0021104909
2.500,2.700,2,19.455509,28.048143,0.69364694,0.0016698266
2.500,2.800,2,19.392523,29.143271,0.66542026,0.0014669378
2.500,2.900,2,19.023487,30.511367,0.62348851,0.0013940116
2.500,3.000,2,18.408386,31.853124,0.57791463,0.001376314
2.500,3.100,2,17.690886,32.993049,0.53620039,0.001367607
2.500,3.200,2,16.997201,33.881501,0.50166613,0.0013437439
2.500,3.300,2,16.401811,34.530643,0.47499291,0.0012959331
2.500,3.400,2,15.937111,34.970908,0.45572482,0.0012247726
2.500,3.500,2,15.609562,35.233641,0.44303006,0.0011356287
2.500,3.600,2,15.410734,35.346782,0.43598691,0.0010354718
2.500,3.700,2,15.323709,35.334998,0.43366945,0.00093098588
2.500,3.800,2,15.327051,35.220737,0.43517123,0.00082763707
2.500,3.900,2,15.397696,35.025055,0.43961945,0.00072937707
2.500,4.000,2,15.513257,34.767993,0.44619365,0.00063871413
2.600,1.000,2,9.9652282,19.368514,0.5145066,0.21844094
2.600,1.100,2,10.690862,19.949177,0.5359049,0.18885495
2.600,1.200,2,11.463618,20.567932,0.55735393,0.16136421
2.600,1.300,2,12.268273,21.220867,0.5781231,0.13620966
2.600,1.400,2,13.087477,21.903172,0.59751514,0.11351157
2.600,1.500,2,13.902489,22.608805,0.61491478,0.093299277
2.600,1.600,2,14.693985,23.33013,0.62982868,0.075536435
2.600,1.700,2,15.442947,24.057492,0.64191842,0.060140858
2.600,1.800,2,16.131722,24.778706,0.65103165,0.046998504
2.600,1.900,2,16.745393,25.478414,0.65723846,0.035972208
2.600,2.000,2,17.273569,26.137306,0.66087793,0.026906207
2.600,2.100,2,17.712577,26.731385,0.66261351,0.019627901
2.600,2.200,2,18.067749,27.231902,0.66347731,0.013948611
2.600,2.300,2,18.354855,27.60797,0.66483898,0.0096650887
2.600,2.400,2,18.598615,27.836698,0.66813295,0.0065632446
2.600,2.500,2,18.825006,27.929515,0.67401837,0.004424789
2.600,2.600,2,19.044875,27.978679,0.68069243,0.0030364522
2.600,2.700,2,19.231455,28.18751,0.68226867,0.00220038
2.600,2.800,2,19.302999,28.783352,0.67063067,0.0017436665
2.600,2.900,2,19.146758,29.809999,0.64229314,0.0015250549
2.600,3.000,2,18.714715,31.064847,0.60244029,0.0014376019
2.600,3.100,2,18.083435,32.287629,0.56007318,0.0014072219
2.600,3.200,2,17.388487,33.322943,0.52181726,0.0013880346
2.600,3.300,2,16.740607,34.124689,0.4905717,0.0013559723
2.600,3.400,2,16.201589,34.702385,0.46687249,0.0013021056
2.600,3.500,2,15.795275,35.083152,0.45022395,0.0012267552
2.600,3.600,2,15.522544,35.295914,0.43978303,0.0011349445
2.600,3.700,2,15.371366,35.36713,0.43462294,0.0010332928
2.600,3.800,2,15.322716,35.320635,0.43381769,0.00092816248
2.600,3.900,2,15.354317,35.178389,0.43647016,0.00082474738
2.600,4.000,2,15.443364,34.961097,0.44172996,0.00072678321
2.700,1.000,2,9.6613723,18.99913,0.50851658,0.25928461
2.700,1.100,2,10.369629,19.563584,0.53004751,0.22528138
2.700,1.200,2,11.127488,20.166952,0.55176843,0.19364822
2.700,1.300,2,11.921168,20.806262,0.5729606,0.16464905
2.700,1.400,2,12.734792,21.477866,0.59292633,0.1384089
2.700,1.500,2,13.550989,22.177154,0.61103372,0.11494898
2.700,1.600,2,14.351522,22.898257,0.62675171,0.094216951
2.700,1.700,2,15.117951,23.633729,0.63967692,0.076111237
2.700,1.800,2,15.832413,24.374177,0.64955682,0.060498713
2.700,1.900,2,16.478649,25.107818,0.65631546,0.0472264
2.700,2.000,2,17.043413,25.819924,0.66008766,0.03612793
2.700,2.100,2,17.518317,26.492188,0.66126352,0.027026069
2.700,2.200,2,17.902002,27.102164,0.66053772,0.019732824
2.700,2.300,2,18.202211,27.623456,0.65894039,0.014048864
2.700,2.400,2,18.436737,28.028491,0.65778556,0.0097639818
2.700,2.500,2,18.631129,28.298247,0.65838456,0.0066599735
2.700,2.600,2,18.809916,28.446192,0.66124548,0.0045165789
2.700,2.700,2,18.979123,28.558379,0.66457284,0.003120086
2.700,2.800,2,19.104561,28.815635,0.6629929,0.0022731822
2.700,2.900,2,19.102862,29.412862,0.64947308,0.0018040164
2.700,3.000,2,18.878126,30.381518,0.62136876,0.0015725208
2.700,3.100,2,18.407998,31.541154,0.58361841,0.0014728083
2.700,3.200,2,17.778315,32.662383,0.5443055,0.0014315672
2.700,3.300,2,17.115745,33.60666,0.50929621,0.0014033612
2.700,3.400,2,16.51747,34.331665,0.48111475,0.0013642656
2.700,3.500,2,16.034516,34.845391,0.46016176,0.0013052633
2.700,3.600,2,15.683532,35.172591,0.4459021,0.0012264401
2.700,3.700,2,15.460793,35.340365,0.43748253,0.0011325133
2.700,3.800,2,15.351463,35.374019,0.43397565,0.0010297836
2.700,3.900,2,15.335111,35.296704,0.43446299,0.00092431972
2.700,4.000,2,15.389237,35.129948,0.43806603,0.00082106711
2.800,1.000,2,9.3598573,18.632306,0.50234562,0.30596362
2.800,1.100,2,10.048737,19.178562,0.52395676,0.26692209
2.800,1.200,2,10.789026,19.763887,0.54589595,0.23057864
2.800,1.300,2,11.568314,20.386071,0.56746167,0.19722427
2.800,1.400,2,12.372178,21.042406,0.58796403,0.1669895
2.800,1.500,2,13.184681,21.729427,0.60676617,0.13988542
2.800,1.600,2,13.988863,22.442658,0.62331576,0.11583948
2.800,1.700,2,14.767214,23.176348,0.63716741,0.094724532
2.800,1.800,2,15.502226,23.923188,0.64800002,0.07638068
2.800,1.900,2,16.177138,24.67399,0.65563525,0.060630308
2.800,2.000,2,16.77701,25.417301,0.66006262,0.047287081
2.800,2.100,2,17.290226,26.138926,0.66147421,0.036160077
2.800,2.200,2,17.710382,26.821402,0.66030784,0.027054349
2.800,2.300,2,18.038379,27.443597,0.65728917,0.019769477
2.800,2.400,2,18.284204,27.981093,0.65344853,0.014097779
2.800,2.500,2,18.467333,28.409069,0.6500506,0.0098238436
2.800,2.600,2,18.61372,28.711625,0.64829906,0.0067266688
2.800,2.700,2,18.746305,28.903679,0.64857849,0.0045849903
2.800,2.800,2,18.867271,29.065842,0.64912177,0.0031853486
2.800,2.900,2,18.938025,29.360418,0.64501891,0.0023314595
2.800,3.000,2,18.876988,29.956226,0.63015242,0.0018528578
2.800,3.100,2,18.603435,30.874755,0.60254517,0.0016108843
2.800,3.200,2,18.113727,31.95295,0.56688749,0.0015008522
2.800,3.300,2,17.498112,32.986326,0.53046562,0.0014503189
2.800,3.400,2,16.874058,33.850622,0.49848591,0.0014143582
2.800,3.500,2,16.326763,34.5073,0.47313939,0.0013692383
2.800,3.600,2,15.898003,34.963578,0.45470183,0.0013058951
2.800,3.700,2,15.598351,35.24251,0.44260045,0.0012242154
2.800,3.800,2,15.42033,35.369805,0.43597442,0.0011286426
2.800,3.900,2,15.347028,35.369852,0.43390138,0.0010251872
2.800,4.000,2,15.357249,35.265232,0.43547846,0.00091964935
2.900,1.000,2,9.0631538,18.271236,0.49603397,0.35932466
2.900,1.100,2,9.731151,18.797925,0.51767156,0.31451808
2.900,1.200,2,10.451754,19.363318,0.53977079,0.27279818
2.900,1.300,2,11.213833,19.965835,0.56165111,0.23448799
2.900,1.400,2,12.004367,20.603537,0.58263622,0.19972487
2.900,1.500,2,12.808864,21.273901,0.60209286,0.16850821
2.900,1.600,2,13.611743,21.973581,0.61945947,0.1407413
2.900,1.700,2,14.396665,22.698182,0.63426512,0.11626567
2.900,1.800,2,15.146893,23.442026,0.64614265,0.094887363
2.900,1.900,2,15.845795,24.197901,0.65484171,0.076395574
2.900,2.000,2,16.477644,24.95678,0.66024722,0.060574596
2.900,2.100,2,17.028802,25.707477,0.66240659,0.047210075
2.900,2.200,2,17.489314,26.436246,0.66156572,0.03609083
2.900,2.300,2,17.854808,27.126343,0.65820917,0.027007597
2.900,2.400,2,18.128412,27.757763,0.65309342,0.019750152
2.900,2.500,2,18.322168,28.307769,0.64724873,0.014104471
2.900,2.600,2,18.456887,28.753859,0.64189252,0.0098514404
2.900,2.700,2,18.558542,29.082697,0.63813001,0.0067683741
2.900,2.800,2,18.648382,29.310252,0.63624091,0.0046338096
2.900,2.900,2,18.725506,29.512343,0.63449745,0.0032351104
2.900,3.000,2,18.74899,29.835813,0.62840551,0.0023774122
2.900,3.100,2,18.64098,30.428141,0.61262301,0.0018918961
2.900,3.200,2,18.334143,31.302644,0.5857059,0.0016414804
2.900,3.300,2,17.838499,32.310199,0.55210116,0.0015227867
2.900,3.400,2,17.245454,33.266749,0.51839915,0.0014643116
2.900,3.500,2,16.663304,34.060248,0.48923025,0.0014216886
2.900,3.600,2,16.166558,34.655814,0.46648906,0.0013714168
2.900,3.700,2,15.78899,35.060385,0.45033706,0.0013044183
2.900,3.800,2,15.536054,35.295799,0.44016724,0.0012204111
2.900,3.900,2,15.397298,35.38669,0.43511551,0.0011235925
2.900,4.000,2,15.354404,35.35671,0.43427128,0.0010197082
3.000,1.000,2,8.7731905,17.918345,0.4896206,0.42035533
3.000,1.100,2,9.4192246,18.424582,0.5112314,0.36893562
3.000,1.200,2,10.118516,18.968756,0.53343065,0.32106032
3.000,1.300,2,10.861112,19.5498,0.55556127,0.27709031
3.000,1.400,2,11.635311,20.166418,0.57696467,0.23717155
3.000,1.500,2,12.428033,20.816867,0.59701743,0.20129032
3.000,1.600,2,13.225116,21.498742,0.61515768,0.16932197
3.000,1.700,2,14.011538,22.208766,0.63090124,0.14107103
3.000,1.800,2,14.771616,22.942585,0.64385142,0.11630234
3.000,1.900,2,15.489318,23.694557,0.65370787,0.094763623
3.000,2.000,2,16.148818,24.457533,0.66027991,0.076200541
3.000,2.100,2,16.735403,25.222607,0.66350803,0.060365419
3.000,2.200,2,17.236789,25.978814,0.66349407,0.047020811
3.000,2.300,2,17.644778,26.712783,0.66053689,0.035939166
3.000,2.400,2,17.957077,27.408388,0.65516722,0.026899901
3.000,2.500,2,18.178966,28.046595,0.64817016,0.019685283
3.000,2.600,2,18.324291,28.606119,0.64057244,0.014076663
3.000,2.700,2,18.414819,29.066433,0.63354246,0.0098525051
3.000,2.800,2,18.476171,29.416345,0.62809199,0.0067893685
3.000,2.900,2,18.527826,29.672593,0.62440875,0.0046662577
3.000,3.000,2,18.566405,29.906768,0.62080946,0.0032718206
3.000,3.100,2,18.550073,30.252646,0.6131719,0.0024129233
3.000,3.200,2,18.405751,30.839994,0.59681436,0.0019225947
3.000,3.300,2,18.077801,31.675341,0.5707216,0.0016654568
3.000,3.400,2,17.58616,32.620937,0.53910652,0.0015395173
3.000,3.500,2,17.021217,33.509717,0.50794869,0.0014742624
3.000,3.600,2,16.482297,34.240171,0.48137308,0.0014259205
3.000,3.700,2,16.034334,34.78088,0.46101002,0.0013712507
3.000,3.800,2,15.704163,35.138832,0.44691761,0.001301188
3.000,3.900,2,15.492979,35.334994,0.43845995,0.0012153066
3.000,4.000,2,15.388082,35.393163,0.43477554,0.0011175823
3.100,1.000,2,8.4914508,17.575449,0.48314275,0.49020513
3.100,1.100,2,9.1148095,18.060738,0.50467536,0.43118478
3.100,1.200,2,9.7915975,18.582881,0.52691493,0.37624558
3.100,1.300,2,10.512926,19.141231,0.54922934,0.32579302
3.100,1.400,2,11.268314,19.735024,0.57098053,0.27998378
3.100,1.500,2,12.046029,20.363173,0.59155951,0.23878968
3.100,1.600,2,12.833313,21.024064,0.61041068,0.20205414
3.100,1.700,2,13.616528,21.71536,0.62704593,0.16953883
3.100,1.800,2,14.38123,22.433811,0.64105158,0.14096014
3.100,1.900,2,15.112319,23.175071,0.65209376,0.11601602
3.100,2.000,2,15.794382,23.933506,0.65992766,0.094404342
3.100,2.100,2,16.412365,24.702001,0.6644144,0.075834282
3.100,2.200,2,16.952626,25.471737,0.66554652,0.06003186
3.100,2.300,2,17.404348,26.231925,0.66347965,0.046740989
3.100,2.400,2,17.761189,26.969513,0.6585654,0.035721187
3.100,2.500,2,18.022932,27.66891,0.65137847,0.026743172
3.100,2.600,2,18.196851,28.311926,0.64272742,0.019583669
3.100,2.700,2,18.298278,28.878541,0.63362891,0.014020865
3.100,2.800,2,18.349527,29.349935,0.62519823,0.0098318727
3.100,2.900,2,18.375536,29.716731,0.61835658,0.0067932681
3.100,3.000,2,18.39398,29.996235,0.61320963,0.004685064
3.100,3.100,2,18.399495,30.2563,0.60812113,0.0032975619
3.100,3.200,2,18.350342,30.619537,0.59930174,0.0024395999
3.100,3.300,2,18.178716,31.20083,0.58263563,0.001946206
3.100,3.400,2,17.839118,32.001014,0.55745477,0.0016837969
3.100,3.500,2,17.358592,32.891767,0.52774885,0.0015518205
3.100,3.600,2,16.825035,33.720343,0.498958,0.0014807856
3.100,3.700,2,16.32912,34.394382,0.47476125,0.0014275397
3.100,3.800,2,15.927193,34.885706,0.45655355,0.0013691235
3.100,3.900,2,15.640107,35.201566,0.44430146,0.0012965056
3.100,4.000,2,15.465607,35.36231,0.43734719,0.0012091383
3.200,1.000,2,8.2190464,17.243881,0.47663554,0.57020998
3.200,1.100,2,8.8193345,17.708036,0.49804135,0.50244088
3.200,1.200,2,9.4728084,18.207717,0.52026339,0.43938029
3.200,1.300,2,10.171528,18.742618,0.54269518,0.38148602
3.200,1.400,2,10.906128,19.312415,0.56472108,0.32892796
3.200,1.500,2,11.666124,19.91657,0.58574966,0.28166195
3.200,1.600,2,12.440117,20.554138,0.6052366,0.2394951
3.200,1.700,2,13.215858,21.223581,0.62269687,0.20213988
3.200,1.800,2,13.980241,21.922588,0.63770946,0.16925656
3.200,1.900,2,14.719319,22.647903,0.64991975,0.14048467
3.200,2.000,2,15.418468,23.39516,0.65904523,0.11546501
3.200,2.100,2,16.062847,24.15871,0.66488845,0.093853729
3.200,2.200,2,16.638216,24.931447,0.66735862,0.075330012
3.200,2.300,2,17.132118,25.704609,0.66649988,0.059598688
3.200,2.400,2,17.535333,26.467547,0.66252201,0.046388978
3.200,2.500,2,17.843424,27.207482,0.65582785,0.035450464
3.200,2.600,2,18.058172,27.909284,0.647031,0.026547416
3.200,2.700,2,18.18859,28.555511,0.63695548,0.019452689
3.200,2.800,2,18.251121,29.127252,0.62659947,0.013942535
3.200,2.900,2,18.268235,29.607177,0.61702049,0.0097936042
3.200,3.000,2,18.263923,29.987468,0.60905185,0.0067831185
3.200,3.100,2,18.254078,30.285856,0.60272617,0.0046925357
3.200,3.200,2,18.231788,30.56687,0.59645585,0.0033141015
3.200,3.300,2,18.156119,30.943502,0.58675061,0.0024588104
3.200,3.400,2,17.964697,31.517992,0.56998227,0.0019637996
3.200,3.500,2,17.620756,32.286358,0.54576475,0.0016973426
3.200,3.600,2,17.156279,33.128205,0.51787531,0.0015603611
3.200,3.700,2,16.655671,33.902984,0.49127448,0.0014844066
3.200,3.800,2,16.201362,34.526336,0.46924651,0.0014269611
3.200,3.900,2,15.842035,34.973093,0.4529778,0.0013653614
3.200,4.000,2,15.593456,35.250902,0.44235623,0.0012906267
3.300,1.000,2,7.9567783,16.924576,0.47013162,0.66192077
3.300,1.100,2,8.5338708,17.367663,0.49136552,0.58406964
3.300,1.200,2,9.1635533,17.844759,0.5135151,0.51165851
3.300,1.300,2,9.8387225,18.355835,0.53599972,0.44520639
3.300,1.400,2,10.55101,18.900927,0.55822715,0.38489916
3.300,1.500,2,11.291082,19.479953,0.57962572,0.33067491
3.300,1.600,2,12.048808,20.092533,0.59966595,0.2822995
3.300,1.700,2,12.813297,20.737811,0.61787126,0.23942908
3.300,1.800,2,13.572814,21.414279,0.63382074,0.20165933
3.300,1.900,2,14.314692,22.119621,0.64714907,0.16856207
3.300,2.000,2,15.025355,22.850548,0.65754899,0.13971122
3.300,2.100,2,15.690588,23.60265,0.66478077,0.11469979
3.300,2.200,2,16.296145,24.370242,0.66869031,0.093149686
3.300,2.300,2,16.828709,25.146205,0.66923454,0.074715977
3.300,2.400,2,17.277147,25.921808,0.66651012,0.059086834
3.300,2.500,2,17.633926,26.686517,0.66078035,0.045980221
3.300,2.600,2,17.896492,27.427781,0.65249507,0.035138363
3.300,2.700,2,18.068434,28.130881,0.64229892,0.026320995
3.300,2.800,2,18.160187,28.779032,0.63102146,0.019298507
3.300,2.900,2,18.188922,29.354311,0.61963377,0.013846236
3.300,3.000,2,18.176926,29.840702,0.60913197,0.0097410994
3.300,3.100,2,18.147062,30.231736,0.60026529,0.0067614771
3.300,3.200,2,18.113533,30.545468,0.59300231,0.0046906181
3.300,3.300,2,18.06827,30.843462,0.58580552,0.0033229361
3.300,3.400,2,17.97164,31.230353,0.57545427,0.0024717186
3.300,3.500,2,17.766628,31.797543,0.55874217,0.0019762882
3.300,3.600,2,17.42391,32.536943,0.53551158,0.0017068135
3.300,3.700,2,16.978705,33.334907,0.5093371,0.0015657078
3.300,3.800,2,16.511277,34.061379,0.48475068,0.0014855747
3.300,3.900,2,16.096306,34.639036,0.46468689,0.0014245382
3.300,4.000,2,15.775704,35.045488,0.45014936,0.0013602415
3.400,1.000,2,7.7051879,16.618151,0.46366097,0.76713668
3.400,1.100,2,8.2591871,17.040433,0.48468177,0.67765638
3.400,1.200,2,8.8648876,17.495073,0.50670768,0.59446754
3.400,1.300,2,9.5159157,17.982256,0.52918365,0.51816048
3.400,1.400,2,10.204787,18.502309,0.55154127,0.44894023
3.400,1.500,2,10.9232,19.055528,0.57322996,0.38672505
3.400,1.600,2,11.662198,19.642007,0.59373756,0.33123376
3.400,1.700,2,12.412174,20.261469,0.61259991,0.28205809
3.400,1.800,2,13.162746,20.913097,0.62940203,0.2387195
3.400,1.900,2,13.902586,21.595385,0.64377578,0.20071183
3.400,2.000,2,14.619327,22.305978,0.6553995,0.16753146
3.400,2.100,2,15.299677,23.041534,0.6640043,0.13869745
3.400,2.200,2,15.929833,23.797578,0.66938881,0.11376362
3.400,2.300,2,16.496234,24.568372,0.67144188,0.092324414
3.400,2.400,2,16.986627,25.346763,0.67016947,0.074016009
3.400,2.500,2,17.39132,26.124036,0.66572102,0.058513856
3.400,2.600,2,17.704484,26.889743,0.65841031,0.045527617
3.400,2.700,2,17.925326,27.631533,0.64872717,0.03479435
3.400,2.800,2,18.058984,28.33505,0.63733729,0.026070861
3.400,2.900,2,18.116962,28.984099,0.62506555,0.019126245
3.400,3.000,2,18.116809,29.561638,0.61284862,0.013735764
3.400,3.100,2,18.080369,30.05282,0.60161971,0.0096771957
3.400,3.200,2,18.029298,30.452356,0.59204935,0.006730487
3.400,3.300,2,17.976252,30.778552,0.58405125,0.0046809485
3.400,3.400,2,17.912351,31.090317,0.57613921,0.0033253316
3.400,3.500,2,17.799588,31.484971,0.565336,0.0024793131
3.400,3.600,2,17.586066,32.044554,0.54880047,0.0019844494
3.400,3.700,2,17.248714,32.757456,0.5265584,0.0017128238
3.400,3.800,2,16.824639,33.515841,0.50199067,0.0015683462
3.400,3.900,2,16.389591,34.198753,0.47924528,0.0014846729
3.400,4.000,2,16.011077,34.735092,0.46094816,0.001420572
3.500,1.000,2,7.4646005,16.324959,0.45725081,0.88794399
3.500,1.100,2,7.9957966,16.726858,0.47802144,0.78504014
3.500,1.200,2,8.5775685,17.159368,0.49987671,0.68941761
3.500,1.300,2,9.2041713,17.62284,0.5222865,0.60174972
3.500,1.400,2,9.8688934,18.117829,0.54470616,0.52226411
3.500,1.500,2,10.564351,18.644941,0.56660686,0.45085673
3.500,1.600,2,11.28265,19.204661,0.58749542,0.38719264
3.500,1.700,2,12.015376,19.797201,0.60692294,0.33078965
3.500,1.800,2,12.753439,20.422339,0.62448476,0.28108408
3.500,1.900,2,13.486854,21.079266,0.63981612,0.23748002
3.500,2.000,2,14.204549,21.766441,0.6525894,0.19938441
3.500,2.100,2,14.894348,22.481452,0.66251717,0.16623058
3.500,2.200,2,15.543222,23.220881,0.66936399,0.13749269
3.500,2.300,2,16.137849,23.980175,0.67296626,0.1126932
3.500,2.400,2,16.665492,24.753524,0.67325735,0.091405051
3.500,2.500,2,17.115089,25.533729,0.67029335,0.073250073
3.500,2.600,2,17.478444,26.312075,0.66427463,0.057894393
3.500,2.700,2,17.751361,27.078182,0.65555957,0.045041882
3.500,2.800,2,17.934602,27.819872,0.64466874,0.034426269
3.500,2.900,2,18.034547,28.523113,0.63227836,0.025802769
3.500,3.000,2,18.06344,29.172245,0.61919951,0.018940145
3.500,3.100,2,18.038922,29.75102,0.60632952,0.013614269
3.500,3.200,2,17.982228,30.245636,0.59453958,0.0096042549
3.500,3.300,2,17.913808,30.651848,0.58442831,0.0066919398
3.500,3.400,2,17.844946,30.988154,0.57586348,0.0046649033
3.500,3.500,2,17.766242,31.311078,0.56741075,0.0033223574
3.500,3.600,2,17.641497,31.711503,0.55631224,0.0024824327
3.500,3.700,2,17.423565,32.263319,0.54004254,0.0019889456
3.500,3.800,2,17.094534,32.951882,0.5187726,0.001715898
3.500,3.900,2,16.692348,33.674408,0.49569834,0.0015686913
3.500,4.000,2,16.288103,34.317899,0.47462413,0.0014820282
3.600,1.000,2,7.2351629,16.045139,0.45092552,1.0267613
3.600,1.100,2,7.7439988,16.427201,0.47141316,0.90835338
3.600,1.200,2,8.3020985,16.838068,0.49305529,0.79837661
3.600,1.300,2,8.9042545,17.27821,0.51534588,0.69760068
3.600,1.400,2,9.5444232,17.748362,0.5377636,0.60627981
3.600,1.500,2,10.216026,18.249373,0.55980151,0.52428456
3.600,1.600,2,10.912115,18.782053,0.5809863,0.45121835
3.600,1.700,2,11.625361,19.347022,0.60088634,0.38651411
3.600,1.800,2,12.347886,19.94456,0.61911048,0.32951024
3.600,1.900,2,13.071002,20.574462,0.63530224,0.27950762
3.600,2.000,2,13.784955,21.235894,0.64913467,0.23581019
3.600,2.100,2,14.478803,21.927259,0.66031068,0.19775233
3.600,2.200,2,15.140518,22.646066,0.66857167,0.1647158
3.600,2.300,2,15.757381,23.388803,0.6737147,0.13613885
3.600,2.400,2,16.316677,24.150827,0.67561566,0.11151944
3.600,2.500,2,16.806624,24.926243,0.6742542,0.090414301
3.600,2.600,2,17.217434,25.707799,0.66973583,0.072434782
3.600,2.700,2,17.542376,26.486763,0.66230728,0.057240574
3.600,2.800,2,17.778735,27.252811,0.65236335,0.044531864
3.600,2.900,2,17.92857,27.993919,0.64044516,0.034040584
3.600,3.000,2,17.999202,28.696348,0.62722971,0.02552146
3.600,3.100,2,18.00333,29.344923,0.61350748,0.018743705
3.600,3.200,2,17.958486,29.924117,0.6001342,0.013484355
3.600,3.300,2,17.885219,30.421068,0.58792212,0.0095242381
3.600,3.400,2,17.802829,30.832463,0.57740534,0.0066473312
3.600,3.500,2,17.721408,31.176948,0.56841383,0.0046436378
3.600,3.600,2,17.631261,31.508898,0.5595645,0.0033149163
3.600,3.700,2,17.498051,31.913495,0.5482963,0.0024817893
3.600,3.800,2,17.278932,32.457494,0.53235571,0.0019903408
3.600,3.900,2,16.960173,33.123625,0.51202647,0.0017164835
3.600,4.000,2,16.579759,33.813537,0.49032904,0.0015670971
3.700,1.000,2,7.016877,15.778663,0.44470669,1.186392
3.700,1.100,2,7.5039162,16.141526,0.4648827,1.0500682
3.700,1.200,2,8.0387664,16.531358,0.48627381,0.92351042
3.700,1.300,2,8.6166743,16.948711,0.50839702,0.80760012
3.700,1.400,2,9.2321688,17.394453,0.53075361,0.70262257
3.700,1.500,2,9.8793689,17.869624,0.55285825,0.60841932
3.700,1.600,2,10.552158,18.375293,0.57425791,0.52452288
3.700,1.700,2,11.244178,18.912419,0.59453938,0.45026843
3.700,1.800,2,11.948662,19.481705,0.61332733,0.38488168
3.700,1.900,2,12.658147,20.083458,0.63027723,0.32754466
3.700,2.000,2,13.364173,20.717459,0.64506814,0.27744271
3.700,2.100,2,14.057078,21.382823,0.65740048,0.23379616
3.700,2.200,2,14.72598,22.077875,0.66700169,0.19588004
3.700,2.300,2,15.359024,22.800026,0.67364063,0.16303494
3.700,2.400,2,15.943912,23.545662,0.67714859,0.13467114
3.700,2.500,2,16.468668,24.310035,0.67744319,0.11026819
3.700,2.600,2,16.922562,25.087161,0.67455071,0.089371029
3.700,2.700,2,17.297085,25.869721,0.6686228,0.071583872
3.700,2.800,2,17.586866,26.648964,0.65994555,0.056562389
3.700,2.900,2,17.790458,27.414609,0.64894079,0.044004833
3.700,3.000,2,17.910951,28.15477,0.63616044,0.0336426
3.700,3.100,2,17.95634,28.855977,0.62227454,0.025230823
3.700,3.200,2,17.939566,29.503497,0.60804878,0.018539801
3.700,3.300,2,17.877934,30.082462,0.59429758,0.01334817
3.700,3.400,2,17.791292,30.580864,0.58177859,0.0094387702
3.700,3.500,2,17.697872,30.99622,0.57096873,0.0065979074
3.700,3.600,2,17.606737,31.347294,0.56166688,0.0046181208
3.700,3.700,2,17.508049,31.686518,0.55253936,0.0033037702
3.700,3.800,2,17.369293,32.094003,0.54120057,0.0024779866
3.700,3.900,2,17.151425,32.630216,0.52563016,0.0019891154
3.700,4.000,2,16.844042,33.275612,0.50619782,0.0017149621
3.800,1.000,2,6.8096275,15.525361,0.43861315,1.3700854
3.800,1.100,2,7.2755266,15.869733,0.45845299,1.2130501
3.800,1.200,2,7.7876821,16.239231,0.47955978,1.0673299
3.800,1.300,2,8.3417227,16.63446,0.50147241,0.93393578
3.800,1.400,2,8.9326618,17.056379,0.52371385,0.8131892
3.800,1.500,2,9.5552164,17.506173,0.54581982,0.70489833
3.800,1.600,2,10.203991,17.985118,0.56735748,0.60851391
3.800,1.700,2,10.873487,18.494444,0.58793261,0.52325841
3.800,1.800,2,11.557934,19.035205,0.60718725,0.44822756
3.800,1.900,2,12.251001,19.608145,0.62479144,0.3824664
3.800,2.000,2,12.945464,20.213567,0.64043442,0.32502359
3.800,2.100,2,13.632935,20.851207,0.65381994,0.274988
3.800,2.200,2,14.303752,21.520108,0.66466917,0.23151163
3.800,2.300,2,14.9471,22.218499,0.67273224,0.19382217
3.800,2.400,2,15.551389,22.943683,0.677807,0.1612282
3.800,2.500,2,16.104866,23.691931,0.67976162,0.13311901
3.800,2.600,2,16.5964,24.458384,0.67855667,0.10896088
3.800,2.700,2,17.016349,25.236962,0.67426299,0.088290806
3.800,2.800,2,17.357414,26.020276,0.66707265,0.070708632
3.800,2.900,2,17.615416,26.79955,0.65730269,0.055868019
3.800,3.000,2,17.789949,27.564539,0.64539257,0.043466729
3.800,3.100,2,17.884885,28.303484,0.63189695,0.033236645
3.800,3.200,2,17.908686,29.003159,0.61747362,0.024934035
3.800,3.300,2,17.8744,29.649243,0.60286194,0.018330786
3.800,3.400,2,17.799049,30.22747,0.58883689,0.013207479
3.800,3.500,2,17.701796,30.726608,0.5761064,0.009349194
3.800,3.600,2,17.599895,31.144924,0.56509673,0.0065447056
3.800,3.700,2,17.501503,31.501275,0.55558078,0.0045891644
3.800,3.800,2,17.396735,31.846331,0.54627125,0.0032895619
3.800,3.900,2,17.254778,32.255666,0.5349379,0.0024715369
3.800,4.000,2,17.039899,32.784186,0.51975969,0.0019856782
3.900,1.000,2,6.6132072,15.284959,0.4326611,1.5816082
3.900,1.100,2,7.0586909,15.611595,0.45214412,1.4006206
3.900,1.200,2,7.5488096,15.961528,0.47293777,1.2327455
3.900,1.300,2,8.0795094,16.335389,0.49460161,1.0791439
3.900,1.400,2,8.6462114,16.734196,0.51667922,0.94017905
3.900,1.500,2,9.2441393,17.15924,0.53872661,0.81562071
3.900,1.600,2,9.868517,17.611952,0.56033066,0.70482511
3.900,1.700,2,10.514591,18.093781,0.58111631,0.60688451
3.900,1.800,2,11.177477,18.606064,0.60074374,0.52074454
3.900,1.900,2,11.851868,19.149909,0.61889947,0.44529212
3.900,2.000,2,12.531692,19.726064,0.63528599,0.37941822
3.900,2.100,2,13.209791,20.3348,0.64961503,0.32206013
3.900,2.200,2,13.877743,20.975785,0.6616078,0.27222793
3.900,2.300,2,14.525871,21.647972,0.67100379,0.2290191
3.900,2.400,2,15.143497,22.34948,0.67757714,0.19162464
3.900,2.500,2,15.719409,23.077494,0.68115755,0.15932913
3.900,2.600,2,16.242514,23.828163,0.68165196,0.13150685
3.900,2.700,2,16.702581,24.596511,0.67906301,0.10761519
3.900,2.800,2,17.09102,25.37636,0.67350162,0.087186401
3.900,2.900,2,17.401613,26.160251,0.66519289,0.069818281
3.900,3.000,2,17.631179,26.939379,0.65447607,0.055164123
3.900,3.100,2,17.780133,27.703532,0.6418002,0.042922376
3.900,3.200,2,17.852935,28.441065,0.62771681,0.032826235
3.900,3.300,2,17.858372,29.138984,0.61286872,0.024633678
3.900,3.400,2,17.809521,29.783344,0.59796916,0.018118578
3.900,3.500,2,17.723101,30.360434,0.5837565,0.013063728
3.900,3.600,2,17.617622,30.859734,0.57089351,0.009256617
3.900,3.700,2,17.509431,31.280189,0.55976104,0.0064885876
3.900,3.800,2,17.405873,31.640731,0.55010969,0.0045574487
3.900,3.900,2,17.297052,31.990426,0.54069464,0.0032728334
3.900,4.000,2,17.153701,32.400774,0.52942256,0.0024628747
4.000,1.000,2,6.4273374,15.057099,0.42686424,1.8253263
4.000,1.100,2,6.8531782,15.366784,0.4459735,1.6166297
4.000,1.200,2,7.3219944,15.697967,0.46642947,1.4231309
4.000,1.300,2,7.8299945,16.051282,0.48781115,1.2461643
4.000,1.400,2,8.3729391,16.427783,0.50968163,1.0861418
4.000,1.500,2,8.9464776,16.828828,0.53161621,0.94278846
4.000,1.600,2,9.5463586,17.255964,0.55322084,0.81535129
4.000,1.700,2,10.168469,17.710806,0.57413929,0.70277189
4.000,1.800,2,10.808698,18.194921,0.59405028,0.60382235
4.000,1.900,2,11.462653,18.709714,0.61265787,0.51720688
4.000,2.000,2,12.125312,19.256305,0.62968009,0.4416343
4.000,2.100,2,12.790675,19.835419,0.6448402,0.37586692
4.000,2.200,2,13.451534,20.447268,0.65786461,0.31875107
4.000,2.300,2,14.099392,21.091435,0.66848897,0.26923404
4.000,2.400,2,14.72461,21.766768,0.67647205,0.2263711
4.000,2.500,2,15.31675,22.471266,0.68161488,0.18932576
4.000,2.600,2,15.865091,23.201988,0.68378155,0.15736553
4.000,2.700,2,16.359268,23.954956,0.68291787,0.12985473
4.000,2.800,2,16.789942,24.72508,0.67906524,0.10624557
4.000,2.900,2,17.149481,25.506079,0.6723684,0.086068217
4.000,3.000,2,17.43259,26.290426,0.6630775,0.068920296
4.000,3.100,2,17.63689,27.069288,0.65154616,0.054456089
4.000,3.200,2,17.763437,27.832479,0.63822688,0.04237567
4.000,3.300,2,17.817141,28.568465,0.62366461,0.032414206
4.000,3.400,2,17.807028,29.264466,0.60848633,0.024331839
4.000,3.500,2,17.746166,29.906888,0.59338055,0.017904735
4.000,3.600,2,17.650966,30.482533,0.57905181,0.012918098
4.000,3.700,2,17.539313,30.981537,0.56612146,0.0091619504
4.000,3.800,2,17.426692,31.403458,0.55492907,0.0064302684
4.000,3.900,2,17.319695,31.767289,0.54520534,0.0045235427
4.000,4.000,2,17.208427,32.120632,0.53574371,0.003254042
4.100,1.000,2,6.2516858,14.841362,0.42123397,2.1063016
4.100,1.100,2,6.6586862,15.134894,0.43995591,1.8655409
4.100,1.200,2,7.1069884,15.448171,0.46005371,1.6423969
4.100,1.300,2,7.5930163,15.78181,0.48112456,1.4384049
4.100,1.400,2,8.1128112,16.136875,0.50274985,1.2540329
4.100,1.500,2,8.6623762,16.514766,0.52452311,1.0889544
4.100,1.600,2,9.2379002,16.917108,0.54606851,0.94228947
4.100,1.700,2,9.8358141,17.345643,0.56704811,0.81280551
4.100,1.800,2,10.452672,17.802115,0.58715898,0.69907372
4.100,1.900,2,11.084885,18.288166,0.60612337,0.59958693
4.100,2.000,2,11.728372,18.805224,0.62367627,0.51284337
4.100,2.100,2,12.378203,19.354395,0.63955518,0.43740317
4.100,2.200,2,13.028323,19.936354,0.65349579,0.37192357
4.100,2.300,2,13.671411,20.551235,0.66523551,0.31517846
4.100,2.400,2,14.298931,21.198521,0.67452496,0.26606648
4.100,2.500,2,14.90137,21.876941,0.68114503,0.2236114
4.100,2.600,2,15.468637,22.584372,0.68492662,0.18695722
4.100,2.700,2,15.990585,23.317738,0.68576912,0.15536024
4.100,2.800,2,16.457586,24.072938,0.6836551,0.12817907
4.100,2.900,2,16.861133,24.844761,0.67865951,0.10486379
4.100,3.000,2,17.19442,25.626834,0.67095374,0.084944665
4.100,3.100,2,17.452905,26.411558,0.66080559,0.0680207
4.100,3.200,2,17.634851,27.190072,0.64857685,0.05374824
4.100,3.300,2,17.741823,27.952222,0.63471959,0.041829732
4.100,3.400,2,17.779094,28.686572,0.61977061,0.032002833
4.100,3.500,2,17.755883,29.380545,0.60434152,0.024030195
4.100,3.600,2,17.685227,30.020874,0.58909765,0.017690513
4.100,3.700,2,17.583224,30.594841,0.57471205,0.012771549
4.100,3.800,2,17.467137,31.093179,0.56176748,0.0090659417
4.100,3.900,2,17.351625,31.516014,0.55056534,0.0063703404
4.100,4.000,2,17.242569,31.882384,0.54081806,0.0044879225
4.200,1.000,2,6.0858816,14.637282,0.41577949,2.4304032
4.200,1.100,2,6.4748596,14.915467,0.43410372,2.1525288
4.200,1.200,2,6.9034715,15.211693,0.45382665,1.8950771
4.200,1.300,2,7.368317,15.52655,0.47456241,1.6598161
4.200,1.400,2,7.8656675,15.861095,0.49590949,1.4472785
4.200,1.500,2,8.3918178,16.216744,0.51747858,1.2570775
4.200,1.600,2,8.9433218,16.595173,0.53891102,1.0881866
4.200,1.700,2,9.5170662,16.99821,0.55988638,0.9391709
4.200,1.800,2,10.110171,17.427733,0.5801197,0.80836909
4.200,1.900,2,10.719743,17.885571,0.59935145,0.69402924
4.200,2.000,2,11.342533,18.3734,0.61733448,0.59440592
4.200,2.100,2,11.974579,18.892641,0.63382241,0.50782539
4.200,2.200,2,12.610898,19.444359,0.64856332,0.43272634
4.200,2.300,2,13.245302,20.029158,0.661301,0.36768234
4.200,2.400,2,13.870374,20.647077,0.67178391,0.31141121
4.200,2.500,2,14.477613,21.297489,0.67978029,0.26277535
4.200,2.600,2,15.057734,21.978999,0.68509646,0.2207762
4.200,2.700,2,15.60108,22.68935,0.68759484,0.18454507
4.200,2.800,2,16.098105,23.42534,0.68720902,0.1533319
4.200,2.900,2,16.539883,24.182737,0.68395414,0.12649316
4.200,3.000,2,16.918631,24.956219,0.67793246,0.10347932
4.200,3.100,2,17.228228,25.739318,0.66933506,0.083822495
4.200,3.200,2,17.464741,26.52437,0.65844131,0.067124307
4.200,3.300,2,17.626952,27.302489,0.64561703,0.05304402
4.200,3.400,2,17.716849,28.063548,0.63131182,0.041287046
4.200,3.500,2,17.740024,28.796208,0.61605415,0.031593924
4.200,3.600,2,17.705856,29.488083,0.60044105,0.023730086
4.200,3.700,2,17.62733,30.126214,0.58511602,0.017476923
4.200,3.800,2,17.520214,30.698324,0.57072217,0.012624859
4.200,3.900,2,17.401144,31.195705,0.55780577,0.0089692025
4.200,4.000,2,17.283972,31.618999,0.54663248,0.0063092938
4.300,1.000,2,5.929528,14.444366,0.41050801,2.804437
4.300,1.100,2,6.3013048,14.707999,0.42842705,2.4835936
4.300,1.200,2,6.7110694,14.988032,0.44776188,2.186428
4.300,1.300,2,7.1555638,15.285015,0.46814241,1.9149777
4.300,1.400,2,7.6312471,15.599981,0.48918308,1.6698499
4.300,1.500,2,8.134652,15.934346,0.51051056,1.4505879
4.300,1.600,2,8.6626321,16.289808,0.53178232,1.2559949
4.300,1.700,2,9.2124515,16.668253,0.55269447,1.0844016
4.300,1.800,2,9.781706,17.071656,0.57297934,0.93387711
4.300,1.900,2,10.368095,17.501985,0.59239537,0.80238596
4.300,2.000,2,10.969096,17.961113,0.6107136,0.68790057
4.300,2.100,2,11.581606,18.450716,0.62770498,0.58847653
4.300,2.200,2,12.201624,18.972182,0.64313232,0.50229967
4.300,2.300,2,12.824025,19.526513,0.65674936,0.42771198
4.300,2.400,2,13.442486,20.114224,0.66830745,0.36322232
4.300,2.500,2,14.049554,20.73525,0.67756856,0.30750674
4.300,2.600,2,14.636856,21.388844,0.68432199,0.25940206
4.300,2.700,2,15.195423,22.073481,0.68840175,0.21789523
4.300,2.800,2,15.716075,22.786775,0.68970158,0.18211051
4.300,2.900,2,16.189847,23.525391,0.68818613,0.15129561
4.300,3.000,2,16.608438,24.284975,0.6838977,0.12480772
4.300,3.100,2,16.964669,25.060096,0.67695946,0.10209974
4.300,3.200,2,17.252973,25.844194,0.66757635,0.082707075
4.300,3.300,2,17.469914,26.629547,0.65603497,0.066234926
4.300,3.400,2,17.614716,27.407245,0.64270288,0.052346149
4.300,3.500,2,17.689743,28.167188,0.62802657,0.040749567
4.300,3.600,2,17.700873,28.898133,0.61252652,0.031188907
4.300,3.700,2,17.657623,29.58787,0.59678586,0.023432572
4.300,3.800,2,17.572893,30.223732,0.58142698,0.017264769
4.300,3.900,2,17.462087,30.793855,0.56706401,0.012478653
4.300,4.000,2,17.341205,31.290048,0.55420832,0.0088722314
4.400,1.000,2,5.7822118,14.262101,0.40542497,3.2362966
4.400,1.100,2,6.1376025,14.511966,0.42293391,2.8656935
4.400,1.200,2,6.5293691,14.776654,0.44187061,2.5225449
4.400,1.300,2,6.9543683,15.056669,0.4618796,2.2091998
4.400,1.400,2,7.4092109,15.353009,0.48259016,1.9263516
4.400,1.500,2,7.8906224,15.667071,0.50364375,1.6734621
4.400,1.600,2,8.3956993,16.000559,0.52471289,1.4491368
4.400,1.700,2,8.9220148,16.355388,0.54550921,1.2514345
4.400,1.800,2,9.4675587,16.733597,0.56578143,1.0781117
4.400,1.900,2,10.030531,17.13726,0.58530541,0.92680448
4.400,2.000,2,10.609032,17.568394,0.60387032,0.79515814
4.400,2.100,2,11.200714,18.028881,0.62126508,0.68091483
4.400,2.200,2,11.802454,18.52037,0.63726885,0.58196765
4.400,2.300,2,12.410111,19.044192,0.65164808,0.49639062
4.400,2.400,2,13.0184,19.601269,0.66416107,0.42245096
4.400,2.500,2,13.620907,20.192018,0.67456888,0.35860936
4.400,2.600,2,14.210227,20.816257,0.68265043,0.30351248
4.400,2.700,2,14.778205,21.473117,0.68821889,0.25598057
4.400,2.800,2,15.316237,22.160943,0.69113651,0.21499266
4.400,2.900,2,15.81562,22.877218,0.69132618,0.17967069
4.400,3.000,2,16.267912,23.618478,0.68877904,0.14926348
4.400,3.100,2,16.665336,24.380252,0.68355879,0.12313129
4.400,3.200,2,17.001201,25.157004,0.6758039,0.10073107
4.400,3.300,2,17.270397,25.94209,0.66572883,0.081602629
4.400,3.400,2,17.469911,26.727731,0.65362492,0.065355539
4.400,3.500,2,17.599361,27.504998,0.63986049,0.051656744
4.400,3.600,2,17.661467,28.263818,0.62487901,0.040218819
4.400,3.700,2,17.662365,28.99304,0.60919327,0.030788895
4.400,3.800,2,17.611673,29.680625,0.5933727,0.023138483
4.400,3.900,2,17.522161,30.314176,0.57801872,0.017054688
4.400,4.000,2,17.408834,30.882219,0.56371708,0.012333433
4.500,1.000,2,5.6435123,14.089965,0.40053415,3.7351382
4.500,1.100,2,5.9833182,14.326826,0.41763042,3.3068992
4.500,1.200,2,6.3579316,14.577001,0.43616184,2.9104966
4.500,1.300,2,6.7643016,14.840943,0.45578651,2.54864
4.500,1.400,2,7.199161,15.119606,0.47614739,2.2221221
4.500,1.500,2,7.6593896,15.414358,0.49689969,1.93031
4.500,1.600,2,8.1422789,15.726889,0.5177298,1.6715794
4.500,1.700,2,8.6456513,16.059124,0.53836381,1.4436738
4.500,1.800,2,9.1678193,16.41314,0.55856584,1.2439871
4.500,1.900,2,9.707399,16.791079,0.57812837,1.069774
4.500,2.000,2,10.26302,17.195069,0.59685833,0.91830122
4.500,2.100,2,10.832988,17.627145,0.6145628,0.78694737
4.500,2.200,2,11.414956,18.089166,0.63103826,0.67326654
4.500,2.300,2,12.005671,18.582733,0.64606594,0.57502246
4.500,2.400,2,12.600816,19.109103,0.65941428,0.49020271
4.500,2.500,2,13.194977,19.669105,0.67084786,0.41701891
4.500,2.600,2,13.781725,20.263046,0.68014085,0.35389787
4.500,2.700,2,14.35379,20.890628,0.68709231,0.2994673
4.500,2.800,2,14.903287,21.550852,0.69154052,0.25253849
4.500,2.900,2,15.421996,22.241938,0.69337467,0.21208802
4.500,3.000,2,15.901646,22.961238,0.69254304,0.17723936
4.500,3.100,2,16.334238,23.705167,0.68905814,0.14724514
4.500,3.200,2,16.712417,24.46914,0.68299978,0.12147057
4.500,3.300,2,17.029894,25.247521,0.67451746,0.099377983
4.500,3.400,2,17.281943,26.03359,0.66383249,0.08051244
4.500,3.500,2,17.465936,26.819516,0.65123979,0.064488448
4.500,3.600,2,17.581866,27.596352,0.63710832,0.050977433
4.500,3.700,2,17.632782,28.354057,0.62187865,0.039695969
4.500,3.800,2,17.62505,29.081563,0.60605579,0.030394741
4.500,3.900,2,17.568338,29.766997,0.59019517,0.022848462
4.500,4.000,2,17.475237,30.398219,0.574877,0.016847178
4.600,1.000,2,5.5130073,13.927438,0.39583786,4.3115842
4.600,1.100,2,5.8380101,14.152032,0.41252098,3.8165727
4.600,1.200,2,6.1963026,14.388504,0.43064258,3.358482
4.600,1.300,2,6.584908,14.63725,0.44987332,2.9404393
4.600,1.400,2,7.0006567,14.899173,0.46986881,2.563352
4.600,1.500,2,7.4405511,15.175603,0.49029691,2.2264768
4.600,1.600,2,7.9020369,15.468204,0.5108568,1.9279222
4.600,1.700,2,8.3831352,15.778893,0.5312879,1.6650659
4.600,1.800,2,8.8824181,16.109762,0.55136866,1.4348808
4.600,1.900,2,9.3988439,16.462995,0.57090729,1.23418
4.600,2.000,2,9.931485,16.840795,0.58972779,1.0597902
4.600,2.100,2,10.479204,17.245313,0.60765522,0.90866917
4.600,2.200,2,11.040335,17.678567,0.62450393,0.77797789
4.600,2.300,2,11.612412,18.142373,0.64007129,0.66512065
4.600,2.400,2,12.192002,18.638263,0.6541383,0.56776121
4.600,2.500,2,12.77463,19.167408,0.66647665,0.48382291
4.600,2.600,2,13.35482,19.730534,0.67686052,0.41147828
4.600,2.700,2,13.926207,20.327837,0.68508064,0.34913239
4.600,2.800,2,14.481716,20.958895,0.69095801,0.29540277
4.600,2.900,2,15.013762,21.622586,0.69435551,0.24909808
4.600,3.000,2,15.514475,22.317002,0.69518635,0.20919691
4.600,3.100,2,15.975954,23.039372,0.69341968,0.17482739
4.600,3.200,2,16.390558,23.785993,0.68908443,0.14524814
4.600,3.300,2,16.751271,24.552175,0.68227238,0.11983083
4.600,3.400,2,17.052141,25.332188,0.67314129,0.098044116
4.600,3.500,2,17.288794,26.119239,0.661918,0.079439015
4.600,3.600,2,17.458968,26.905451,0.64890077,0.063635398
4.600,3.700,2,17.563015,27.681865,0.63445923,0.050309445
4.600,3.800,2,17.604289,28.438467,0.61903086,0.039181895
4.600,3.900,2,17.589336,29.164277,0.60311236,0.030007091
4.600,4.000,2,17.52782,29.847575,0.58724436,0.022562997
4.700,1.000,2,5.3902788,13.774003,0.39133712,4.9779598
4.700,1.100,2,5.701236,13.987041,0.40760845,4.4055757
4.700,1.200,2,6.0440208,14.210592,0.42531801,3.8760125
4.700,1.300,2,6.4157158,14.444993,0.44414806,3.3928812
4.700,1.400,2,6.8132289,14.691094,0.46376593,2.9572213
4.700,1.500,2,7.233659,14.950176,0.48385108,2.5681608
4.700,1.600,2,7.6745722,15.22387,0.50411441,2.2234981
4.700,1.700,2,8.1341447,15.514071,0.52430757,1.9201859
4.700,1.800,2,8.6111554,15.822866,0.54422222,1.6547087
4.700,1.900,2,9.1048388,16.152459,0.56368126,1.4233668
4.700,2.000,2,9.6146334,16.505102,0.58252494,1.222477
4.700,2.100,2,10.139873,16.883021,0.60059587,1.0485086
4.700,2.200,2,10.679474,17.288358,0.6177263,0.89816699
4.700,2.300,2,11.231667,17.723093,0.63373061,0.76843984
4.700,2.400,2,11.793809,18.188979,0.64840415,0.65661569
4.700,2.500,2,12.362292,18.687466,0.66152853,0.56028401
4.700,2.600,2,12.932539,19.21963,0.67288182,0.47732302
4.700,2.700,2,13.499085,19.786087,0.68225134,0.40588022
4.700,2.800,2,14.055694,20.386919,0.68944671,0.34434909
4.700,2.900,2,14.595519,21.021584,0.69431108,0.29134431
4.700,3.000,2,15.111258,21.688837,0.69672975,0.2456771
4.700,3.100,2,15.595344,22.386647,0.69663601,0.20633167
4.700,3.200,2,16.040172,23.112126,0.69401541,0.1724433
4.700,3.300,2,16.438381,23.861461,0.68890926,0.14327835
4.700,3.400,2,16.78324,24.629857,0.68141846,0.11821606
4.700,3.500,2,17.0691,25.411503,0.67170762,0.09673221
4.700,3.600,2,17.291924,26.199536,0.66000878,0.078384232
4.700,3.700,2,17.449808,26.986039,0.64662352,0.062797681
4.700,3.800,2,17.543445,27.762042,0.63192201,0.049653678
4.700,3.900,2,17.576455,28.517562,0.61633794,0.038677239
4.700,4.000,2,17.555509,29.241701,0.60035868,0.029626416
4.800,1.000,2,5.2749164,13.629155,0.38703181,5.7485678
4.800,1.100,2,5.5725586,13.831316,0.4028943,5.0865113
4.800,1.200,2,5.900625,14.042699,0.42019164,4.4741234
4.800,1.300,2,6.2562459,14.263578,0.43861686,3.9155748
4.800,1.400,2,6.636391,14.494746,0.45784803,3.4120581
4.800,1.500,2,7.038234,14.737434,0.47757526,2.9625509
4.800,1.600,2,7.4594335,14.993228,0.49752016,2.5644914
4.800,1.700,2,7.8982849,15.263993,0.51744552,2.2143386
4.800,1.800,2,8.3537278,15.551798,0.53715512,1.9080102
4.800,1.900,2,8.8252168,15.858846,0.55648542,1.6412113
4.800,2.000,2,9.3124887,16.187412,0.57529199,1.4096671
4.800,2.100,2,9.8152693,16.539776,0.59343425,1.2092803
4.800,2.200,2,10.332972,16.918159,0.61076218,1.0362277
4.800,2.300,2,10.86443,17.324668,0.62710754,0.88701409
4.800,2.400,2,11.407701,17.761225,0.64228122,0.75849297
4.800,2.500,2,11.959959,18.229507,0.6560769,0.64786698
4.800,2.600,2,12.517462,18.730875,0.66827966,0.55267346
4.800,2.700,2,13.075605,19.266299,0.67867755,0.47076177
4.800,2.800,2,13.628994,19.836289,0.6870738,0.40026618
4.800,2.900,2,14.171566,20.440809,0.69329773,0.33957705
4.800,3.000,2,14.696696,21.0792,0.69721316,0.28731219
4.800,3.100,2,15.197326,21.750098,0.69872449,0.24228956
4.800,3.200,2,15.666132,22.451357,0.69778106,0.20350191
4.800,3.300,2,16.095731,23.179975,0.69438087,0.17009367
4.800,3.400,2,16.478997,23.932035,0.68857481,0.14134022
4.800,3.500,2,16.809447,24.70265,0.6804714,0.11662929
4.800,3.600,2,17.081728,25.485925,0.67024164,0.095444287
4.800,3.700,2,17.292137,26.27494,0.6581228,0.077349453
4.800,3.800,2,17.439117,27.061739,0.64441969,0.06197622
4.800,3.900,2,17.523674,27.837345,0.62950234,0.049010769
4.800,4.000,2,17.549639,28.591806,0.6137996,0.03818245
4.900,1.000,2,5.1665211,13.492401,0.38292079,6.6400083
4.900,1.100,2,5.4515494,13.684336,0.39837879,5.8740058
4.900,1.200,2,5.7656591,13.88427,0.41526556,5.1656196
4.900,1.300,2,6.1060192,14.092416,0.43328405,4.5196695
4.900,1.400,2,6.4696481,14.30951,0.45212226,3.937524
4.900,1.500,2,6.8537775,14.536728,0.47148005,3.4179858
4.900,1.600,2,7.2561352,14.775608,0.49108877,2.9580745
4.900,1.700,2,7.6751061,15.027974,0.51072127,2.5536756
4.900,1.800,2,8.109752,15.295867,0.53019238,2.2000487
4.900,1.900,2,8.5596991,15.581475,0.54935101,1.892208
4.900,2.000,2,9.0249237,15.887077,0.56806697,1.6251922
4.900,2.100,2,9.5054743,16.214978,0.58621569,1.3942465
4.900,2.200,2,10.001182,16.567455,0.60366434,1.1949346
4.900,2.300,2,10.511396,16.946701,0.6202621,1.0232009
4.900,2.400,2,11.034788,17.354766,0.63583615,0.87539475
4.900,2.500,2,11.569225,17.793504,0.65019376,0.74827022
4.900,2.600,2,12.11173,18.264502,0.66312948,0.63896967
4.900,2.700,2,12.658496,18.769026,0.67443544,0.54499713
4.900,2.800,2,13.204948,19.307942,0.68391277,0.4641868
4.900,2.900,2,13.745814,19.881649,0.69138195,0.39466949
4.900,3.000,2,14.275202,20.49,0.69669117,0.3348394
4.900,3.100,2,14.786684,21.13222,0.69972223,0.28332235
4.900,3.200,2,15.273396,21.806832,0.70039499,0.23894637
4.900,3.300,2,15.72819,22.51158,0.69867109,0.20071503
4.900,3.400,2,16.143864,23.243357,0.69455822,0.16778346
4.900,3.500,2,16.51349,23.998147,0.68811521,0.13943708
4.900,3.600,2,16.83083,24.770975,0.67945771,0.11507268
4.900,3.700,2,17.090827,25.555875,0.66876315,0.094181789
4.900,3.800,2,17.290109,26.345869,0.65627403,0.076335623
4.900,3.900,2,17.427447,27.132968,0.64229784,0.061171639
4.900,4.000,2,17.504113,27.908191,0.62720342,0.04838114
5.000,1.000,2,5.0647067,13.363269,0.37900207,7.6715502
5.000,1.100,2,5.3377916,13.545593,0.39406113,6.7850352
5.000,1.200,2,5.6386767,13.734763,0.41054053,5.9653623
5.000,1.300,2,5.964562,13.930931,0.42815242,5.2181028
5.000,1.400,2,6.312505,14.134776,0.44659393,4.5448291
5.000,1.500,2,6.6797814,14.347415,0.46557385,3.9441395
5.000,1.600,2,7.06417,14.570336,0.48483233,3.412567
5.000,1.700,2,7.4641203,14.805317,0.50415134,2.9453313
5.000,1.800,2,7.8787843,15.05436,0.52335564,2.5369276
5.000,1.900,2,8.3079192,15.31963,0.54230549,2.181568
5.000,2.000,2,8.7516898,15.60339,0.56088386,1.8734944
5.000,2.100,2,9.2104064,15.907954,0.57898121,1.6071886
5.000,2.200,2,9.6842466,16.235627,0.59648121,1.3775033
5.000,2.300,2,10.172999,16.588659,0.61325022,1.1797327
5.000,2.400,2,10.675863,16.969193,0.62913202,1.009641
5.000,2.500,2,11.191317,17.379211,0.64394853,0.86346238
5.000,2.600,2,11.717067,17.820483,0.65750559,0.73788129
5.000,2.700,2,12.25004,18.294506,0.66960211,0.63000156
5.000,2.800,2,12.786427,18.802446,0.68004063,0.53730979
5.000,2.900,2,13.32173,19.345065,0.68863715,0.45763634
5.000,3.000,2,13.850811,19.922654,0.69522921,0.38911664
5.000,3.100,2,14.367933,20.534956,0.69968173,0.33015434
5.000,3.200,2,14.86682,21.181088,0.70189125,0.27938714
5.000,3.300,2,15.340746,21.859466,0.7017896,0.23565584
5.000,3.400,2,15.782695,22.56773,0.69934794,0.19797659
5.000,3.500,2,16.185617,23.302673,0.69458198,0.16551634
5.000,3.600,2,16.542773,24.060188,0.68755795,0.13757129
5.000,3.700,2,16.848179,24.83522,0.67839863,0.11354779
5.000,3.800,2,17.097076,25.621733,0.66728802,0.092945686
5.000,3.900,2,17.286411,26.412701,0.65447344,0.075343353
5.000,4.000,2,17.41525,27.200104,0.64026411,0.060384325
5.100,1.000,2,4.9691018,13.241302,0.37527289,8.865563
5.100,1.100,2,5.2308829,13.414599,0.38993956,7.8393056
5.100,1.200,2,5.5192437,13.593655,0.40601616,6.8906005
5.100,1.300,2,5.8314103,13.778565,0.42322334,6.0258901
5.100,1.400,2,6.1644714,13.969946,0.44126665,5.2469818
5.100,1.500,2,6.515736,14.168863,0.45986302,4.5522364
5.100,1.600,2,6.883019,14.376746,0.47876057,3.937621
5.100,1.700,2,7.2648145,14.595324,0.49774945,3.3975814
5.100,1.800,2,7.6603383,14.826557,0.51666333,2.9257256
5.100,1.900,2,8.0694444,15.072572,0.53537274,2.5153342
5.100,2.000,2,8.4924426,15.335612,0.55377267,2.1597237
5.100,2.100,2,8.9298526,15.617977,0.57176757,1.8524904
5.100,2.200,2,9.3821366,15.921982,0.58925683,1.5876612
5.100,2.300,2,9.8494507,16.249909,0.60612344,1.3597759
5.100,2.400,2,10.331445,16.603959,0.62222782,1.1639202
5.100,2.500,2,10.827132,16.986211,0.63740715,0.99572496
5.100,2.600,2,11.334817,17.398568,0.65147989,0.85134354
5.100,2.700,2,11.85209,17.842713,0.66425383,0.72741586
5.100,2.800,2,12.375848,18.320048,0.67553576,0.62102569
5.100,2.900,2,12.902324,18.831639,0.68514081,0.52965536
5.100,3.000,2,13.427121,19.378146,0.6929002,0.45114073
5.100,3.100,2,13.945222,19.959755,0.69866696,0.38362838
5.100,3.200,2,14.451009,20.576107,0.7023199,0.32553592
5.100,3.300,2,14.938311,21.226215,0.70376708,0.27551601
5.100,3.400,2,15.400495,21.908393,0.70294954,0.23242422
5.100,3.500,2,15.830651,22.620184,0.69984627,0.19529064
5.100,3.600,2,16.221872,23.358289,0.69448031,0.1632949
5.100,3.700,2,16.56762,24.118516,0.68692534,0.13574448
5.100,3.800,2,16.862168,24.895735,0.67731151,0.1120556
5.100,3.900,2,17.101055,25.683848,0.66582916,0.091736566
5.100,4.000,2,17.281526,26.47578,0.65272963,0.074372984
5.200,1.000,2,4.8793508,13.126066,0.37172987,10.24802
5.200,1.100,2,5.1304361,13.290887,0.38601157,9.0596954
5.200,1.200,2,5.406941,13.460445,0.40169109,7.9613583
5.200,1.300,2,5.7061132,13.634777,0.41849698,6.96046
5.200,1.400,2,6.0250671,13.814445,0.43614253,6.0590801
5.200,1.500,2,6.3611364,14.000455,0.45435211,5.2553021
5.200,1.600,2,6.7121604,14.194184,0.47288105,4.5444354
5.200,1.700,2,7.076662,14.397307,0.49152679,3.9200269
5.200,1.800,2,7.453899,14.611736,0.51013095,3.3746536
5.200,1.900,2,7.8437936,14.839559,0.52857325,2.9005145
5.200,2.000,2,8.2467647,15.082981,0.54675962,2.489852
5.200,2.100,2,8.6634957,15.344282,0.56460742,2.135234
5.200,2.200,2,9.0946795,15.62577,0.58203079,1.8297289
5.200,2.300,2,9.5407769,15.929736,0.59892875,1.567001
5.200,2.400,2,10.00182,16.258415,0.61517808,1.3413483
5.200,2.500,2,10.477278,16.613947,0.63063148,1.1477019
5.200,2.600,2,10.965981,16.998334,0.64512094,0.98159908
5.200,2.700,2,11.466107,17.413397,0.65846469,0.8391417
5.200,2.800,2,11.975189,17.860727,0.67047604,0.71694655
5.200,2.900,2,12.490141,18.341631,0.68097219,0.61209258
5.200,3.000,2,13.007268,18.857078,0.68978173,0.52206867
5.200,3.100,2,13.522266,19.407629,0.69675003,0.44472375
5.200,3.200,2,14.030213,19.993372,0.70174318,0.37822077
5.200,3.300,2,14.525567,20.613848,0.70465093,0.32099484
5.200,3.400,2,15.00222,21.267974,0.70539015,0.27171596
5.200,3.500,2,15.453604,21.95397,0.70390933,0.22925602
5.200,3.600,2,15.87291,22.669286,0.70019455,0.19266002
5.200,3.700,2,16.253381,23.410538,0.69427625,0.16112087
5.200,3.800,2,16.588692,24.173456,0.68623584,0.13395767
5.200,3.900,2,16.873378,24.952838,0.67621078,0.11059667
5.200,4.000,2,17.103265,25.742531,0.66439718,0.090554717
5.300,1.000,2,4.7951142,13.017147,0.36836907,11.84908
5.300,1.100,2,5.036081,13.174011,0.38227392,10.472769
5.300,1.200,2,5.3013658,13.334653,0.39756308,9.2008836
5.300,1.300,2,5.5882351,13.499052,0.41397241,8.0420453
5.300,1.400,2,5.8938247,13.667716,0.43122235,6.9986487
5.300,1.500,2,6.2154869,13.841596,0.44904407,6.0684542
5.300,1.600,2,6.551076,14.022013,0.46719938,5.2460063
5.300,1.700,2,6.8991311,14.21059,0.48549224,4.5238074
5.300,1.800,2,7.2589346,14.409187,0.50377127,3.893237
5.300,1.900,2,7.6304534,14.619845,0.52192437,3.345238
5.300,2.000,2,8.0141849,14.84473,0.53986735,2.8708052
5.300,2.100,2,8.4109381,15.086089,0.55752939,2.4613125
5.300,2.200,2,8.8215897,15.346208,0.57483838,2.1087156
5.300,2.300,2,9.2468506,15.627372,0.5917086,1.8056622
5.300,2.400,2,9.6870728,15.931829,0.60803269,1.5455365
5.300,2.500,2,10.142113,16.261753,0.62367892,1.3224572
5.300,2.600,2,10.611256,16.619213,0.63849331,1.1312467
5.300,2.700,2,11.093193,17.006128,0.65230563,0.96738276
5.300,2.800,2,11.586025,17.424233,0.66493747,0.82694061
5.300,2.900,2,12.08728,17.875026,0.67621049,0.70653155
5.300,3.000,2,12.593919,18.359724,0.68595362,0.60324228
5.300,3.100,2,13.102322,18.879201,0.69400829,0.51457698
5.300,3.200,2,13.608257,19.433923,0.70023208,0.43840372
5.300,3.300,2,14.106855,20.023887,0.70450135,0.37290594
5.300,3.400,2,14.592616,20.648539,0.70671424,0.316539
5.300,3.500,2,15.059465,21.306706,0.7067946,0.26799202
5.300,3.600,2,15.500894,21.99652,0.70469759,0.22615436
5.300,3.700,2,15.910199,22.715346,0.70041635,0.19008659
5.300,3.800,2,16.28079,23.45972,0.69398907,0.1589953
5.300,3.900,2,16.606565,24.225299,0.68550504,0.13221139
5.300,4.000,2,16.882319,25.006817,0.67510868,0.10917122
5.400,1.000,2,4.7160693,12.914152,0.36518615,13.70377
5.400,1.100,2,4.9474642,13.063548,0.37872284,12.109375
5.400,1.200,2,5.2021325,13.215821,0.39362917,10.636171
5.400,1.300,2,5.4773573,13.370895,0.40964777,9.2941374
5.400,1.400,2,5.7702928,13.529227,0.42650572,8.0860325
5.400,1.500,2,6.0783049,13.691714,0.4439404,7.0092408
5.400,1.600,2,6.3992565,13.859621,0.46171944,6.057417
5.400,1.700,2,6.7316926,14.034519,0.47965255,5.2218501
5.400,1.800,2,7.0749061,14.218215,0.49759455,4.4925281
5.400,1.900,2,7.4288899,14.412699,0.51544056,3.858935
5.400,2.000,2,7.7941945,14.620095,0.53311519,3.3106166
5.400,2.100,2,8.1717221,14.842608,0.55055838,2.8375601
5.400,2.200,2,8.5624936,15.082493,0.56771075,2.4304293
5.400,2.300,2,8.9674223,15.342015,0.58450093,2.0806919
5.400,2.400,2,9.3871251,15.623417,0.60083689,1.7806707
5.400,2.500,2,9.8217858,15.928886,0.61660217,1.5235417
5.400,2.600,2,10.271078,16.260529,0.63165707,1.3032978
5.400,2.700,2,10.734136,16.620333,0.64584365,1.1146925
5.400,2.800,2,11.20956,17.010134,0.65899306,0.95317266
5.400,2.900,2,11.695427,17.431579,0.67093328,0.81480735
5.400,3.000,2,12.189292,17.88608,0.68149603,0.69621694
5.400,3.100,2,12.688173,18.374761,0.69052182,0.59450606
5.400,3.200,2,13.188506,18.898408,0.69786336,0.50720124
5.400,3.300,2,13.6861,19.457399,0.70338793,0.43219447
5.400,3.400,2,14.176106,20.051643,0.70697975,0.36769283
5.400,3.500,2,14.653034,20.680501,0.70854345,0.31217405
5.400,3.600,2,15.110834,21.342715,0.70800899,0.26434765
5.400,3.700,2,15.543065,22.036333,0.70533811,0.22312124
5.400,3.800,2,15.943145,22.758642,0.70053145,0.18757142
5.400,3.900,2,16.304663,23.506106,0.69363522,0.15691868
5.400,4.000,2,16.621747,24.27431,0.68474642,0.1305058
5.500,1.000,2,4.6419097,12.816711,0.36217637,15.852773
5.500,1.100,2,4.8642501,12.959098,0.37535406,14.00534
5.500,1.200,2,5.1088739,13.103515,0.38988575,12.29857
5.500,1.300,2,5.3730795,13.249837,0.40552041,10.744014
5.500,1.400,2,5.6540372,13.39847,0.42199125,9.3448531
5.500,1.500,2,5.9491239,13.550259,0.43904133,8.0980338
5.500,1.600,2,6.2562053,13.706417,0.45644352,6.9961762
5.500,1.700,2,6.5738248,13.86846,0.47401261,6.0291586
5.500,1.800,2,6.9012752,14.038143,0.49160883,5.1853526
5.500,1.900,2,7.2385595,14.217407,0.50913361,4.4525472
5.500,2.000,2,7.5862607,14.408322,0.52651936,3.8186053
5.500,2.100,2,7.9453474,14.613054,0.54371575,3.2719036
5.500,2.200,2,8.3169507,14.833816,0.56067507,2.8016055
5.500,2.300,2,8.7021459,15.072842,0.57733941,2.3978085
5.500,2.400,2,9.1017668,15.332357,0.59363129,2.0516033
5.500,2.500,2,9.516271,15.614544,0.60944917,1.7550711
5.500,2.600,2,9.9456601,15.921524,0.62466759,1.5012422
5.500,2.700,2,10.38945,16.255324,0.63914134,1.2840296
5.500,2.800,2,10.846671,16.617851,0.65271201,1.098151
5.500,2.900,2,11.315884,17.010857,0.66521535,0.93904621
5.500,3.000,2,11.795176,17.435903,0.67648779,0.802795
5.500,3.100,2,12.282146,17.894315,0.6863714,0.68603868
5.500,3.200,2,12.773855,18.387133,0.69471707,0.58590795
5.500,3.300,2,13.266769,18.91506,0.70138661,0.49995724
5.500,3.400,2,13.756704,19.478391,0.70625462,0.42610614
5.500,3.500,2,14.238802,20.076952,0.70921133,0.36258779
5.500,3.600,2,14.707574,20.710026,0.71016686,0.30790379
5.500,3.700,2,15.157,21.376274,0.70905716,0.26078498
5.500,3.800,2,15.580721,22.07367,0.70585098,0.22015775
5.500,3.900,2,15.972294,22.799427,0.70055685,0.18511496
5.500,4.000,2,16.325501,23.549937,0.69322906,0.15489106
5.600,1.000,2,4.5723457,12.724475,0.35933473,18.343346
5.600,1.100,2,4.7861201,12.860282,0.37216292,16.20228
5.600,1.200,2,5.0212407,12.997327,0.38632872,14.224491
5.600,1.300,2,5.2750194,13.135434,0.40158699,12.423353
5.600,1.400,2,5.5446424,13.274963,0.41767667,10.80254
5.600,1.500,2,5.8274948,13.416711,0.434346,9.3584868
5.600,1.600,2,6.1214415,13.561838,0.45137257,8.0826101
5.600,1.700,2,6.4250187,13.711807,0.46857563,6.9631487
5.600,1.800,2,6.7375101,13.868323,0.4858201,5.986596
5.600,1.900,2,7.0589171,14.033273,0.50301289,5.1387718
5.600,2.000,2,7.389838,14.208678,0.52009328,4.4055839
5.600,2.100,2,7.7312855,14.396654,0.5370196,3.7735385
5.600,2.200,2,8.0844726,14.599371,0.55375484,3.2300563
5.600,2.300,2,8.4506018,14.819025,0.57025355,2.7636435
5.600,2.400,2,8.8306831,15.057809,0.58645205,2.36396
5.600,2.500,2,9.2254004,15.31789,0.60226314,2.0218164
5.600,2.600,2,9.6350307,15.601383,0.61757541,1.7291248
5.600,2.700,2,10.059413,15.910334,0.63225655,1.4788227
5.600,2.800,2,10.497949,16.246691,0.64615921,1.2647817
5.600,2.900,2,10.949615,16.612277,0.6591279,1.0817116
5.600,3.000,2,11.41297,17.008764,0.67100526,0.92506462
5.600,3.100,2,11.886131,17.437629,0.68163689,0.79094496
5.600,3.200,2,12.366733,17.900119,0.69087437,0.67602436
5.600,3.300,2,12.851859,18.397195,0.69857708,0.57746601
5.600,3.400,2,13.337971,18.929481,0.7046137,0.49285651
5.600,3.500,2,13.820866,19.497196,0.70886429,0.42014587
5.600,3.600,2,14.295666,20.10009,0.71122398,0.35759506
5.600,3.700,2,14.756883,20.737371,0.71160821,0.30373056
5.600,3.800,2,15.198545,21.407628,0.7099593,0.25730516
5.600,3.900,2,15.614392,22.108764,0.70625353,0.21726427
5.600,4.000,2,15.998137,22.837922,0.70050754,0.18271714
5.700,1.000,2,4.5071033,12.637116,0.35665601,21.230393
5.700,1.100,2,4.7127731,12.766745,0.36914446,18.748538
5.700,1.200,2,4.9389017,12.896869,0.38295353,16.456228
5.700,1.300,2,5.1828143,13.027265,0.39784362,14.36895
5.700,1.400,2,5.4417122,13.15825,0.41355896,12.490949
5.700,1.500,2,5.7129877,13.290574,0.42985259,10.818067
5.700,1.600,2,5.9945022,13.425347,0.44650633,9.3403191
5.700,1.700,2,6.2847804,13.563981,0.46334334,8.044039
5.700,1.800,2,6.5830907,13.708131,0.48023256,6.9135372
5.700,1.900,2,6.8894227,13.85963,0.49708561,5.9323451
5.700,2.000,2,7.2043769,14.02045,0.51384775,5.0840995
5.700,2.100,2,7.5289915,14.192656,0.53048504,4.3531335
5.700,2.200,2,7.8645379,14.378369,0.5469701,3.7248437
5.700,2.300,2,8.2123165,14.579741,0.56326901,3.185888
5.700,2.400,2,8.5734783,14.798928,0.57933104,2.7242648
5.700,2.500,2,8.9488927,15.038066,0.5950827,2.3293087
5.700,2.600,2,9.3390662,15.299253,0.61042627,1.991634
5.700,2.700,2,9.7441096,15.584534,0.62524229,1.7030455
5.700,2.800,2,10.163739,15.895873,0.63939482,1.4564325
5.700,2.900,2,10.597289,16.235139,0.65273784,1.2456575
5.700,3.000,2,11.043725,16.604076,0.66512133,1.065445
5.700,3.100,2,11.501623,17.004276,0.67639591,0.9112756
5.700,3.200,2,11.969129,17.43714,0.68641585,0.77928895
5.700,3.300,2,12.443896,17.903839,0.69504066,0.66619464
5.700,3.400,2,12.922999,18.405262,0.70213612,0.56919336
5.700,3.500,2,13.402873,18.941958,0.70757588,0.48590714
5.700,3.600,2,13.879278,19.514078,0.71124435,0.41431839
5.700,3.700,2,14.347317,20.121301,0.71304124,0.35271716
5.700,3.800,2,14.801519,20.762766,0.71288765,0.29965551
5.700,3.900,2,15.235977,21.436994,0.71073289,0.25390847
5.700,4.000,2,15.644551,22.141822,0.70656112,0.21444061
5.800,1.000,2,4.4459243,12.554326,0.35413484,24.577707
5.800,1.100,2,4.6439246,12.678153,0.36629347,21.700283
5.800,1.200,2,4.8615437,12.80178,0.3797553,19.042916
5.800,1.300,2,5.0961198,12.924936,0.39428589,16.623544
5.800,1.400,2,5.3448696,13.0479,0.40963448,14.44708
5.800,1.500,2,5.605192,13.171379,0.42555847,12.508673
5.800,1.600,2,5.8749434,13.296435,0.4418435,10.796709
5.800,1.700,2,6.1526336,13.424431,0.45831616,9.2953052
5.800,1.800,2,6.4375112,13.556971,0.47484879,7.9862355
5.800,1.900,2,6.7295465,13.695838,0.49135703,6.8503725
5.800,2.000,2,7.0293312,13.842953,0.50779129,5.8687139
5.800,2.100,2,7.3379141,14.000329,0.52412441,5.0230686
5.800,2.200,2,7.6566054,14.170037,0.54033772,4.2964814
5.800,2.300,2,7.9867787,14.354181,0.55640782,3.6734635
5.800,2.400,2,8.3296966,14.554872,0.57229609,3.1400833
5.800,2.500,2,8.686379,14.77421,0.58794204,2.6839615
5.800,2.600,2,9.0575216,15.014263,0.60326116,2.294205
5.800,2.700,2,9.443462,15.277057,0.61814667,1.9613035
5.800,2.800,2,9.8441806,15.564558,0.63247414,1.6770059
5.800,2.900,2,10.259317,15.878654,0.64610748,1.4341911
5.800,3.000,2,10.688183,16.221134,0.65890476,1.2267387
5.800,3.100,2,11.129752,16.593668,0.67072282,1.0494062
5.800,3.200,2,11.582624,16.997772,0.68142016,0.89771566
5.800,3.300,2,12.044962,17.434777,0.69085842,0.76785068
5.800,3.400,2,12.514406,17.905783,0.69890306,0.65656455
5.800,3.500,2,12.988,18.411611,0.70542444,0.56109919
5.800,3.600,2,13.462135,18.952746,0.71029998,0.4791144
5.800,3.700,2,13.932533,19.529271,0.71341798,0.40862647
5.800,3.800,2,14.394291,20.140803,0.71468307,0.34795528
5.800,3.900,2,14.84197,20.786414,0.71402263,0.29567885
5.800,4.000,2,15.269751,21.464566,0.71139344,0.25059458
5.900,1.000,2,4.3885657,12.475819,0.35176573,28.459415
5.900,1.100,2,4.5793061,12.594193,0.36360458,25.122775
5.900,1.200,2,4.7888711,12.711717,0.37672889,22.041641
5.900,1.300,2,5.0146103,12.828074,0.39090907,19.236791
5.900,1.400,2,5.2537572,12.943507,0.40589904,16.713914
5.900,1.500,2,5.5037175,13.058685,0.4214603,14.467357
5.900,1.600,2,5.7623412,13.174622,0.43738189,12.483608
5.900,1.700,2,6.0281215,13.292635,0.45349336,10.744208
5.900,1.800,2,6.3002836,13.414278,0.46966997,9.2279817
5.900,1.900,2,6.5787729,13.541287,0.48583069,7.9127119
5.900,2.000,2,6.8641635,13.675531,0.50193031,6.7763299
5.900,2.100,2,7.1575029,13.818971,0.5179476,5.7977113
5.900,2.200,2,7.460124,13.973628,0.53387165,4.957169
5.900,2.300,2,7.7734532,14.141556,0.54968868,4.2367203
5.900,2.400,2,8.0988394,14.324816,0.56537126,3.6201915
5.900,2.500,2,8.4374236,14.525464,0.58087118,3.0932126
5.900,2.600,2,8.7900563,14.745532,0.59611658,2.64314
5.900,2.700,2,9.1572628,14.987017,0.61101303,2.2589357
5.900,2.800,2,9.5392438,15.251868,0.62544756,1.9310249
5.900,2.900,2,9.9358941,15.541973,0.63929425,1.6511444
5.900,3.000,2,10.346819,15.859144,0.65241978,1.412193
5.900,3.100,2,10.771334,16.205097,0.66468802,1.2080887
5.900,3.200,2,11.208431,16.581429,0.67596291,1.0336373
5.900,3.300,2,11.656723,16.989589,0.68610979,0.88441206
5.900,3.400,2,12.114362,17.43084,0.69499586,0.75664735
5.900,3.500,2,12.578955,17.90622,0.7024908,0.64714449
5.900,3.600,2,13.047496,18.416488,0.70846821,0.5531894
5.900,3.700,2,13.516327,18.962067,0.71280877,0.47248133
5.900,3.800,2,13.981144,19.54298,0.7154049,0.40307132
5.900,3.900,2,14.437052,20.158785,0.71616677,0.34330952
5.900,4.000,2,14.87867,20.808495,0.71502866,0.29180006
6.000,1.000,2,4.3347989,12.401327,0.34954315,32.961668
6.000,1.100,2,4.5186658,12.514574,0.36107229,29.091862
6.000,1.200,2,4.7206053,12.626364,0.37386893,25.518743
6.000,1.300,2,4.9379784,12.736331,0.38770806,22.266382
6.000,1.400,2,5.1680367,12.844692,0.40234805,19.341384
6.000,1.500,2,5.4081938,12.952077,0.41755417,16.737159
6.000,1.600,2,5.656292,13.059455,0.43311852,14.437986
6.000,1.700,2,5.9108074,13.168099,0.44887326,12.422407
6.000,1.800,2,6.1709389,13.279517,0.46469602,10.665822
6.000,1.900,2,6.436603,13.395397,0.48050856,9.1424201
6.000,2.000,2,6.7083495,13.517558,0.49626934,7.8265698
6.000,2.100,2,6.987215,13.647911,0.51196224,6.6937385
6.000,2.200,2,7.2745417,13.788425,0.52758322,5.7210647
6.000,2.300,2,7.5717919,13.941102,0.54312722,4.887668
6.000,2.400,2,7.8803801,14.107954,0.55857711,4.1747703
6.000,2.500,2,8.201543,14.290987,0.5738962,3.565689
6.000,2.600,2,8.536257,14.492189,0.58902467,3.045747
6.000,2.700,2,8.8852014,14.713521,0.60388003,2.6021325
6.000,2.800,2,9.248759,14.956902,0.61836059,2.2237327
6.000,2.900,2,9.6270366,15.224207,0.63235063,1.9009586
6.000,3.000,2,10.019886,15.517247,0.64572576,1.6255703
6.000,3.100,2,10.426909,15.837762,0.65835746,1.3905115
6.000,3.200,2,10.847435,16.1874,0.67011593,1.1897562
6.000,3.300,2,11.280468,16.567691,0.68087144,1.0181697
6.000,3.400,2,11.724612,16.980021,0.69049456,0.87138451
6.000,3.500,2,12.177987,17.425594,0.69885637,0.74569082
6.000,3.600,2,12.638148,17.905388,0.70582935,0.63794116
6.000,3.700,2,13.102033,18.420106,0.71128976,0.54546736
6.000,3.800,2,13.56594,18.970115,0.71512164,0.46600916
6.000,3.900,2,14.025555,19.555385,0.71722216,0.3976529
6.000,4.000,2,14.476016,20.175416,0.71750771,0.33877914
0.100,1.000,3,17.161556,30.334729,0.56573955,-2.4838791e-05
0.100,1.100,3,17.767124,31.36194,0.56651865,-1.6848988e-05
0.100,1.200,3,18.244969,32.49949,0.56139246,-1.1088531e-05
0.100,1.300,3,18.521615,33.786427,0.5481969,-7.0598489e-06
0.100,1.400,3,18.482957,35.30391,0.52353851,-4.3225204e-06
0.100,1.500,3,17.89499,37.231141,0.48064575,-2.5152615e-06
0.100,1.600,3,16.075868,40.018391,0.401712,-1.3576735e-06
0.100,1.700,3,9.8410635,45.040141,0.2184954,-6.4130322e-07
0.100,1.800,3,-28.614075,52.762885,-0.54231444,-2.1653961e-07
0.100,1.900,3,5.326983,4.962759,1.0733914,2.0811309e-08
0.100,2.000,3,18.492561,22.678739,0.81541397,1.4137731e-07
0.100,2.100,3,19.588374,27.938252,0.70113096,1.918212e-07
0.100,2.200,3,19.287356,30.524073,0.63187359,2.0218504e-07
0.100,2.300,3,18.676854,32.102929,0.58178038,1.9127579e-07
0.100,2.400,3,17.996682,33.165713,0.54262914,1.7048623e-07
0.100,2.500,3,17.33744,33.905251,0.5113497,1.4643228e-07
0.100,2.600,3,16.74779,34.412606,0.48667602,1.2273e-07
0.100,2.700,3,16.256966,34.737841,0.4679901,1.0116636e-07
0.100,2.800,3,15.880301,34.913114,0.45485203,8.2453629e-08
0.100,2.900,3,15.621298,34.962701,0.44679895,6.6704213e-08
0.100,3.000,3,15.473528,34.907615,0.44327084,5.3721635e-08
0.100,3.100,3,15.423029,34.767658,0.44360276,4.3173017e-08
0.100,3.200,3,15.451078,34.562116,0.44705242,3.4686911e-08
0.100,3.300,3,15.536928,34.309697,0.45284363,2.790517e-08
0.100,3.400,3,15.660191,34.028096,0.46021355,2.250739e-08
0.100,3.500,3,15.802625,33.733421,0.46845605,1.8219602e-08
0.100,3.600,3,15.949269,33.439662,0.47695664,1.4814418e-08
0.100,3.700,3,16.088945,33.158299,0.48521624,1.2106973e-08
0.100,3.800,3,16.214251,32.898107,0.49286272,9.949165e-09
0.100,3.900,3,16.321158,32.665169,0.49965021,8.2235892e-09
0.100,4.000,3,16.408379,32.463055,0.50544779,6.8378634e-09
0.200,1.000,3,17.128745,30.267886,0.56590491,-0.00020105046
0.200,1.100,3,17.738057,31.289157,0.56690746,-0.00013695298
0.200,1.200,3,18.2218,32.41751,0.56209746,-9.0512802e-05
0.200,1.300,3,18.508419,33.689411,0.54938387,-5.7885586e-05
0.200,1.400,3,18.488992,35.180471,0.52554704,-3.5621422e-05
0.200,1.500,3,17.946277,37.05628,0.48429786,-2.0860951e-05
0.200,1.600,3,16.26962,39.726931,0.4095363,-1.1366794e-05
0.200,1.700,3,10.759823,44.42499,0.24220204,-5.4645423e-06
0.200,1.800,3,-21.772548,53.105523,-0.40998651,-1.9457425e-06
0.200,1.900,3,1.2731281,1.1391548,1.1176077,3.521036e-08
0.200,2.000,3,18.247992,21.932996,0.8319881,1.0539016e-06
0.200,2.100,3,19.608343,27.654593,0.70904472,1.4920597e-06
0.200,2.200,3,19.338679,30.37971,0.63656562,1.5963433e-06
0.200,2.300,3,18.727468,32.019049,0.5848852,1.5217454e-06
0.200,2.400,3,18.040332,33.114554,0.54478559,1.3625525e-06
0.200,2.500,3,17.372813,33.874649,0.51285588,1.1738071e-06
0.200,2.600,3,16.774818,34.396335,0.487692,9.8582266e-07
0.200,2.700,3,16.276046,34.732263,0.46861463,8.137779e-07
0.200,2.800,3,15.892129,34.915808,0.45515569,6.6391851e-07
0.200,2.900,3,15.626805,34.971844,0.44683961,5.3747235e-07
0.200,3.000,3,15.473822,34.921686,0.44310064,4.3305664e-07
0.200,3.100,3,15.419314,34.785305,0.4432709,3.4811097e-07
0.200,3.200,3,15.444558,34.5821,0.44660556,2.7971421e-07
0.200,3.300,3,15.528725,34.330891,0.45232514,2.2502142e-07
0.200,3.400,3,15.651268,34.049496,0.45966227,1.8147296e-07
0.200,3.500,3,15.793749,33.754173,0.46790509,1.4687222e-07
0.200,3.600,3,15.94099,33.459076,0.47643248,1.1939157e-07
0.200,3.700,3,16.081613,33.175861,0.48473839,9.754259e-08
0.200,3.800,3,16.20804,32.913478,0.49244384,8.013137e-08
0.200,3.900,3,16.316106,32.678172,0.49929676,6.6210604e-08
0.200,4.000,3,16.404427,32.473655,0.50516107,5.5034412e-08
0.300,1.000,3,17.074144,30.157682,0.56616234,-0.00069128714
0.300,1.100,3,17.689642,31.169615,0.56752839,-0.00047415776
0.300,1.200,3,18.183018,32.283601,0.5632277,-0.00031555893
0.300,1.300,3,18.485617,33.532185,0.55127981,-0.00020328719
0.300,1.400,3,18.496185,34.982683,0.52872403,-0.00012612816
0.300,1.500,3,18.021548,36.780686,0.48997313,-7.462185e-05
0.300,1.600,3,16.548757,39.278638,0.42131699,-4.1262599e-05
0.300,1.700,3,11.995448,43.505769,0.27572087,-2.0369518e-05
0.300,1.800,3,-12.027149,52.25616,-0.23015753,-7.8038505e-06
0.300,1.900,3,-8.5431009,7.1528624,-1.1943611,-6.4621947e-07
0.300,2.000,3,17.687979,20.49102,0.86320638,3.1045244e-06
0.300,2.100,3,19.628734,27.137527,0.7233059,4.7840185e-06
0.300,2.200,3,19.424319,30.123437,0.64482412,5.2605491e-06
0.300,2.300,3,18.813447,31.872012,0.59028114,5.0830966e-06
0.300,2.400,3,18.114676,33.025277,0.54850944,4.5879094e-06
0.300,2.500,3,17.433143,33.821095,0.51545178,3.9729419e-06
0.300,2.600,3,16.821037,34.367422,0.48944716,3.348514e-06
0.300,2.700,3,16.30885,34.721611,0.46970316,2.7709835e-06
0.300,2.800,3,15.912692,34.919236,0.45569989,2.2646223e-06
0.300,2.900,3,15.636685,34.986244,0.44693811,1.8354994e-06
0.300,3.000,3,15.474867,34.944489,0.44284141,1.4800624e-06
0.300,3.100,3,15.413533,34.814238,0.44273648,1.1902798e-06
0.300,3.200,3,15.433971,34.615089,0.4458741,9.5659731e-07
0.300,3.300,3,15.515214,34.366042,0.45146932,7.6953973e-07
0.300,3.400,3,15.63646,34.085123,0.45874735,6.2049598e-07
0.300,3.500,3,15.778942,33.788831,0.46698691,5.0202942e-07
0.300,3.600,3,15.927127,33.491595,0.47555593,4.0792624e-07
0.300,3.700,3,16.069295,33.205363,0.48393675,3.3311071e-07
0.300,3.800,3,16.197574,32.939374,0.49173898,2.7350265e-07
0.300,3.900,3,16.307568,32.700146,0.49870016,2.2585964e-07
0.300,4.000,3,16.397728,32.491631,0.50467545,1.8762589e-07
0.400,1.000,3,16.997835,30.005757,0.56648579,-0.0016787722
0.400,1.100,3,17.621881,31.00569,0.56834345,-0.0011624364
0.400,1.200,3,18.12836,32.10138,0.56472215,-0.00078102227
0.400,1.300,3,18.452142,33.320591,0.55377594,-0.00050816877
0.400,1.400,3,18.501008,34.720713,0.53285218,-0.00031878546
0.400,1.500,3,18.108992,36.424024,0.49717164,-0.00019115724
0.400,1.600,3,16.866923,38.718053,0.43563459,-0.0001077064
0.400,1.700,3,13.281971,42.407855,0.31319601,-5.4910793e-05
0.400,1.800,3,-2.6357601,50.115317,-0.052593903,-2.2785101e-05
0.400,1.900,3,-29.909535,23.656818,-1.2643093,-4.2046984e-06
0.400,2.000,3,16.416604,17.913448,0.91644021,5.7631759e-06
0.400,2.100,3,19.619554,26.302545,0.74591847,1.044057e-05
0.400,2.200,3,19.543456,29.727545,0.65741911,1.2005507e-05
0.400,2.300,3,18.937251,31.64961,0.59834075,1.1846809e-05
0.400,2.400,3,18.222214,32.891339,0.55401253,1.0823021e-05
0.400,2.500,3,17.520574,33.74053,0.51927383,9.445232e-06
0.400,2.600,3,16.888259,34.323057,0.49203831,8.0026397e-06
0.400,2.700,3,16.356916,34.703789,0.47132939,6.6466702e-06
0.400,2.800,3,15.94329,34.921766,0.45654306,5.4460285e-06
0.400,2.900,3,15.652013,35.00461,0.44714146,4.4218802e-06
0.400,3.000,3,15.477517,34.975022,0.44253058,3.5697646e-06
0.400,3.100,3,15.406326,34.853714,0.44202826,2.8728362e-06
0.400,3.200,3,15.419754,34.660576,0.44487875,2.3095651e-06
0.400,3.300,3,15.496651,34.414866,0.45028945,1.857977e-06
0.400,3.400,3,15.615873,34.134892,0.45747538,1.4977917e-06
0.400,3.500,3,15.758195,33.837484,0.46570233,1.2113274e-06
0.400,3.600,3,15.907588,33.537449,0.47432314,9.8371619e-07
0.400,3.700,3,16.05185,33.247138,0.48280395,8.0275921e-07
0.400,3.800,3,16.182688,32.976201,0.49073839,6.5861926e-07
0.400,3.900,3,16.295373,32.731537,0.4978493,5.4346102e-07
0.400,4.000,3,16.388119,32.517438,0.50397939,4.5109832e-07
0.500,1.000,3,16.899865,29.814126,0.56684088,-0.0033725703
0.500,1.100,3,17.534705,30.800245,0.56930407,-0.0023631094
0.500,1.200,3,18.057437,31.87512,0.56650569,-0.0016067553
0.500,1.300,3,18.406722,33.061367,0.55674414,-0.001058408
0.500,1.400,3,18.499677,34.405937,0.53768851,-0.00067298436
0.500,1.500,3,18.197077,36.00738,0.50537076,-0.00041008397
0.500,1.600,3,17.184455,38.089989,0.4511541,-0.00023611313
0.500,1.700,3,14.444219,41.249859,0.35016408,-0.00012466312
0.500,1.800,3,4.409634,47.456472,0.092919549,-5.5879763e-05
0.500,1.900,3,-50.115964,46.718347,-1.0727255,-1.53803e-05
0.500,2.000,3,13.198685,13.096874,1.0077737,6.9250074e-06
0.500,2.100,3,19.503803,24.98003,0.78077582,1.79115e-05
0.500,2.200,3,19.691922,29.142473,0.67571211,2.2136347e-05
0.500,2.300,3,19.102286,31.331487,0.60968337,2.2536868e-05
0.500,2.400,3,18.366667,32.702349,0.56163143,2.0949719e-05
0.500,2.500,3,17.638278,33.626746,0.52453122,1.8482953e-05
0.500,2.600,3,16.979131,34.259059,0.49560995,1.5774696e-05
0.500,2.700,3,16.422468,34.675732,0.47360119,1.3168273e-05
0.500,2.800,3,15.985793,34.921029,0.45776981,1.0827904e-05
0.500,2.900,3,15.674335,35.02508,0.44751746,8.8133138e-06
0.500,3.000,3,15.483007,35.011828,0.44222219,7.1266408e-06
0.500,3.100,3,15.398628,34.902638,0.44118807,5.7410811e-06
0.500,3.200,3,15.402555,34.717804,0.44365003,4.6177655e-06
0.500,3.300,3,15.473432,34.476915,0.44880559,3.7152268e-06
0.500,3.400,3,15.589687,34.198634,0.455857,2.9943238e-06
0.500,3.500,3,15.73152,33.900206,0.46405381,2.4204677e-06
0.500,3.600,3,15.882263,33.596913,0.47272984,1.964315e-06
0.500,3.700,3,16.029089,33.301621,0.48133061,1.6016421e-06
0.500,3.800,3,16.163152,33.0245,0.48942912,1.3128297e-06
0.500,3.900,3,16.27928,32.77295,0.49672916,1.0822019e-06
0.500,4.000,3,16.375365,32.551709,0.50305701,8.973541e-07
0.600,1.000,3,16.780204,29.584982,0.56718655,-0.0060068932
0.600,1.100,3,17.427923,30.55631,0.5703543,-0.0042682033
0.600,1.200,3,17.969711,31.609219,0.56849589,-0.0029431947
0.600,1.300,3,18.347985,32.761233,0.56005171,-0.0019670412
0.600,1.400,3,18.488683,34.049258,0.54299811,-0.0012704132
0.600,1.500,3,18.276492,35.549843,0.51410895,-0.00078826847
0.600,1.600,3,17.47506,37.431545,0.46685384,-0.00046461413
0.600,1.700,3,15.410409,40.117486,0.38413198,-0.00025419597
0.600,1.800,3,9.0849029,44.925383,0.20222205,-0.00012220618
0.600,1.900,3,-28.400747,54.680192,-0.51939735,-4.2939565e-05
0.600,2.000,3,3.25601,2.7801588,1.1711597,1.9376935e-06
0.600,2.100,3,19.06102,22.805204,0.83581886,2.5103079e-05
0.600,2.200,3,19.855024,28.278271,0.70213004,3.5073401e-05
0.600,2.300,3,19.312533,30.884171,0.62532137,3.7409942e-05
0.600,2.400,3,18.553234,32.442349,0.57188318,3.563708e-05
0.600,2.500,3,17.790675,33.470678,0.53153018,3.1913591e-05
0.600,2.600,3,17.097273,34.169551,0.50036574,2.7506794e-05
0.600,2.700,3,16.508507,34.63324,0.47666654,2.3117891e-05
0.600,2.800,3,16.042706,34.913833,0.45949426,1.9099464e-05
0.600,2.900,3,15.705722,35.04515,0.44815679,1.5597289e-05
0.600,3.000,3,15.493,35.052945,0.44198854,1.2640496e-05
0.600,3.100,3,15.391707,34.959518,0.44027227,1.0197298e-05
0.600,3.200,3,15.383275,34.785708,0.44222976,8.2083047e-06
0.600,3.300,3,15.446123,34.551521,0.4470461,6.6055848e-06
0.600,3.400,3,15.558183,34.276046,0.45390833,5.3228919e-06
0.600,3.500,3,15.698971,33.977017,0.46204679,4.300575e-06
0.600,3.600,3,15.851042,33.670277,0.47077254,3.4874162e-06
0.600,3.700,3,16.000794,33.369311,0.47950626,2.8407856e-06
0.600,3.800,3,16.138688,33.084927,0.48779578,2.3259545e-06
0.600,3.900,3,16.258988,32.825136,0.49532126,1.9150588e-06
0.600,4.000,3,16.359172,32.595235,0.50188845,1.5859829e-06
0.700,1.000,3,16.638716,29.320533,0.56747658,-0.0098330292
0.700,1.100,3,17.301194,30.276825,0.57143357,-0.0070982884
0.700,1.200,3,17.864481,31.307784,0.5706083,-0.0049734487
0.700,1.300,3,18.274503,32.42621,0.56357196,-0.003378776
0.700,1.400,3,18.46502,33.659951,0.54857536,-0.0022204769
0.700,1.500,3,18.34071,35.066498,0.52302656,-0.0014051208
0.700,1.600,3,17.725375,36.768706,0.48207775,-0.0008486596
0.700,1.700,3,16.177237,39.057949,0.41418552,-0.00048076994
0.700,1.800,3,12.079048,42.767778,0.28243337,-0.00024580732
0.700,1.900,3,-5.5420366,50.867214,-0.10895105,-0.00010169125
0.700,2.000,3,-32.544459,23.292446,-1.3972109,-1.7791968e-05
0.700,2.100,3,17.531519,18.86919,0.9291082,2.7451433e-05
0.700,2.200,3,19.984432,26.960019,0.74126179,4.87594e-05
0.700,2.300,3,19.570993,30.250844,0.6469569,5.5891938e-05
0.700,2.400,3,18.788912,32.086574,0.58556928,5.5129966e-05
0.700,2.500,3,17.983785,33.259161,0.54071673,5.0385571e-05
0.700,2.600,3,17.247509,34.046418,0.50658806,4.4002205e-05
0.700,2.700,3,16.618945,34.570719,0.48072314,3.731301e-05
0.700,2.800,3,16.117252,34.896014,0.46186512,3.1019538e-05
0.700,2.900,3,15.748828,35.061587,0.44917613,2.5441991e-05
0.700,3.000,3,15.509637,35.095836,0.44192242,2.0680367e-05
0.700,3.100,3,15.38722,35.022399,0.4393537,1.671543e-05
0.700,3.200,3,15.363115,34.862857,0.44067287,1.3470027e-05
0.700,3.300,3,15.415507,34.63774,0.44504946,1.0844888e-05
0.700,3.400,3,15.521784,34.366631,0.45165279,8.7384102e-06
0.700,3.500,3,15.660679,34.067817,0.45969131,7.0566756e-06
0.700,3.600,3,15.813835,33.757786,0.46845001,5.7177214e-06
0.700,3.700,3,15.966726,33.450732,0.47732067,4.6525814e-06
0.700,3.800,3,16.108971,33.158209,0.48582149,3.8046424e-06
0.700,3.900,3,16.234136,32.88896,0.49360442,3.1282328e-06
0.700,4.000,3,16.339178,32.648954,0.50045026,2.5869617e-06
0.800,1.000,3,16.475156,29.022882,0.56766093,-0.015103696
0.800,1.100,3,17.154018,29.964458,0.57247885,-0.011093507
0.800,1.200,3,17.740877,30.974367,0.57275993,-0.0079103377
0.800,1.300,3,18.184802,32.061231,0.56718977,-0.0054714185
0.800,1.400,3,18.426175,33.245127,0.5542519,-0.0036642902
0.800,1.500,3,18.385596,34.56785,0.53186981,-0.0023676216
0.800,1.600,3,17.931104,36.116675,0.49647714,-0.0014660253
0.800,1.700,3,16.771858,38.088113,0.44034363,-0.00085873402
0.800,1.800,3,14.016148,40.9971,0.34188145,-0.00046320384
0.800,1.900,3,5.2469532,46.574557,0.11265707,-0.00021518476
0.800,2.000,3,-51.904381,55.406672,-0.93678937,-6.6748019e-05
0.800,2.100,3,11.400137,10.288042,1.1080958,1.6572305e-05
0.800,2.200,3,19.911096,24.804488,0.80272151,5.8760438e-05
0.800,2.300,3,19.873805,29.328438,0.67762917,7.600229e-05
0.800,2.400,3,19.082725,31.595055,0.6039782,7.8895717e-05
0.800,2.500,3,18.225775,32.972674,0.55275393,7.4162445e-05
0.800,2.600,3,17.436232,33.878374,0.51467144,6.5913917e-05
0.800,2.700,3,16.758827,34.480755,0.48603423,5.6553162e-05
0.800,2.800,3,16.21351,34.862225,0.46507386,4.7397418e-05
0.800,2.900,3,15.806985,35.070303,0.45072279,3.9096068e-05
0.800,3.000,3,15.535611,35.137299,0.44214015,3.1903783e-05
0.800,3.100,3,15.387276,35.088787,0.43852403,2.5854259e-05
0.800,3.200,3,15.343633,34.947381,0.43904959,2.0867487e-05
0.800,3.300,3,15.382641,34.734275,0.44286632,1.6813656e-05
0.800,3.400,3,15.481105,34.469622,0.44912313,1.3549493e-05
0.800,3.500,3,15.616892,34.172324,0.45700408,1.0937509e-05
0.800,3.600,3,15.770609,33.859577,0.4657651,8.8550319e-06
0.800,3.700,3,15.926657,33.546371,0.47476541,7.19734e-06
0.800,3.800,3,16.073651,33.245105,0.48348926,5.8776099e-06
0.800,3.900,3,16.204316,32.965368,0.49155574,4.825303e-06
0.800,4.000,3,16.314962,32.713924,0.49871615,3.9839286e-06
0.900,1.000,3,16.289199,28.693979,0.567687,-0.022051492
0.900,1.100,3,16.985759,29.621536,0.57342601,-0.01649758
0.900,1.200,3,17.597872,30.611867,0.57487091,-0.011987089
0.900,1.300,3,18.077353,31.670041,0.57080297,-0.0084525982
0.900,1.400,3,18.369994,32.809716,0.55989493,-0.0057758207
0.900,1.500,3,18.408643,34.060232,0.54047323,-0.0038140721
0.900,1.600,3,18.092897,35.482157,0.50991537,-0.0024216407
0.900,1.700,3,17.228172,37.206106,0.46304689,-0.0014643758
0.900,1.800,3,15.306842,39.548037,0.3870443,-0.00082767169
0.900,1.900,3,10.394285,43.448157,0.2392342,-0.00041917408
0.900,2.000,3,-11.815705,52.540885,-0.22488591,-0.00016793898
0.900,2.100,3,-22.501222,15.31449,-1.4692767,-2.1642927e-05
0.900,2.200,3,18.927077,20.797853,0.91004955,5.6947565e-05
0.900,2.300,3,20.186967,27.909872,0.72329128,9.347639e-05
0.900,2.400,3,19.445042,30.899038,0.62930898,0.0001050625
0.900,2.500,3,18.527792,32.581009,0.56866847,0.00010277848
0.900,2.600,3,17.672013,33.649314,0.52518198,9.3544206e-05
0.900,2.700,3,16.934688,34.353393,0.49295531,8.1511547e-05
0.900,2.800,3,16.336619,34.805589,0.46936769,6.9041096e-05
0.900,2.900,3,15.884331,35.066174,0.45298158,5.737013e-05
0.900,3.000,3,15.574259,35.173353,0.44278572,4.7056645e-05
0.900,3.100,3,15.394509,35.155564,0.4378968,3.8266496e-05
0.900,3.200,3,15.326818,35.036892,0.43744799,3.0953814e-05
0.900,3.300,3,15.348916,34.839399,0.44056202,2.4970697e-05
0.900,3.400,3,15.437007,34.583907,0.44636388,2.0131227e-05
0.900,3.500,3,15.568025,34.28999,0.45401076,1.6246774e-05
0.900,3.600,3,15.721429,33.975607,0.46272694,1.3143765e-05
0.900,3.700,3,15.880394,33.656612,0.47183578,1.0671131e-05
0.900,3.800,3,16.032373,33.346342,0.48078354,8.7019858e-06
0.900,3.900,3,16.169083,33.055341,0.48915191,7.1322946e-06
0.900,4.000,3,16.286052,32.791288,0.49665789,5.8781965e-06
1.000,1.000,3,16.080478,28.335614,0.56750059,-0.030865195
1.000,1.100,3,16.795688,29.250042,0.57421075,-0.023536358
1.000,1.200,3,17.434328,30.222554,0.57686482,-0.017441422
1.000,1.300,3,17.950571,31.255291,0.57432104,-0.012550473
1.000,1.400,3,18.294525,32.35676,0.56540038,-0.0087585637
1.000,1.500,3,18.408227,33.546685,0.54873461,-0.0059151489
1.000,1.600,3,18.213347,34.866081,0.52238008,-0.0038512337
1.000,1.700,3,17.576272,36.400736,0.48285484,-0.002400643
1.000,1.800,3,16.197047,38.344724,0.42240615,-0.001413995
1.000,1.900,3,13.152121,41.212288,0.31913105,-0.00076581249
1.000,2.000,3,3.8704858,46.793251,0.082714615,-0.00035629464
1.000,2.100,3,-59.954586,57.803287,-1.0372176,-0.00010960879
1.000,2.200,3,12.807155,11.282079,1.1351769,2.9631819e-05
1.000,2.300,3,20.339523,25.510392,0.79730343,0.00010047546
1.000,2.400,3,19.882176,29.868826,0.66564973,0.00012956164
1.000,2.500,3,18.905033,32.034409,0.59014769,0.00013449059
1.000,2.600,3,17.966603,33.335214,0.53896767,0.00012650921
1.000,2.700,3,17.155139,34.174888,0.50198083,0.00011254034
1.000,2.800,3,16.49311,34.717137,0.47507115,9.6652391e-05
1.000,2.900,3,15.986001,35.042756,0.45618561,8.1087025e-05
1.000,3.000,3,15.629687,35.199082,0.44403678,6.695581e-05
1.000,3.100,3,15.412175,35.21888,0.43761116,5.4699134e-05
1.000,3.200,3,15.315169,35.128394,0.43597691,4.4379924e-05
1.000,3.300,3,15.316141,34.95087,0.43821916,3.5865897e-05
1.000,3.400,3,15.390674,34.707938,0.44343385,2.8938613e-05
1.000,3.500,3,15.514725,34.419913,0.45074851,2.3355703e-05
1.000,3.600,3,15.666505,34.105561,0.45935338,1.8883992e-05
1.000,3.700,3,15.827824,33.781656,0.46853309,1.5315106e-05
1.000,3.800,3,15.9848,33.462547,0.47769227,1.2470979e-05
1.000,3.900,3,16.127975,33.159834,0.48637079,1.0203876e-05
1.000,4.000,3,16.251928,32.88223,0.49424653,8.3936993e-06
1.100,1.000,3,15.848654,27.949456,0.56704696,-0.041669102
1.100,1.100,3,16.583056,28.851677,0.57476924,-0.03239445
1.100,1.200,3,17.249052,29.808176,0.57866846,-0.024494457
1.100,1.300,3,17.802836,30.818748,0.57766254,-0.017998096
1.100,1.400,3,18.197911,31.887859,0.57068463,-0.01283642
1.100,1.500,3,18.383078,33.027952,0.55659151,-0.0088706508
1.100,1.600,3,18.295238,34.265952,0.53391887,-0.0059223848
1.100,1.700,3,17.839413,35.657473,0.50029943,-0.0038007436
1.100,1.800,3,16.830939,37.322089,0.45096455,-0.0023231213
1.100,1.900,3,14.794585,39.547523,0.37409638,-0.0013283333
1.100,2.000,3,9.9859727,43.186611,0.23122844,-0.00068279292
1.100,2.100,3,-9.7260874,51.776792,-0.18784647,-0.00028138393
1.100,2.200,3,-39.416672,23.788324,-1.6569755,-4.4969739e-05
1.100,2.300,3,19.371699,20.684935,0.93651241,8.3758433e-05
1.100,2.400,3,20.366788,28.225496,0.72157415,0.00014486489
1.100,2.500,3,19.37721,31.243558,0.62019856,0.00016544035
1.100,2.600,3,18.336561,32.897961,0.55737682,0.00016320458
1.100,2.700,3,17.431877,33.9254,0.51382966,0.00014934453
1.100,2.800,3,16.691453,34.584833,0.4826235,0.00013063834
1.100,2.900,3,16.118428,34.991833,0.46063399,0.0001109808
1.100,3.000,3,15.706948,35.208399,0.44611368,9.2441684e-05
1.100,3.100,3,15.444275,35.274017,0.43783716,7.5977368e-05
1.100,3.200,3,15.311794,35.218183,0.43476955,6.1895573e-05
1.100,3.300,3,15.286621,35.065837,0.43594057,5.014974e-05
1.100,3.400,3,15.343692,34.839643,0.44040898,4.0519429e-05
1.100,3.500,3,15.457942,34.560746,0.44726875,3.2716442e-05
1.100,3.600,3,15.60626,34.248763,0.45567368,2.6443898e-05
1.100,3.700,3,15.76896,33.921429,0.46486722,2.1426399e-05
1.100,3.800,3,15.930659,33.594162,0.47420914,1.7423065e-05
1.100,3.900,3,16.080533,33.279705,0.48319338,1.42309e-05
1.100,4.000,3,16.212042,32.987914,0.49145399,1.1683077e-05
1.200,1.000,3,15.593487,27.537108,0.5662718,-0.054510608
1.200,1.100,3,16.347169,28.427948,0.57503866,-0.043194898
1.200,1.200,3,17.040873,29.370111,0.58021139,-0.033327833
1.200,1.300,3,17.632545,30.361549,0.58075247,-0.025012794
1.200,1.400,3,18.07834,31.403624,0.57567689,-0.018238423
1.200,1.500,3,18.331971,32.503341,0.56400266,-0.012900614
1.200,1.600,3,18.340748,33.677569,0.54459833,-0.0088313988
1.200,1.700,3,18.034233,34.961678,0.51582859,-0.0058292387
1.200,1.800,3,17.293487,36.429377,0.47471267,-0.0036857443
1.200,1.900,3,15.857532,38.245385,0.41462603,-0.0022056566
1.200,2.000,3,12.960897,40.836904,0.31738198,-0.0012190793
1.200,2.100,3,5.164583,45.655371,0.11312104,-0.00058673616
1.200,2.200,3,-44.249499,59.022389,-0.74970701,-0.00020001686
1.200,2.300,3,8.7349322,6.8266819,1.2795282,2.2193955e-05
1.200,2.400,3,20.659137,25.23829,0.81856326,0.00013819246
1.200,2.500,3,19.96277,30.028104,0.66480288,0.00018841852
1.200,2.600,3,18.805734,32.271907,0.58272771,0.00019998725
1.200,2.700,3,17.781426,33.574494,0.52961114,0.00019046148
1.200,2.800,3,16.942994,34.39181,0.49264619,0.0001707945
1.200,2.900,3,16.289837,34.902652,0.46672203,0.00014751436
1.200,3.000,3,15.812312,35.193684,0.44929401,0.0001242812
1.200,3.100,3,15.495716,35.315188,0.43878334,0.00010295965
1.200,3.200,3,15.320527,35.301725,0.43398805,8.4334722e-05
1.200,3.300,3,15.263265,35.180752,0.4338527,6.8575158e-05
1.200,3.400,3,15.298133,34.976336,0.43738524,5.552414e-05
1.200,3.500,3,15.399013,34.710604,0.44364002,4.4875069e-05
1.200,3.600,3,15.541403,34.404079,0.45173139,3.6273171e-05
1.200,3.700,3,15.704007,34.075485,0.4608594,2.9370523e-05
1.200,3.800,3,15.86978,33.741351,0.47033622,2.3852792e-05
1.200,3.900,3,16.026343,33.415627,0.47960622,1.9449489e-05
1.200,4.000,3,16.165838,33.109415,0.48825502,1.5935117e-05
1.300,1.000,3,15.314912,27.100173,0.56512232,-0.069359433
1.300,1.100,3,16.087478,27.980272,0.57495787,-0.055986882
1.300,1.200,3,16.808732,28.90951,0.58142568,-0.044063809
1.300,1.300,3,17.438175,29.884443,0.58352014,-0.033773796
1.300,1.400,3,17.93405,30.904078,0.5803134,-0.025178598
1.300,1.500,3,18.253604,31.971408,0.57093526,-0.018230417
1.300,1.600,3,18.351193,33.096162,0.55448099,-0.012794675
1.300,1.700,3,18.171991,34.300101,0.52979409,-0.0086790572
1.300,1.800,3,17.635402,35.628364,0.49498208,-0.0056634504
1.300,1.900,3,16.589371,37.176885,0.44622811,-0.0035259651
1.300,2.000,3,14.661506,39.170554,0.37429917,-0.0020620323
1.300,2.100,3,10.604396,42.246653,0.2510115,-0.0010957052
1.300,2.200,3,-2.7655355,48.959247,-0.056486479,-0.00048405209
1.300,2.300,3,-94.469298,53.328023,-1.7714757,-0.00011646847
1.300,2.400,3,18.748471,18.233369,1.0282506,8.9070379e-05
1.300,2.500,3,20.628609,27.956607,0.73787957,0.0001911089
1.300,2.600,3,19.407602,31.330943,0.6194388,0.00022996706
1.300,2.700,3,18.228184,33.071599,0.55117335,0.00023246237
1.300,2.800,3,17.263626,34.112977,0.5060721,0.00021579834
1.300,2.900,3,16.511091,34.760539,0.47499525,0.00019057223
1.300,3.000,3,15.953701,35.145168,0.45393724,0.00016299174
1.300,3.100,3,15.572556,35.335252,0.44070879,0.00013644473
1.300,3.200,3,15.346083,35.373495,0.43382998,0.00011257312
1.300,3.300,3,15.249694,35.291255,0.4321097,9.1984394e-05
1.300,3.400,3,15.256667,35.114624,0.43448186,7.4708585e-05
1.300,3.500,3,15.339755,34.866969,0.43995092,6.0481923e-05
1.300,3.600,3,15.473011,34.569815,0.44758731,4.89162e-05
1.300,3.700,3,15.633434,34.242903,0.45654521,3.9594798e-05
1.300,3.800,3,15.802161,33.903896,0.46608688,3.2123137e-05
1.300,3.900,3,15.965072,33.567996,0.47560398,2.6151762e-05
1.300,4.000,3,16.112781,33.247625,0.48462952,2.1383755e-05
1.400,1.000,3,15.013108,26.640318,0.56354838,-0.086118912
1.400,1.100,3,15.803656,27.510062,0.5744682,-0.070744732
1.400,1.200,3,16.551768,28.42745,0.58224596,-0.056753148
1.400,1.300,3,17.218368,29.388003,0.58589784,-0.044402751
1.400,1.400,3,17.763381,30.388983,0.58453357,-0.033834085
1.400,1.500,3,18.146592,31.43045,0.57735706,-0.0250711
1.400,1.600,3,18.327076,32.517072,0.56361397,-0.018034181
1.400,1.700,3,18.259918,33.661425,0.54245827,-0.012563121
1.400,1.800,3,17.887266,34.89059,0.51266733,-0.0084458815
1.400,1.900,3,17.1152,36.260855,0.47200211,-0.005447912
1.400,2.000,3,15.747548,37.895194,0.41555527,-0.0033373382
1.400,2.100,3,13.252257,40.098465,0.33049287,-0.0019031306
1.400,2.200,3,7.5735517,43.828889,0.17279817,-0.00096550906
1.400,2.300,3,-17.612076,53.748197,-0.32767751,-0.00037954678
1.400,2.400,3,-19.784124,11.596364,-1.7060627,-3.3845377e-05
1.400,2.500,3,20.853297,23.675174,0.88080862,0.0001536904
1.400,2.600,3,20.176436,29.793208,0.67721596,0.00024128602
1.400,2.700,3,18.809496,32.323523,0.58191354,0.00026877062
1.400,2.800,3,17.676848,33.707981,0.52441136,0.00026243023
1.400,2.900,3,16.797215,34.54428,0.4862517,0.00023896764
1.400,3.000,3,16.141444,35.049841,0.4605283,0.00020854326
1.400,3.100,3,15.682387,35.325208,0.44394323,0.00017700174
1.400,3.200,3,15.394273,35.426732,0.43453833,0.00014743929
1.400,3.300,3,15.250392,35.392041,0.43089892,0.00012126905
1.400,3.400,3,15.22267,35.250308,0.43184502,9.8922313e-05
1.400,3.500,3,15.282572,35.026604,0.43631325,8.0295127e-05
1.400,3.600,3,15.402631,34.743628,0.44332248,6.5022828e-05
1.400,3.700,3,15.558059,34.422187,0.45197764,5.2641729e-05
1.400,3.800,3,15.728045,34.081091,0.46148888,4.2678975e-05
1.400,3.900,3,15.896534,33.736816,0.4711925,3.4698164e-05
1.400,4.000,3,16.052401,33.403162,0.48056531,2.8318734e-05
1.500,1.000,3,14.688557,26.159324,0.5615037,-0.10464668
1.500,1.100,3,15.495679,27.018814,0.57351442,-0.087378656
1.500,1.200,3,16.269404,27.925041,0.58260987,-0.071373998
1.500,1.300,3,16.972016,28.872798,0.58782025,-0.056951794
1.500,1.400,3,17.564847,29.858081,0.58827783,-0.044326024
1.500,1.500,3,18.009529,30.878828,0.58323228,-0.033597935
1.500,1.600,3,18.268261,31.936132,0.57202483,-0.024758205
1.500,1.700,3,18.302363,33.03633,0.55400714,-0.017700175
1.500,1.800,3,18.067575,34.194918,0.52837019,-0.01224261
1.500,1.900,3,17.502115,35.444657,0.49378712,-0.0081579297
1.500,2.000,3,16.495463,36.854381,0.44758485,-0.0052007608
1.500,2.100,3,14.794472,38.579626,0.3834789,-0.0031322274
1.500,2.200,3,11.641673,41.031231,0.28372712,-0.0017372046
1.500,2.300,3,3.5998333,45.666728,0.078828361,-0.00083388174
1.500,2.400,3,-50.812437,60.942296,-0.83377949,-0.00027666053
1.500,2.500,3,12.834707,9.9969478,1.2838625,4.5713402e-05
1.500,2.600,3,21.020938,26.865032,0.78246465,0.00021476443
1.500,2.700,3,19.581179,31.132835,0.62895587,0.00028797601
1.500,2.800,3,18.219498,33.105093,0.55035332,0.00030441812
1.500,2.900,3,17.170241,34.220775,0.50174905,0.00028968266
1.500,3.000,3,16.389625,34.88939,0.46975957,0.00025987882
1.500,3.100,3,15.834992,35.273333,0.44892246,0.00022468149
1.500,3.200,3,15.472343,35.453048,0.43641784,0.0001895507
1.500,3.300,3,15.2709,35.476662,0.43044918,0.00015728495
1.500,3.400,3,15.200366,35.378273,0.42965256,0.00012907103
1.500,3.500,3,15.230568,35.185463,0.43286536,0.00010517034
1.500,3.600,3,15.332387,34.922433,0.4390412,8.5352674e-05
1.500,3.700,3,15.479156,34.611166,0.44723011,6.916017e-05
1.500,3.800,3,15.647999,34.271635,0.45658745,5.606064e-05
1.500,3.900,3,15.820758,33.921594,0.46639194,4.5530978e-05
1.500,4.000,3,15.984345,33.576247,0.47606108,3.7097908e-05
1.600,1.000,3,14.342092,25.659123,0.55894708,-0.12478009
1.600,1.100,3,15.163884,26.508163,0.57204585,-0.10575464
1.600,1.200,3,15.961424,27.403522,0.58245884,-0.087842187
1.600,1.300,3,16.698344,28.33952,0.58922467,-0.071402317
1.600,1.400,3,17.33723,29.311265,0.59148694,-0.056707778
1.600,1.500,3,17.841094,30.315187,0.58852001,-0.043931641
1.600,1.600,3,18.17419,31.349862,0.57972152,-0.033140327
1.600,1.700,3,18.30169,32.417364,0.56456441,-0.024295933
1.600,1.800,3,18.187419,33.525647,0.54249273,-0.017269304
1.600,1.900,3,17.787715,34.693133,0.51271572,-0.011862348
1.600,2.000,3,17.036128,35.958542,0.47377139,-0.0078355947
1.600,2.100,3,15.802317,37.404628,0.42246956,-0.0049359176
1.600,2.200,3,13.761501,39.225701,0.35082868,-0.0029199165
1.600,2.300,3,9.8417639,41.972674,0.23448027,-0.0015702942
1.600,2.400,3,-1.8271734,47.898626,-0.038146678,-0.0007046459
1.600,2.500,3,-118.34942,65.034455,-1.8197957,-0.00017773618
1.600,2.600,3,19.907891,19.150812,1.0395324,0.00012082868
1.600,2.700,3,20.591908,28.986591,0.71039427,0.00027152417
1.600,2.800,3,18.95199,32.158918,0.589323,0.00033078598
1.600,2.900,3,17.664779,33.733071,0.52366353,0.00033673863
1.600,3.000,3,16.718634,34.636048,0.48269462,0.00031417331
1.600,3.100,3,16.04352,35.163535,0.45625446,0.00027855001
1.600,3.200,3,15.589538,35.441723,0.43986399,0.00023903389
1.600,3.300,3,15.318108,35.537213,0.43104416,0.00020069416
1.600,3.400,3,15.195003,35.492327,0.42812078,0.0001660352
1.600,3.500,3,15.187685,35.338591,0.42977619,0.00013602552
1.600,3.600,3,15.265093,35.102324,0.43487414,0.00011076625
1.600,3.700,3,15.398557,34.806907,0.44239946,8.9910404e-05
1.600,3.800,3,15.563023,34.473531,0.45144849,7.2915467e-05
1.600,3.900,3,15.738074,34.121224,0.46124002,5.9188042e-05
1.600,4.000,3,15.908449,33.766597,0.47112977,4.8160784e-05
1.700,1.000,3,13.974922,25.141825,0.55584357,-0.14636152
1.700,1.100,3,14.809013,25.979926,0.57001752,-0.12571902
1.700,1.200,3,15.628027,26.864322,0.58173911,-0.10603045
1.700,1.300,3,16.396987,27.789068,0.59005173,-0.087674861
1.700,1.400,3,17.079661,28.74869,0.59410224,-0.070963574
1.700,1.500,3,17.640162,29.738572,0.59317449,-0.056126719
1.700,1.600,3,18.044103,30.755535,0.5866945,-0.043300925
1.700,1.700,3,18.258969,31.798731,0.57420432,-0.032522432
1.700,1.800,3,18.253285,32.871136,0.55529828,-0.023729255
1.700,1.900,3,17.99362,33.98222,0.529501,-0.016773881
1.700,2.000,3,17.436996,35.153277,0.4960276,-0.011445019
1.700,2.100,3,16.511801,36.429164,0.45325776,-0.007494426
1.700,2.200,3,15.064809,37.907842,0.39740615,-0.0046637759
1.700,2.300,3,12.683317,39.829245,0.31844232,-0.002707165
1.700,2.400,3,7.861023,42.929009,0.18311681,-0.0014066606
1.700,2.500,3,-9.7621822,50.767723,-0.19229112,-0.00058038913
1.700,2.600,3,-67.945315,31.153927,-2.1809551,-8.4269937e-05
1.700,2.700,3,21.347044,23.997691,0.88954573,0.00019069479
1.700,2.800,3,19.967679,30.514652,0.65436363,0.00032358565
1.700,2.900,3,18.339251,32.970034,0.55623999,0.0003695781
1.700,3.000,3,17.160263,34.243476,0.50112501,0.00036572909
1.700,3.100,3,16.32673,34.972082,0.46685039,0.00033596548
1.700,3.200,3,15.758121,35.378398,0.44541647,0.00029507067
1.700,3.300,3,15.400745,35.563772,0.43304587,0.00025169362
1.700,3.400,3,15.213114,35.584951,0.4275154,0.00021051764
1.700,3.500,3,15.158866,35.480007,0.42725092,0.00017376306
1.700,3.600,3,15.204392,35.278491,0.43098193,0.00014219189
1.700,3.700,3,15.31878,35.005637,0.43760893,0.00011575654
1.700,3.800,3,15.474664,34.683996,0.44616151,9.400358e-05
1.700,3.900,3,15.649221,34.333883,0.45579526,7.631465e-05
1.700,4.000,3,15.824825,33.9733,0.46580182,6.2042388e-05
1.800,1.000,3,13.588638,24.609718,0.55216553,-0.16925952
1.800,1.100,3,14.432236,25.436122,0.56739138,-0.14712294
1.800,1.200,3,15.269878,26.309098,0.58040294,-0.12579229
1.800,1.300,3,16.068048,27.222608,0.59024646,-0.10564777
1.800,1.400,3,16.791703,28.170844,0.59606673,-0.087018038
1.800,1.500,3,17.40592,29.148501,0.59714633,-0.070169966
1.800,1.600,3,17.877243,30.151195,0.5929199,-0.055295596
1.800,1.700,3,18.174494,31.176082,0.58296275,-0.042499781
1.800,1.800,3,18.268801,32.222817,0.56695234,-0.03179307
1.800,1.900,3,18.132371,33.295163,0.54459473,-0.023093515
1.800,2.000,3,17.734839,34.403979,0.51548801,-0.016238897
1.800,2.100,3,17.034153,35.573299,0.47884659,-0.011007862
1.800,2.200,3,15.953248,36.854189,0.43287476,-0.0071460013
1.800,2.300,3,14.31322,38.360948,0.37311957,-0.004391887
1.800,2.400,3,11.59588,40.386517,0.28712254,-0.0024987337
1.800,2.500,3,5.6991773,43.909824,0.12979276,-0.0012491824
1.800,2.600,3,-22.633836,54.724401,-0.41359678,-0.00046275698
1.800,2.700,3,1.1140608,0.69682924,1.5987573,2.8744102e-06
1.800,2.800,3,21.252246,27.002738,0.78704039,0.00025492467
1.800,2.900,3,19.296795,31.673889,0.60923351,0.0003708382
1.800,3.000,3,17.768454,33.624261,0.52844149,0.00040439058
1.800,3.100,3,16.713502,34.660507,0.48220592,0.00039149829
1.800,3.200,3,15.99531,35.242454,0.45386483,0.00035519264
1.800,3.300,3,15.530245,35.543338,0.43693828,0.00030957364
1.800,3.400,3,15.262932,35.646849,0.42817058,0.00026278042
1.800,3.500,3,15.150281,35.602496,0.42553984,0.00021912278
1.800,3.600,3,15.154908,35.445123,0.42755976,0.00018055132
1.800,3.700,3,15.243155,35.202675,0.43301127,0.00014763552
1.800,3.800,3,15.385132,34.899387,0.44084248,0.0001201915
1.800,3.900,3,15.55546,34.55694,0.45013997,9.7669991e-05
1.800,4.000,3,15.733963,34.19471,0.46012857,7.9385479e-05
1.900,1.000,3,13.185202,24.06526,0.5478936,-0.19338407
1.900,1.100,3,14.035158,24.878973,0.56413733,-0.169843
1.900,1.200,3,14.888122,25.739746,0.57840984,-0.14698577
1.900,1.300,3,15.71214,26.641597,0.58975967,-0.12518042
1.900,1.400,3,16.473418,27.578581,0.59732652,-0.10475431
1.900,1.500,3,17.137965,28.544983,0.60038449,-0.085989639
1.900,1.600,3,17.673033,29.535627,0.59836323,-0.069113512
1.900,1.700,3,18.048189,30.546318,0.59084663,-0.054284642
1.900,1.800,3,18.235871,31.574486,0.57755083,-0.041580647
1.900,1.900,3,18.211184,32.620191,0.55827951,-0.030990517
1.900,2.000,3,17.95038,33.687858,0.53284421,-0.022415999
1.900,2.100,3,17.426561,34.789561,0.50091351,-0.015683318
1.900,2.200,3,16.598914,35.951899,0.46169786,-0.010563704
1.900,2.300,3,15.384768,37.232087,0.41321261,-0.0067987344
1.900,2.400,3,13.577125,38.761667,0.35027197,-0.0041255738
1.900,2.500,3,10.534071,40.89435,0.25759232,-0.0022978417
1.900,2.600,3,3.3397846,44.929531,0.074333839,-0.0010996906
1.900,2.700,3,-46.827269,60.600175,-0.77272498,-0.00035269544
1.900,2.800,3,17.51533,14.337828,1.2216166,8.3292165e-05
1.900,2.900,3,20.679212,29.063029,0.71152983,0.00031342717
1.900,3.000,3,18.642781,32.584144,0.57214273,0.00041335827
1.900,3.100,3,17.252558,34.158487,0.50507383,0.00043537745
1.900,3.200,3,16.327204,35.001419,0.46647263,0.00041422502
1.900,3.300,3,15.722413,35.457741,0.4434127,0.00037202939
1.900,3.400,3,15.355129,35.666108,0.43052437,0.00032221515
1.900,3.500,3,15.169688,35.697268,0.42495375,0.00027242675
1.900,3.600,3,15.122449,35.595252,0.42484455,0.00022661776
1.900,3.700,3,15.175978,35.392352,0.42879259,0.00018648589
1.900,3.800,3,15.297442,35.115139,0.43563667,0.00015242308
1.900,3.900,3,15.458699,34.786878,0.44438306,0.00012412188
1.900,4.000,3,15.63685,34.428347,0.45418532,0.0001009476
2.000,1.000,3,12.766914,23.511062,0.54301734,-0.21869553
2.000,1.100,3,13.619795,24.310893,0.56023423,-0.19379609
2.000,1.200,3,14.484389,25.158402,0.57572771,-0.16949367
2.000,1.300,3,15.330408,26.047787,0.58854935,-0.14613644
2.000,1.400,3,16.125413,26.973129,0.5978325,-0.12403669
2.000,1.500,3,16.836393,27.928525,0.6028386,-0.10347308
2.000,1.600,3,17.431229,28.908318,0.60298316,-0.08468624
2.000,1.700,3,17.879915,29.907427,0.59784197,-0.06786843
2.000,1.800,3,18.155426,30.921797,0.58714008,-0.053149695
2.000,1.900,3,18.234132,31.949057,0.57072519,-0.040584617
2.000,2.000,3,18.095461,32.989572,0.54852063,-0.030144322
2.000,2.100,3,17.720101,34.048285,0.52044034,-0.021717426
2.000,2.200,3,17.085008,35.138299,0.48622182,-0.015121277
2.000,2.300,3,16.150873,36.288537,0.44506818,-0.010121884
2.000,2.400,3,14.829329,37.562174,0.39479421,-0.0064585706
2.000,2.500,3,12.883424,39.108607,0.32942683,-0.0038684473
2.000,2.600,3,9.5293731,41.350259,0.23045498,-0.0021065445
2.000,2.700,3,0.7395442,46.00954,0.016073714,-0.00095924036
2.000,2.800,3,-99.87033,69.097397,-1.4453559,-0.00025064377
2.000,2.900,3,21.172907,21.127718,1.0021388,0.00015690231
2.000,3.000,3,19.968121,30.571757,0.65315581,0.00036631281
2.000,3.100,3,18.035007,33.315476,0.54134021,0.00045134436
2.000,3.200,3,16.797323,34.597676,0.48550438,0.00046276406
2.000,3.300,3,16.00079,35.279161,0.45354793,0.00043412778
2.000,3.400,3,15.504225,35.626495,0.43518806,0.00038667089
2.000,3.500,3,15.227057,35.753272,0.42589267,0.00033316087
2.000,3.600,3,15.114315,35.720487,0.42312736,0.00028076832
2.000,3.700,3,15.122693,35.567899,0.42517814,0.00023311087
2.000,3.800,3,15.215554,35.325706,0.43072188,0.0001916514
2.000,3.900,3,15.361635,35.019244,0.43866266,0.00015661956
2.000,4.000,3,15.535099,34.670824,0.44807412,0.00012759685
2.100,1.000,3,12.336362,22.949847,0.53753569,-0.24520835
2.100,1.100,3,13.18854,23.734458,0.55567056,-0.21894826
2.100,1.200,3,14.060765,24.567417,0.57233388,-0.19323807
2.100,1.300,3,14.924527,25.443208,0.58658196,-0.16840343
2.100,1.400,3,15.748865,26.356073,0.59754216,-0.14473337
2.100,1.500,3,16.501853,27.3001,0.60446127,-0.12248883
2.100,1.600,3,17.152038,28.269396,0.6067352,-0.10190489
2.100,1.700,3,17.669711,29.258334,0.60392061,-0.083185782
2.100,1.800,3,18.027966,30.26189,0.59573167,-0.066493769
2.100,1.900,3,18.203475,31.276094,0.58202519,-0.051934554
2.100,2.000,3,18.176847,32.298702,0.56277329,-0.039543455
2.100,2.100,3,17.932188,33.330274,0.53801501,-0.029276958
2.100,2.200,3,17.454969,34.376124,0.50776433,-0.021013265
2.100,2.300,3,16.726252,35.450181,0.47182418,-0.014563088
2.100,2.400,3,15.708345,36.583414,0.42938434,-0.0096890255
2.100,2.500,3,14.307137,37.844622,0.37804942,-0.0061295624
2.100,2.600,3,12.254616,39.401313,0.3110205,-0.003622827
2.100,2.700,3,8.6079472,41.752526,0.2061659,-0.0019260351
2.100,2.800,3,-2.1883128,47.181702,-0.046380539,-0.00082832423
2.100,2.900,3,-170.17961,67.91997,-2.5055901,-0.00015668363
2.100,3.000,3,21.628508,25.129894,0.86066849,0.00022384449
2.100,3.100,3,19.246777,31.726661,0.60664365,0.00041382346
2.100,3.200,3,17.486932,33.911975,0.51565656,0.00048506945
2.100,3.300,3,16.404041,34.959672,0.46922754,0.00048681503
2.100,3.400,3,15.731468,35.50387,0.44309164,0.00045144337
2.100,3.500,3,15.335757,35.755834,0.42890223,0.00039931871
2.100,3.600,3,15.139828,35.810472,0.42277654,0.0003425765
2.100,3.700,3,15.09016,35.721244,0.42244217,0.00028793793
2.100,3.800,3,15.144549,35.524482,0.42631302,0.00023870643
2.100,3.900,3,15.267891,35.248601,0.43314885,0.00019612847
2.100,4.000,3,15.431088,34.917794,0.44192622,0.00016028645
2.200,1.000,3,11.896357,22.384414,0.53145713,-0.27299118
2.200,1.100,3,12.744102,23.152368,0.55044488,-0.24531846
2.200,1.200,3,13.619751,23.969326,0.56821588,-0.21818904
2.200,1.300,3,14.496672,24.830141,0.58383364,-0.19190732
2.200,1.400,3,15.345517,25.72933,0.59642116,-0.16673576
2.200,1.500,3,16.135589,26.66112,0.60521048,-0.14290888
2.200,1.600,3,16.836207,27.619573,0.60957521,-0.12064172
2.200,1.700,3,17.417976,28.598781,0.60904612,-0.10013124
2.200,1.800,3,17.853931,29.593117,0.60331362,-0.081550385
2.200,1.900,3,18.120522,30.597578,0.59222078,-0.065035931
2.200,2.000,3,18.198391,31.608226,0.57574858,-0.050673141
2.200,2.100,3,18.072707,32.622864,0.55398897,-0.038481377
2.200,2.200,3,17.732552,33.642145,0.5270934,-0.028405255
2.200,2.300,3,17.168376,34.671612,0.49517098,-0.020314851
2.200,2.400,3,16.365358,35.725809,0.45808222,-0.0140161
2.200,2.500,3,15.287328,36.837429,0.41499444,-0.0092696688
2.200,2.600,3,13.834479,38.080425,0.36329635,-0.0058143324
2.200,2.700,3,11.707591,39.640271,0.29534588,-0.0033900732
2.200,2.800,3,7.7894007,42.100222,0.18502042,-0.0017568795
2.200,2.900,3,-5.6025981,48.493969,-0.11553185,-0.00070703665
2.200,3.000,3,-62.087326,26.702251,-2.3251719,-7.0652146e-05
2.200,3.100,3,21.149678,27.770116,0.76159848,0.00028440228
2.200,3.200,3,18.567567,32.637981,0.56889448,0.00045628076
2.200,3.300,3,17.003701,34.403153,0.49424831,0.00051484679
2.200,3.400,3,16.071128,35.257842,0.45581711,0.00050781185
2.200,3.500,3,15.514993,35.68375,0.43479154,0.00046641235
2.200,3.600,3,15.211326,35.851791,0.42428356,0.0004101714
2.200,3.700,3,15.087098,35.842593,0.42092652,0.00035062182
2.200,3.800,3,15.090859,35.703652,0.4226699,0.00029406163
2.200,3.900,3,15.182185,35.468477,0.42804727,0.00024350236
2.200,4.000,3,15.32811,35.163921,0.43590446,0.00019999219
2.300,1.000,3,11.449861,21.817591,0.5247995,-0.30216486
2.300,1.100,3,12.28944,22.567403,0.54456597,-0.27297881
2.300,1.200,3,13.164198,23.3668,0.56337189,-0.24436851
2.300,1.300,3,14.04947,24.211073,0.58029111,-0.21662097
2.300,1.400,3,14.917653,25.095103,0.59444478,-0.18997264
2.300,1.500,3,15.739439,26.01338,0.60505167,-0.16462771
2.300,1.600,3,16.485078,26.960078,0.61146252,-0.14077197
2.300,1.700,3,17.125601,27.929212,0.61317882,-0.1185804
2.300,1.800,3,17.633977,28.914833,0.60985921,-0.098217273
2.300,1.900,3,17.986209,29.911293,0.60131835,-0.079829001
2.300,2.000,3,18.16235,30.913566,0.58752039,-0.06353096
2.300,2.100,3,18.147299,31.917696,0.56856545,-0.049391402
2.300,2.200,3,17.931053,32.921463,0.54466149,-0.03741658
2.300,2.300,3,17.50783,33.925515,0.51606674,-0.027541589
2.300,2.400,3,16.872996,34.935487,0.48297584,-0.019630295
2.300,2.500,3,16.015588,35.966333,0.44529387,-0.013485383
2.300,2.600,3,14.90069,37.052111,0.40215495,-0.0088667761
2.300,2.700,3,13.423017,38.271329,0.35073298,-0.005514438
2.300,2.800,3,11.253108,39.826852,0.28255077,-0.0031708467
2.300,2.900,3,7.0863746,42.393187,0.16715834,-0.0015991979
2.300,3.000,3,-9.7887346,50.020079,-0.1956961,-0.00059519805
2.300,3.100,3,3.2115065,1.9754449,1.625713,7.7740363e-06
2.300,3.200,3,20.402746,29.646686,0.68819653,0.00033894707
2.300,3.300,3,17.952109,33.372331,0.53793394,0.00049404928
2.300,3.400,3,16.585746,34.809833,0.47646727,0.00054100598
2.300,3.500,3,15.795141,35.502595,0.44490104,0.00052603759
2.300,3.600,3,15.34621,35.825612,0.42835864,0.00047926937
2.300,3.700,3,15.124921,35.919548,0.42107773,0.00041941854
2.300,3.800,3,15.062644,35.853873,0.42011204,0.00035744699
2.300,3.900,3,15.110534,35.671265,0.42360522,0.00029925654
2.300,4.000,3,15.230523,35.40285,0.43020612,0.00024758887
2.400,1.000,3,10.999908,21.252181,0.51758959,-0.33289977
2.400,1.100,3,11.827672,21.982371,0.53805262,-0.30205281
2.400,1.200,3,12.697228,22.762599,0.55781098,-0.27185059
2.400,1.300,3,13.585933,23.588645,0.57595226,-0.24256806
2.400,1.400,3,14.468047,24.455831,0.59159908,-0.21441869
2.400,1.500,3,15.315813,25.359005,0.60395954,-0.18757615
2.400,1.600,3,16.100604,26.292589,0.6123628,-0.16219258
2.400,1.700,3,16.794052,27.250682,0.61628005,-0.13841132
2.400,1.800,3,17.369174,28.227227,0.61533403,-0.11637306
2.400,1.900,3,17.801499,29.216221,0.6093019,-0.096214479
2.400,2.000,3,18.070217,30.211964,0.5981146,-0.078059776
2.400,2.100,3,18.159244,31.209378,0.58185214,-0.062006516
2.400,2.200,3,18.05799,32.204437,0.56072989,-0.048108901
2.400,2.300,3,17.761431,33.194832,0.53506617,-0.036362502
2.400,2.400,3,17.268844,34.181124,0.50521579,-0.026694866
2.400,2.500,3,16.580168,35.168918,0.4714438,-0.018965227
2.400,2.600,3,15.687788,36.173369,0.43368337,-0.012974271
2.400,2.700,3,14.557699,37.229523,0.39102568,-0.0084821294
2.400,2.800,3,13.079625,38.419727,0.34044033,-0.005230655
2.400,2.900,3,10.895977,39.963218,0.27265014,-0.0029653067
2.400,3.000,3,6.5048743,42.631954,0.15258213,-0.0014528012
2.400,3.100,3,-15.273442,51.876499,-0.29441928,-0.00049244755
2.400,3.200,3,18.061328,14.761667,1.223529,7.9017129e-05
2.400,3.300,3,19.615516,31.049955,0.63174055,0.00038789779
2.400,3.400,3,17.408047,33.972688,0.51241302,0.00052751068
2.400,3.500,3,16.2307,35.147372,0.46178986,0.00056387671
2.400,3.600,3,15.571447,35.702291,0.43614701,0.00054176688
2.400,3.700,3,15.21945,35.93521,0.42352471,0.00049023722
2.400,3.800,3,15.070487,35.963581,0.41904856,0.00042723724
2.400,3.900,3,15.060576,35.84799,0.4201233,0.00036319063
2.400,4.000,3,15.143942,35.627143,0.42506753,0.00030362983
2.500,1.000,3,10.54952,20.690916,0.5098624,-0.36541351
2.500,1.100,3,11.361998,21.400054,0.53093316,-0.33271298
2.500,1.200,3,12.222143,22.159514,0.55155282,-0.30076008
2.500,1.300,3,13.109368,22.965598,0.57082634,-0.2698236
2.500,1.400,3,13.999887,23.814126,0.58788162,-0.24009842
2.500,1.500,3,14.867646,24.700389,0.60191952,-0.21172999
2.500,1.600,3,15.685336,25.619157,0.6122503,-0.18483589
2.500,1.700,3,16.425409,26.564753,0.61831589,-0.15952294
2.500,1.800,3,17.061124,27.531185,0.61970176,-0.13589829
2.500,1.900,3,17.567653,28.512313,0.61614269,-0.11407379
2.500,2.000,3,17.923278,29.50206,0.6075263,-0.09416313
2.500,2.100,3,18.110609,30.494653,0.59389457,-0.076272089
2.500,2.200,3,18.117676,31.484926,0.57543968,-0.060483539
2.500,2.300,3,17.938561,32.468741,0.55248712,-0.046840154
2.500,2.400,3,17.573162,33.443653,0.52545583,-0.035328863
2.500,2.500,3,17.025468,34.410061,0.49478169,-0.025871304
2.500,2.600,3,16.299398,35.373428,0.46078084,-0.018323383
2.500,2.700,3,15.390028,36.348911,0.42339722,-0.012484795
2.500,2.800,3,14.263958,37.372155,0.38167342,-0.0081166399
2.500,2.900,3,12.806723,38.528526,0.33239588,-0.0049631955
2.500,3.000,3,10.635795,40.052186,0.26554843,-0.002773262
2.500,3.100,3,6.0451175,42.817625,0.14118293,-0.0013172934
2.500,3.200,3,-23.088332,54.251078,-0.42558292,-0.00039831091
2.500,3.300,3,21.227016,21.431799,0.99044488,0.00014355383
2.500,3.400,3,18.872282,32.13717,0.58724156,0.00043169261
2.500,3.500,3,16.936131,34.468335,0.49135332,0.00055704602
2.500,3.600,3,15.934478,35.427537,0.44977663,0.0005837781
2.500,3.700,3,15.39468,35.863812,0.42925386,0.00055525969
2.500,3.800,3,15.12882,36.017463,0.42004124,0.00049952333
2.500,3.900,3,15.042146,35.987773,0.41797935,0.00043379039
2.500,4.000,3,15.075515,35.828128,0.42077316,0.00036797901
2.600,1.000,3,10.101635,20.136408,0.50166025,-0.39996941
2.600,1.100,3,10.895607,20.823159,0.52324468,-0.36517867
2.600,1.200,3,11.742333,21.560311,0.54462725,-0.33127017
2.600,1.300,3,12.623283,22.344709,0.56493388,-0.29851247
2.600,1.400,3,13.516685,23.172714,0.58330178,-0.26708678
2.600,1.500,3,14.398319,24.040119,0.59892876,-0.23711381
2.600,1.600,3,15.24238,24.942132,0.61110975,-0.20867817
2.600,1.700,3,16.022371,25.873411,0.6192601,-0.18184869
2.600,1.800,3,16.71204,26.828169,0.62292883,-0.15669359
2.600,1.900,3,17.286413,27.800306,0.62180659,-0.13328972
2.600,2.000,3,17.722982,28.783591,0.61573215,-0.11172506
2.600,2.100,3,18.002993,29.771856,0.60469837,-0.092094359
2.600,2.200,3,18.112728,30.759234,0.58885496,-0.074488275
2.600,2.300,3,18.044505,31.740444,0.56850197,-0.058977633
2.600,2.400,3,17.797066,32.711207,0.54406632,-0.045595706
2.600,2.500,3,17.374928,33.668894,0.51605281,-0.034322487
2.600,2.600,3,16.786206,34.613689,0.48495858,-0.02507506
2.600,2.700,3,16.038041,35.550814,0.45113005,-0.017707066
2.600,2.800,3,15.127526,36.495237,0.41450686,-0.012018021
2.600,2.900,3,14.021694,37.4828,0.37408342,-0.0077705852
2.600,3.000,3,12.603,38.601004,0.32649411,-0.0047118737
2.600,3.100,3,10.468018,40.097077,0.26106686,-0.002594284
2.600,3.200,3,5.7026124,42.951711,0.13276799,-0.0011921469
2.600,3.300,3,-35.424015,57.437517,-0.61674001,-0.00031224986
2.600,3.400,3,21.422645,25.456912,0.84152568,0.00020188396
2.600,3.500,3,18.203825,33.001021,0.55161398,0.00047076952
2.600,3.600,3,16.533486,34.880167,0.47400823,0.00058302423
2.600,3.700,3,15.691939,35.659619,0.44004787,0.00060101209
2.600,3.800,3,15.259072,35.99292,0.42394649,0.00056675785
2.600,3.900,3,15.068458,36.076604,0.4176795,0.00050731813
2.600,4.000,3,15.034399,35.995485,0.41767457,0.00043922597
2.700,1.000,3,9.6590343,19.591106,0.4930316,-0.4368764
2.700,1.100,3,10.431597,20.254267,0.51503204,-0.39971493
2.700,1.200,3,11.261182,20.967677,0.53707342,-0.36360058
2.700,1.300,3,12.131286,21.728735,0.55830611,-0.32880742
2.700,1.400,3,13.022176,22.534365,0.57788078,-0.29550783
2.700,1.500,3,13.911563,23.380911,0.59499661,-0.26380177
2.700,1.600,3,14.775314,24.264084,0.60893764,-0.23374355
2.700,1.700,3,15.588212,25.178972,0.61909643,-0.20536487
2.700,1.800,3,16.324758,26.120106,0.62498818,-0.17869312
2.700,1.900,3,16.960108,27.081574,0.62626005,-0.15376434
2.700,2.000,3,17.471191,28.057166,0.62269977,-0.13063042
2.700,2.100,3,17.838008,29.040545,0.61424492,-0.10935984
2.700,2.200,3,18.045014,30.025443,0.60099075,-0.090031931
2.700,2.300,3,18.082359,31.005879,0.5831913,-0.072725046
2.700,2.400,3,17.946688,31.976438,0.56124725,-0.05750019
2.700,2.500,3,17.641166,32.932674,0.53567368,-0.044383011
2.700,2.600,3,17.174406,33.871749,0.5070422,-0.033347976
2.700,2.700,3,16.557898,34.793581,0.47588946,-0.024308729
2.700,2.800,3,15.801207,35.703066,0.44257283,-0.01711751
2.700,2.900,3,14.90286,36.614806,0.40701731,-0.011574304
2.700,3.000,3,13.830325,37.564443,0.36817598,-0.0074437922
2.700,3.100,3,12.464317,38.64067,0.3225699,-0.0044762306
2.700,3.200,3,10.385113,40.10155,0.25897037,-0.0024277903
2.700,3.300,3,5.4692061,43.035948,0.1270846,-0.0010767577
2.700,3.400,3,-57.211738,61.738272,-0.92668188,-0.00023369721
2.700,3.500,3,20.793513,28.136969,0.73901044,0.00025450874
2.700,3.600,3,17.618973,33.699966,0.52281872,0.00050555344
2.700,3.700,3,16.195245,35.223686,0.4597828,0.00060579484
2.700,3.800,3,15.497319,35.851142,0.43226848,0.00061585968
2.700,3.900,3,15.158728,36.0945,0.41997336,0.0005764833
2.700,4.000,3,15.032742,36.11629,0.41623162,0.00051379454
2.800,1.000,3,9.2242839,19.057261,0.4840299,-0.47649021
2.800,1.100,3,9.9728965,19.695788,0.50634665,-0.43663241
2.800,1.200,3,10.781977,20.38417,0.52893872,-0.39801644
2.800,1.300,3,11.636979,21.120351,0.55098416,-0.36092726
2.800,1.400,3,12.520206,21.901832,0.57165109,-0.32553292
2.800,1.500,3,13.411354,22.725535,0.5901447,-0.2919164
2.800,1.600,3,14.2881,23.587727,0.60574299,-0.26010481
2.800,1.700,3,15.126711,24.483996,0.61782038,-0.23009471
2.800,1.800,3,15.902715,25.409292,0.62586218,-0.2018729
2.800,1.900,3,16.591697,26.358006,0.62947466,-0.17543227
2.800,2.000,3,17.170324,27.324096,0.62839496,-0.15078251
2.800,2.100,3,17.617595,28.301233,0.62250272,-0.12795529
2.800,2.200,3,17.916255,29.282972,0.61183185,-0.10700338
2.800,2.300,3,18.054186,30.26293,0.5965776,-0.087993705
2.800,2.400,3,18.025491,31.235001,0.57709272,-0.070994664
2.800,2.500,3,17.830986,32.193624,0.55386701,-0.056059306
2.800,2.600,3,17.477817,33.13417,0.52748619,-0.043207126
2.800,2.700,3,16.978002,34.053572,0.49856744,-0.032408229
2.800,2.800,3,16.345605,34.951448,0.46766603,-0.023573729
2.800,2.900,3,15.591885,35.832291,0.43513504,-0.01655516
2.800,3.000,3,14.716377,36.710171,0.40088009,-0.011153489
2.800,3.100,3,13.687156,37.620142,0.36382519,-0.007135774
2.800,3.200,3,12.384624,38.651125,0.32042079,-0.0042556275
2.800,3.300,3,10.377614,40.069454,0.25899065,-0.0022731066
2.800,3.400,3,5.3339526,43.072075,0.12383784,-0.00097048486
2.800,3.500,3,-96.489117,65.799928,-1.4664016,-0.00016208129
2.800,3.600,3,19.971057,30.044428,0.66471752,0.00030191626
2.800,3.700,3,17.116899,34.272966,0.49942859,0.00053644809
2.800,3.800,3,15.915421,35.51077,0.44818575,0.00062568379
2.800,3.900,3,15.344545,36.00831,0.42613901,0.00062857917
2.800,4.000,3,15.087855,36.172727,0.41710581,0.00058463777
2.900,1.000,3,8.7996907,18.536895,0.47471223,-0.51921605
2.900,1.100,3,9.5222095,19.149929,0.49724517,-0.47628883
2.900,1.200,3,10.307828,19.812172,0.52027755,-0.4348285
2.900,1.300,3,11.143869,20.522101,0.54301794,-0.39513595
2.900,1.400,3,12.014624,21.277789,0.56465568,-0.35737895
2.900,1.500,3,12.901797,22.076749,0.58440655,-0.32162684
2.900,1.600,3,13.784966,22.915838,0.60154753,-0.28788236
2.900,1.700,3,14.642061,23.791202,0.61544014,-0.25610921
2.900,1.800,3,15.449882,24.698285,0.62554474,-0.22625493
2.900,1.900,3,16.184758,25.631882,0.63143075,-0.19826901
2.900,2.000,3,16.823432,26.58624,0.6327872,-0.17211623
2.900,2.100,3,17.344224,27.555185,0.62943595,-0.1477851
2.900,2.200,3,17.728422,28.532266,0.62134645,-0.12529117
2.900,2.300,3,17.961748,29.510919,0.60864751,-0.10467474
2.900,2.400,3,18.035639,30.484644,0.59163028,-0.085992846
2.900,2.500,3,17.948075,31.447203,0.57073676,-0.06930589
2.900,2.600,3,17.703689,32.392881,0.54653026,-0.054660513
2.900,2.700,3,17.313009,33.316859,0.51964709,-0.042071272
2.900,2.800,3,16.790701,34.21583,0.49072903,-0.031504861
2.900,2.900,3,16.152649,35.08908,0.46033264,-0.022870602
2.900,3.000,3,15.411226,35.94064,0.42879666,-0.016019887
2.900,3.100,3,14.566714,36.783894,0.39600792,-0.010755066
2.900,3.200,3,13.588067,37.652942,0.36087664,-0.0068458343
2.900,3.300,3,12.356762,38.63595,0.3198255,-0.0040493152
2.900,3.400,3,10.434962,40.004677,0.26084356,-0.0021295113
2.900,3.500,3,5.2837595,43.061601,0.12270235,-0.00087267822
2.900,3.600,3,-116.1295,55.255376,-2.101687,-9.6842647e-05
2.900,3.700,3,19.161907,31.466681,0.60895863,0.00034457216
2.900,3.800,3,16.692324,34.747214,0.48039316,0.00056383123
2.900,3.900,3,15.687442,35.750771,0.4388001,0.00064299154
2.900,4.000,3,15.22751,36.136311,0.42139082,0.00063940581
3.000,1.000,3,8.3872678,18.031782,0.46513804,-0.56551278
3.000,1.100,3,9.0819607,18.618659,0.48778811,-0.51909178
3.000,1.200,3,9.8416054,19.253854,0.51114988,-0.47439459
3.000,1.300,3,10.655277,19.936349,0.5344648,-0.43174284
3.000,1.400,3,11.509181,20.664773,0.55694687,-0.39130757
3.000,1.500,3,12.387005,21.437232,0.57782671,-0.35314725
3.000,1.600,3,13.270285,22.25119,0.59638541,-0.31724252
3.000,1.700,3,14.138743,23.103386,0.61197707,-0.28352617
3.000,1.800,3,14.970672,23.98982,0.62404269,-0.25190806
3.000,1.900,3,15.743437,24.905774,0.63211996,-0.22229509
3.000,2.000,3,16.434208,25.845885,0.63585393,-0.19460641
3.000,2.100,3,17.020997,26.804254,0.63501105,-0.16878435
3.000,2.200,3,17.483982,27.77457,0.62949602,-0.1448007
3.000,2.300,3,17.806976,28.750261,0.61936744,-0.12265843
3.000,2.400,3,17.978846,29.724642,0.6048465,-0.10238805
3.000,2.500,3,17.99458,30.69109,0.58631284,-0.084038809
3.000,2.600,3,17.855776,31.643234,0.56428415,-0.06766475
3.000,2.700,3,17.570377,32.575205,0.53937887,-0.053307367
3.000,2.800,3,17.151607,33.481994,0.51226361,-0.04097727
3.000,2.900,3,16.61606,34.360043,0.48358669,-0.030638521
3.000,3.000,3,15.980812,35.208293,0.45389339,-0.022199253
3.000,3.100,3,15.258933,36.030251,0.42350338,-0.015511157
3.000,3.200,3,14.451327,36.838485,0.39228885,-0.010378277
3.000,3.300,3,13.528118,37.665788,0.35916196,-0.0065731438
3.000,3.400,3,12.373072,38.598607,0.32055748,-0.003856484
3.000,3.500,3,10.546146,39.911036,0.26424135,-0.001996267
3.000,3.600,3,5.3038676,43.005532,0.12332989,-0.00078269777
3.000,3.700,3,-34.867864,18.695774,-1.8650131,-3.7444864e-05
3.000,3.800,3,18.433963,32.563188,0.56609824,0.00038291402
3.000,3.900,3,16.337895,35.14243,0.46490511,0.00058805234
3.000,4.000,3,15.504518,35.95121,0.43126554,0.00065799252
3.100,1.000,3,7.9887162,17.543434,0.45536788,-0.61589845
3.100,1.100,3,8.6542639,18.103697,0.47803849,-0.56550298
3.100,1.200,3,9.385883,18.711149,0.50161981,-0.51712255
3.100,1.300,3,10.174268,19.365244,0.52538807,-0.47110424
3.100,1.400,3,11.007433,20.065142,0.54858488,-0.42762553
3.100,1.500,3,11.870997,20.809528,0.57045968,-0.3867361
3.100,1.600,3,12.748453,21.596475,0.59030248,-0.34839606
3.100,1.700,3,13.621406,22.42334,0.60746553,-0.31250863
3.100,1.800,3,14.469817,23.286718,0.62137637,-0.2789472
3.100,1.900,3,15.272347,24.182442,0.63154695,-0.247577
3.100,2.000,3,16.006936,25.105624,0.63758366,-0.21827193
3.100,2.100,3,16.651677,26.050743,0.6392016,-0.19092705
3.100,2.200,3,17.186032,27.011752,0.63624279,-0.16546712
3.100,2.300,3,17.592268,27.982206,0.62869485,-0.14185108
3.100,2.400,3,17.856928,28.955407,0.61670443,-0.1200722
3.100,2.500,3,17.972078,29.924554,0.60057963,-0.1001535
3.100,2.600,3,17.936087,30.882902,0.58077725,-0.082138138
3.100,2.700,3,17.753757,31.823947,0.55787415,-0.066075147
3.100,2.800,3,17.435747,32.741669,0.5325247,-0.052001906
3.100,2.900,3,16.997304,33.630874,0.50540775,-0.039925888
3.100,3.000,3,16.456326,34.487751,0.47716437,-0.029809152
3.100,3.100,3,15.830615,35.31088,0.44832117,-0.021559125
3.100,3.200,3,15.133667,36.1032,0.41917799,-0.015028153
3.100,3.300,3,14.366951,36.876339,0.38959808,-0.010022211
3.100,3.400,3,13.501997,37.661467,0.35850958,-0.0063167977
3.100,3.500,3,12.42583,38.542367,0.32239405,-0.0036763004
3.100,3.600,3,10.700166,39.792171,0.26890128,-0.0018726432
3.100,3.700,3,5.3782522,42.904056,0.12535533,-0.00069992636
3.100,3.800,3,7.9961105,5.9311077,1.3481648,1.6618733e-05
3.100,3.900,3,17.804877,33.429571,0.5326086,0.0004173485
3.100,4.000,3,16.045386,35.473387,0.45232179,0.00060943191
3.200,1.000,3,7.6054188,17.073095,0.44546222,-0.67095737
3.200,1.100,3,8.2409028,17.606491,0.46806048,-0.61604399
3.200,1.200,3,8.9429061,18.185727,0.49175412,-0.56347458
3.200,1.300,3,9.7035977,18.810688,0.51585555,-0.51362645
3.200,1.400,3,10.512673,19.48103,0.53963641,-0.46668626
3.200,1.500,3,11.357591,20.195996,0.56236846,-0.42269651
3.200,1.600,3,12.223771,20.954254,0.58335511,-0.38159752
3.200,1.700,3,13.094737,21.753784,0.60195214,-0.34326345
3.200,1.800,3,13.95224,22.591804,0.61757972,-0.30753172
3.200,1.900,3,14.77646,23.464741,0.62973036,-0.27422647
3.200,2.000,3,15.54641,24.368253,0.63797805,-0.24317676
3.200,2.100,3,16.240652,25.297281,0.64199199,-0.21423034
3.200,2.200,3,16.838357,26.246145,0.64155543,-0.18726357
3.200,2.300,3,17.320662,27.208651,0.63658658,-0.16218786
3.200,2.400,3,17.672146,28.178224,0.62715611,-0.13895247
3.200,2.500,3,17.882185,29.148045,0.61349518,-0.11754346
3.200,2.600,3,17.94596,30.111193,0.59598966,-0.097978171
3.200,2.700,3,17.864901,31.060807,0.57515894,-0.080295109
3.200,2.800,3,17.646506,31.99026,0.55162121,-0.064539357
3.200,2.900,3,17.303537,32.893386,0.52604915,-0.050745026
3.200,3.000,3,16.852674,33.764808,0.4991195,-0.03891711
3.200,3.100,3,16.312639,34.600469,0.47145718,-0.02901618
3.200,3.200,3,15.701636,35.398573,0.44356691,-0.020949342
3.200,3.300,3,15.033411,36.161459,0.41573022,-0.014569874
3.200,3.400,3,14.309956,36.899706,0.38780676,-0.0096858582
3.200,3.500,3,13.504334,37.642567,0.35875169,-0.0060758565
3.200,3.600,3,12.507533,38.470255,0.32512218,-0.0035079324
3.200,3.700,3,10.886406,39.651483,0.27455231,-0.001757931
3.200,3.800,3,5.4900122,42.75616,0.12840284,-0.00062377774
3.200,3.900,3,18.222753,17.727101,1.0279601,6.5821418e-05
3.200,4.000,3,17.27299,34.126829,0.50614108,0.00044825026
3.300,1.000,3,7.2384445,16.621745,0.43548042,-0.7313486
3.300,1.100,3,7.8433243,17.128222,0.45791817,-0.67130334
3.300,1.200,3,8.5145695,17.678989,0.48162083,-0.61397302
3.300,1.300,3,9.2456705,18.274319,0.5059379,-0.55977006
3.300,1.400,3,10.027863,18.914325,0.53017292,-0.50889294
3.300,1.500,3,10.850328,19.598769,0.55362293,-0.46137789
3.300,1.600,3,11.700339,20.326896,0.57560877,-0.41714557
3.300,1.700,3,12.563331,21.097299,0.59549476,-0.37604066
3.300,1.800,3,13.422917,21.907828,0.6126996,-0.33786419
3.300,1.900,3,14.260961,22.755535,0.62670294,-0.30239898
3.300,2.000,3,15.057815,23.63667,0.63705312,-0.26942928
3.300,2.100,3,15.79286,24.54671,0.64337989,-0.23875555
3.300,2.200,3,16.445403,25.480427,0.64541314,-0.21020536
3.300,2.300,3,16.995904,26.431983,0.64300525,-0.18364101
3.300,2.400,3,17.427406,27.395042,0.63615183,-0.15896404
3.300,2.500,3,17.72695,28.362902,0.62500481,-0.13611673
3.300,2.600,3,17.886732,29.328626,0.60987284,-0.1150799
3.300,2.700,3,17.904813,30.285182,0.59120704,-0.095866748
3.300,2.800,3,17.785261,31.225599,0.5695731,-0.078512245
3.300,2.900,3,17.53773,32.143131,0.54561362,-0.063058409
3.300,3.000,3,17.176535,33.031478,0.52000503,-0.049536762
3.300,3.100,3,16.719314,33.885089,0.49341215,-0.03795035
3.300,3.200,3,16.185275,34.69966,0.46643902,-0.028258668
3.300,3.300,3,15.592802,35.47302,0.43956792,-0.020368811
3.300,3.400,3,14.955763,36.206872,0.41306422,-0.014135203
3.300,3.500,3,14.276592,36.910659,0.38678777,-0.0093681663
3.300,3.600,3,13.529908,37.61145,0.35972842,-0.0058493766
3.300,3.700,3,12.611109,38.385026,0.32854241,-0.0033505678
3.300,3.800,3,11.094954,39.492078,0.28094125,-0.001651453
3.300,3.900,3,5.6217582,42.559121,0.13209291,-0.00055370124
3.300,4.000,3,20.129738,24.023022,0.8379353,0.00011060152
3.400,1.000,3,6.8885637,16.190108,0.4254798,-0.79781608
3.400,1.100,3,7.4626453,16.669803,0.44767448,-0.73194521
3.400,1.200,3,8.1024117,17.192062,0.47128795,-0.66920757
3.400,1.300,3,8.8025207,17.7575,0.4957072,-0.61005587
3.400,1.400,3,9.555595,18.366641,0.52026907,-0.55470283
3.400,1.500,3,10.352403,19.019726,0.54429822,-0.50317902
3.400,1.600,3,11.181969,19.716543,0.56713638,-0.45538472
3.400,1.700,3,12.031585,20.456279,0.58816097,-0.41113387
3.400,1.800,3,12.886748,21.237407,0.60679479,-0.37018969
3.400,1.900,3,13.731113,22.05762,0.6225111,-0.3322925
3.400,2.000,3,14.546582,22.91379,0.63483962,-0.29718091
3.400,2.100,3,15.313666,23.801983,0.64337777,-0.26460763
3.400,2.200,3,16.012206,24.717496,0.64780859,-0.23435115
3.400,2.300,3,16.622443,25.654935,0.64792381,-0.20622398
3.400,2.400,3,17.126359,26.608309,0.64364703,-0.1800782
3.400,2.500,3,17.509086,27.571146,0.63505106,-0.15580846
3.400,2.600,3,17.760169,28.536621,0.62236411,-0.1333522
3.400,2.700,3,17.874472,29.497685,0.60596188,-0.11268663
3.400,2.800,3,17.852598,30.447203,0.58634609,-0.093822024
3.400,2.900,3,17.700785,31.378102,0.56411268,-0.076790727
3.400,3.000,3,17.430335,32.283528,0.53991421,-0.0616324
3.400,3.100,3,17.056665,33.157053,0.51442042,-0.048376518
3.400,3.200,3,16.598031,33.992965,0.48827841,-0.037024613
3.400,3.300,3,16.073885,34.786719,0.46206958,-0.027535429
3.400,3.400,3,15.502634,35.535761,0.43625445,-0.019816302
3.400,3.500,3,14.898138,36.241138,0.41108362,-0.013722964
3.400,3.600,3,14.263149,36.911081,0.38641915,-0.0090680682
3.400,3.700,3,13.573769,37.570239,0.36129047,-0.0056364302
3.400,3.800,3,12.730069,38.28914,0.33247205,-0.0032034256
3.400,3.900,3,11.316883,39.316743,0.28783876,-0.0015525691
3.400,4.000,3,5.7559434,42.307796,0.13604924,-0.000489184
3.500,1.000,3,6.5562688,15.778663,0.41551484,-0.87120042
3.500,1.100,3,7.0996682,16.231889,0.43739015,-0.79871966
3.500,1.200,3,7.7076224,16.725804,0.46082224,-0.729844
3.500,1.300,3,8.3758047,17.261316,0.48523558,-0.665072
3.500,1.400,3,9.0980696,17.839313,0.51000112,-0.60463313
3.500,1.500,3,9.8666222,18.460471,0.53447295,-0.54855237
3.500,1.600,3,10.67211,19.125078,0.55801655,-0.49670828
3.500,1.700,3,11.503595,19.832882,0.58002641,-0.44888191
3.500,1.800,3,12.348431,20.582964,0.59993451,-0.40479627
3.500,1.900,3,13.192114,21.37365,0.61721391,-0.36414687
3.500,2.000,3,14.018247,22.202456,0.63138271,-0.32662481
3.500,2.100,3,14.808726,23.066069,0.64201344,-0.2919338
3.500,2.200,3,15.54428,23.960368,0.64874964,-0.2598024
3.500,2.300,3,16.205371,24.880475,0.65132883,-0.22999274
3.500,2.400,3,16.773402,25.820833,0.64960734,-0.20230658
3.500,2.500,3,17.232081,26.775304,0.64358117,-0.17658902
3.500,2.600,3,17.568722,27.737287,0.63339727,-0.15273019
3.500,2.700,3,17.775295,28.69984,0.61935171,-0.13066446
3.500,2.800,3,17.849071,29.655811,0.60187432,-0.11036675
3.500,2.900,3,17.792795,30.597972,0.58150244,-0.091845345
3.500,3.000,3,17.61442,31.519154,0.55884812,-0.075130721
3.500,3.100,3,17.326473,32.412407,0.53456298,-0.06026073
3.500,3.200,3,16.945133,33.271188,0.50930351,-0.047263243
3.500,3.300,3,16.48903,34.089627,0.48369641,-0.036138617
3.500,3.400,3,15.977698,34.862948,0.45830024,-0.026845118
3.500,3.500,3,15.429422,35.588216,0.43355425,-0.019290509
3.500,3.600,3,14.857904,36.265802,0.40969462,-0.013331959
3.500,3.700,3,14.266054,36.902662,0.38658604,-0.0087845092
3.500,3.800,3,13.631345,37.520815,0.36330088,-0.0054361199
3.500,3.900,3,12.858645,38.184772,0.33674797,-0.0030657637
3.500,4.000,3,11.544498,39.127938,0.29504489,-0.00146068
3.600,1.000,3,6.241802,15.387668,0.40563665,-0.95245254
3.600,1.100,3,6.7549046,15.814894,0.42712299,-0.87247456
3.600,1.200,3,7.3310588,16.280813,0.45028825,-0.79663441
3.600,1.300,3,7.9668091,16.78658,0.47459394,-0.72548272
3.600,1.400,3,8.657086,17.333396,0.49944547,-0.65926813
3.600,1.500,3,9.3953757,17.922321,0.52422762,-0.59800985
3.600,1.600,3,10.173804,18.554101,0.54833181,-0.54156271
3.600,1.700,3,10.983086,19.229002,0.57117294,-0.48967185
3.600,1.800,3,11.812361,19.946684,0.59219673,-0.44201657
3.600,1.900,3,12.64897,20.706089,0.61088165,-0.3982442
3.600,2.000,3,13.4783,21.505374,0.626741,-0.35799537
3.600,2.100,3,14.283826,22.34187,0.6393299,-0.32092235
3.600,2.200,3,15.047465,23.212076,0.64826022,-0.28670209
3.600,2.300,3,15.750299,24.111687,0.65322262,-0.25504527
3.600,2.400,3,16.373625,25.035654,0.65401228,-0.22570247
3.600,2.500,3,16.900224,25.978264,0.6505525,-0.19846824
3.600,2.600,3,17.31566,26.93324,0.6429104,-0.17318335
3.600,2.700,3,17.609411,27.893858,0.63130067,-0.14973535
3.600,2.800,3,17.775686,28.853069,0.61607608,-0.12805694
3.600,2.900,3,17.81383,29.803627,0.59770678,-0.10812179
3.600,3.000,3,17.728329,30.738216,0.57675205,-0.08993696
3.600,3.100,3,17.528456,31.649587,0.55382892,-0.073531633
3.600,3.200,3,17.227637,32.5307,0.52958089,-0.058942296
3.600,3.300,3,16.842573,33.374908,0.50464776,-0.046195565
3.600,3.400,3,16.392098,34.176194,0.47963496,-0.035290897
3.600,3.500,3,15.895681,34.929557,0.45507824,-0.026186292
3.600,3.600,3,15.371344,35.631681,0.43139543,-0.018790091
3.600,3.700,3,14.832463,36.282253,0.40880766,-0.012960993
3.600,3.800,3,14.281946,36.886899,0.38718207,-0.0085164629
3.600,3.900,3,13.698516,37.464827,0.36563672,-0.005247588
3.600,4.000,3,12.991895,38.073812,0.34122917,-0.0029368827
3.700,1.000,3,5.9451843,15.017172,0.39589241,-1.0426494
3.700,1.100,3,6.4286036,15.419007,0.41692721,-0.95416942
3.700,1.200,3,6.9732713,15.857446,0.43974744,-0.87042935
3.700,1.300,3,7.5764682,16.333844,0.4638509,-0.79203872
3.700,1.400,3,8.2340508,16.849667,0.48867737,-0.71926796
3.700,1.500,3,8.9406292,17.40631,0.51364299,-0.65213001
3.700,1.600,3,9.6896521,18.004923,0.53816682,-0.59045332
3.700,1.700,3,10.473351,18.646248,0.5616868,-0.53394319
3.700,1.800,3,11.282548,19.330481,0.58366621,-0.48223073
3.700,1.900,3,12.10638,20.057155,0.60359407,-0.43491053
3.700,2.000,3,12.932048,20.825053,0.62098512,-0.39156854
3.700,2.100,3,13.744732,21.63215,0.63538448,-0.35180204
3.700,2.200,3,14.527775,22.475587,0.64638023,-0.31523356
3.700,2.300,3,15.26322,23.351677,0.65362416,-0.28152031
3.700,2.400,3,15.932695,24.255937,0.65685753,-0.25036037
3.700,2.500,3,16.51855,25.183153,0.65593654,-0.22149676
3.700,2.600,3,17.005106,26.127463,0.65085178,-0.19471975
3.700,2.700,3,17.379816,27.08246,0.64173698,-0.16986791
3.700,2.800,3,17.6342,28.041306,0.62886517,-0.14682772
3.700,2.900,3,17.764439,28.996853,0.61263335,-0.12553138
3.700,3.000,3,17.771604,29.941769,0.5935389,-0.10595209
3.700,3.100,3,17.661562,30.868663,0.57215185,-0.088096287
3.700,3.200,3,17.444595,31.770212,0.54908652,-0.071992312
3.700,3.300,3,17.134791,32.6393,0.5249742,-0.057675636
3.700,3.400,3,16.749202,33.469182,0.50043655,-0.045171897
3.700,3.500,3,16.306731,34.253706,0.47605744,-0.034479873
3.700,3.600,3,15.826645,34.987651,0.45234945,-0.025557464
3.700,3.700,3,15.326539,35.667326,0.42970812,-0.018313709
3.700,3.800,3,14.81931,36.291726,0.40833853,-0.0126089
3.700,3.900,3,14.307729,36.865106,0.38811034,-0.0082629428
3.700,4.000,3,13.771687,37.403702,0.36819047,-0.0050700218
3.800,1.000,3,5.6662474,14.667044,0.38632512,-1.1430123
3.800,1.100,3,6.1207838,15.044216,0.40685295,-1.0448914
3.800,1.200,3,6.6345341,15.455836,0.42925753,-0.95219162
3.800,1.300,3,7.205391,15.903416,0.4530719,-0.86558913
3.800,1.400,3,7.8299967,16.388641,0.47776973,-0.78537886
3.800,1.500,3,8.5039314,16.91319,0.5027988,-0.71156666
3.800,1.600,3,9.2218091,17.478564,0.52760678,-0.64395134
3.800,1.700,3,9.9772263,18.085932,0.55165674,-0.58219352
3.800,1.800,3,10.762558,18.735979,0.57443263,-0.52587058
3.800,1.900,3,11.568649,19.428791,0.59543842,-0.47451862
3.800,2.000,3,12.384496,20.163751,0.61419601,-0.42766346
3.800,2.100,3,13.197045,20.939467,0.63024741,-0.38484253
3.800,2.200,3,13.991232,21.753728,0.64316479,-0.34561992
3.800,2.300,3,14.750341,22.603485,0.65256932,-0.30959622
3.800,2.400,3,15.456712,23.484867,0.65815623,-0.27641482
3.800,2.500,3,16.092732,24.393221,0.65972149,-0.24576569
3.800,2.600,3,16.641988,25.323176,0.65718407,-0.21738746
3.800,2.700,3,17.090412,26.26873,0.65059912,-0.19106851
3.800,2.800,3,17.427285,27.223354,0.64015938,-0.1666469
3.800,2.900,3,17.645962,28.180105,0.62618511,-0.14400931
3.800,3.000,3,17.744298,29.131747,0.6091052,-0.12308825
3.800,3.100,3,17.724769,30.070872,0.58943318,-0.10385709
3.800,3.200,3,17.594329,30.990021,0.56774175,-0.086322137
3.800,3.300,3,17.364039,31.881809,0.54463784,-0.07051121
3.800,3.400,3,17.048486,32.73905,0.52073857,-0.056459045
3.800,3.500,3,16.664941,33.554914,0.49664683,-0.044190518
3.800,3.600,3,16.232243,34.323118,0.47292447,-0.033703904
3.800,3.700,3,15.769307,35.038234,0.45005999,-0.024957137
3.800,3.800,3,15.293159,35.696199,0.42842541,-0.017860042
3.800,3.900,3,14.816081,36.295313,0.40820921,-0.012274551
3.800,4.000,3,14.34063,36.838424,0.38928457,-0.0080230091
3.900,1.000,3,5.4046645,14.336992,0.37697339,-1.2549272
3.900,1.100,3,5.8312664,14.690329,0.39694594,-1.1458734
3.900,1.200,3,6.3148784,15.075915,0.41887197,-1.0430124
3.900,1.300,3,6.8538938,15.495383,0.44231846,-0.94709547
3.900,1.400,3,7.4456104,15.950588,0.46679222,-0.85844514
3.900,1.500,3,8.0864332,16.443446,0.49177242,-0.77705906
3.900,1.600,3,8.7719853,16.97576,0.51673594,-0.70270245
3.900,1.700,3,9.4970701,17.549069,0.54117231,-0.63498551
3.900,1.800,3,10.25547,18.164501,0.56458862,-0.57342517
3.900,1.900,3,11.039622,18.822646,0.58650744,-0.51749209
3.900,2.000,3,11.840248,19.523451,0.60646285,-0.46664518
3.900,2.100,3,12.646068,20.266133,0.62400008,-0.42035587
3.900,2.200,3,13.443711,21.049117,0.63868291,-0.37812442
3.900,2.300,3,14.217909,21.870003,0.65011008,-0.33949045
3.900,2.400,3,14.952036,22.725559,0.65793922,-0.30403928
3.900,2.500,3,15.628932,23.611736,0.66191371,-0.27140539
3.900,2.600,3,16.231934,24.523718,0.66188718,-0.24127422
3.900,2.700,3,16.745972,25.455985,0.65784028,-0.21338271
3.900,2.800,3,17.158577,26.402406,0.64988688,-0.1875192
3.900,2.900,3,17.460705,27.356339,0.63826907,-0.1635226
3.900,3.000,3,17.647301,28.310746,0.62334284,-0.1412807
3.900,3.100,3,17.717609,29.258312,0.60555813,-0.12072701
3.900,3.200,3,17.675235,30.19156,0.5854363,-0.10183558
3.900,3.300,3,17.528005,31.102976,0.56354753,-0.084612879
3.900,3.400,3,17.287601,31.985118,0.54048891,-0.069086503
3.900,3.500,3,16.968978,32.830742,0.51686245,-0.05529066
3.900,3.600,3,16.589504,33.632937,0.49325172,-0.043249633
3.900,3.700,3,16.167818,34.385304,0.47019559,-0.032961334
3.900,3.800,3,15.722344,35.082211,0.44815716,-0.024383833
3.900,3.900,3,15.269405,35.719231,0.42748414,-0.017427812
3.900,4.000,3,14.820595,36.293966,0.40834875,-0.011956868
4.000,1.000,3,5.1599804,14.026591,0.36787131,-1.3799687
4.000,1.100,3,5.5597084,14.356997,0.3872473,-1.2585153
4.000,1.200,3,6.014128,14.717438,0.4086396,-1.1441296
4.000,1.300,3,6.5220356,15.109627,0.4316477,-1.0376477
4.000,1.400,3,7.0812672,15.535552,0.45581047,-0.93942307
4.000,1.500,3,7.6889172,15.997316,0.48063797,-0.84944383
4.000,1.600,3,8.3414688,16.496974,0.50563628,-0.7674369
4.000,1.700,3,9.0347743,17.036385,0.53032226,-0.69295531
4.000,1.800,3,9.7638685,17.617064,0.55422792,-0.62544763
4.000,1.900,3,10.52264,18.240056,0.57689733,-0.5643108
4.000,2.000,3,11.303435,18.905828,0.59788098,-0.50892872
4.000,2.100,3,12.096704,19.614168,0.61673298,-0.45869919
4.000,2.200,3,12.890805,20.364117,0.63301564,-0.41305194
4.000,2.300,3,13.672058,21.153916,0.64631331,-0.37145986
4.000,2.400,3,14.425116,21.98098,0.65625444,-0.33344554
4.000,2.500,3,15.133627,22.841896,0.66253813,-0.29858448
4.000,2.600,3,15.781126,23.732448,0.66495987,-0.26650636
4.000,2.700,3,16.352033,24.647663,0.66343139,-0.23689501
4.000,2.800,3,16.832648,25.581886,0.65799088,-0.20948776
4.000,2.900,3,17.211998,26.528863,0.64880272,-0.18407442
4.000,3.000,3,17.482518,27.48185,0.63614779,-0.16049576
4.000,3.100,3,17.640493,28.433724,0.62040741,-0.13864142
4.000,3.200,3,17.686307,29.377097,0.60204407,-0.11844644
4.000,3.300,3,17.624495,30.304438,0.58158133,-0.099885839
4.000,3.400,3,17.463597,31.208179,0.55958397,-0.082966574
4.000,3.500,3,17.215796,32.080835,0.53663802,-0.06771619
4.000,3.600,3,16.896302,32.915109,0.51332967,-0.054168529
4.000,3.700,3,16.522458,33.70402,0.49022219,-0.042347419
4.000,3.800,3,16.112563,34.441055,0.46783013,-0.032250515
4.000,3.900,3,15.68442,35.120391,0.44659014,-0.023836108
4.000,4.000,3,15.253569,35.737242,0.42682557,-0.017015786
4.100,1.000,3,4.9316392,13.735299,0.35904855,-1.5199276
4.100,1.100,3,5.3056334,14.043741,0.37779345,-1.384408
4.100,1.200,3,5.7319341,14.380006,0.39860443,-1.2569491
4.100,1.300,3,6.2096556,14.745857,0.42111189,-1.1384826
4.100,1.400,3,6.7370684,15.143376,0.44488551,-1.0293969
4.100,1.500,3,7.311834,15.57481,0.46946537,-0.92966868
4.100,1.600,3,7.9311554,16.04242,0.49438645,-0.83898123
4.100,1.700,3,8.5917813,16.548331,0.51919323,-0.75682249
4.100,1.800,3,9.2898404,17.094391,0.54344376,-0.68256347
4.100,1.900,3,10.020521,17.682051,0.56670583,-0.61551766
4.100,2.000,3,10.777667,18.312243,0.58854978,-0.55498434
4.100,2.100,3,11.553372,18.985286,0.60854348,-0.50027867
4.100,2.200,3,12.337706,19.7008,0.62625406,-0.45075161
4.100,2.300,3,13.118649,20.457647,0.64125895,-0.40580214
4.100,2.400,3,13.882309,21.253884,0.65316576,-0.36488411
4.100,2.500,3,14.613426,22.086747,0.66163778,-0.32750921
4.100,2.600,3,15.296114,22.95265,0.66642039,-0.29324772
4.100,2.700,3,15.91475,23.847217,0.667363,-0.26172776
4.100,2.800,3,16.4549,24.765331,0.66443287,-0.23263391
4.100,2.900,3,16.904173,25.701209,0.65771899,-0.20570555
4.100,3.000,3,17.252943,26.648485,0.64742677,-0.18073509
4.100,3.100,3,17.494905,27.600324,0.63386594,-0.15756597
4.100,3.200,3,17.627465,28.549524,0.61743463,-0.13609021
4.100,3.300,3,17.651956,29.488637,0.59860194,-0.11624473
4.100,3.400,3,17.573692,30.410081,0.57789035,-0.098005824
4.100,3.500,3,17.401819,31.306248,0.55585771,-0.08138108
4.100,3.600,3,17.148917,32.169611,0.53307815,-0.066398162
4.100,3.700,3,16.830337,32.992829,0.51012105,-0.053090662
4.100,3.800,3,16.463264,33.768859,0.48752799,-0.041482059
4.100,3.900,3,16.065529,34.491084,0.46578789,-0.031569837
4.100,4.000,3,15.654222,35.153493,0.44531058,-0.023312571
4.200,1.000,3,4.7190098,13.462484,0.35053039,-1.6768414
4.200,1.100,3,5.0684612,13.749971,0.36861614,-1.5253609
4.200,1.200,3,5.4678079,14.063091,0.38880556,-1.3830687
4.200,1.300,3,5.9164098,14.403629,0.41075827,-1.251005
4.200,1.400,3,6.4128813,14.773727,0.43407336,-1.129597
4.200,1.500,3,6.9553417,15.175738,0.45831983,-1.0188083
4.200,1.600,3,7.5415862,15.612082,0.48306089,-0.9182719
4.200,1.700,3,8.1691161,16.085101,0.5078685,-0.82740164
4.200,1.800,3,8.8349983,16.596928,0.53232734,-0.74548031
4.200,1.900,3,9.5355651,17.149359,0.55603043,-0.67172667
4.200,2.000,3,10.266008,17.743742,0.57857065,-0.60534418
4.200,2.100,3,11.019954,18.380876,0.59953367,-0.54555469
4.200,2.200,3,11.78912,19.060919,0.61849695,-0.49162061
4.200,2.300,3,12.563157,19.783319,0.63503787,-0.44285836
4.200,2.400,3,13.329732,20.546759,0.6487511,-0.39864552
4.200,2.500,3,14.074888,21.349115,0.65927264,-0.35842379
4.200,2.600,3,14.783633,22.187451,0.66630604,-0.3216991
4.200,2.700,3,15.440709,23.058019,0.66964595,-0.28804016
4.200,2.800,3,16.031422,23.956292,0.66919462,-0.25707617
4.200,2.900,3,16.542461,24.877019,0.66496956,-0.2284943
4.200,3.000,3,16.962631,25.814297,0.65710219,-0.20203725
4.200,3.100,3,17.283474,26.761663,0.6458296,-0.1775009
4.200,3.200,3,17.499751,27.712193,0.63148197,-0.15473196
4.200,3.300,3,17.609807,28.658621,0.61446805,-0.13362522
4.200,3.400,3,17.615791,29.593444,0.59525991,-0.11411973
4.200,3.500,3,17.523693,30.509037,0.57437712,-0.096193251
4.200,3.600,3,17.343168,31.397757,0.55236965,-0.079854132
4.200,3.700,3,17.087092,32.252046,0.5297987,-0.065130258
4.200,3.800,3,16.770836,33.064523,0.50721544,-0.052055066
4.200,3.900,3,16.4113,33.828088,0.48513826,-0.040651766
4.200,4.000,3,16.025743,34.536028,0.4640297,-0.030917736
4.300,1.000,3,4.5214077,13.207442,0.34233788,-1.8530308
4.300,1.100,3,4.8475341,13.475009,0.35974254,-1.6834333
4.300,1.200,3,5.2211521,13.766059,0.37927718,-1.5243062
4.300,1.300,3,5.641806,14.082372,0.40062895,-1.376812
4.300,1.400,3,6.1083773,14.426122,0.42342478,-1.2414215
4.300,1.500,3,6.6193475,14.799731,0.44726134,-1.1180826
4.300,1.600,3,7.1729897,15.205738,0.47172913,-1.006371
4.300,1.700,3,7.767425,15.646658,0.49642709,-0.9056158
4.300,1.800,3,8.400511,16.124855,0.52096661,-0.81499931
4.300,1.900,3,9.0695669,16.64242,0.54496683,-0.73363256
4.300,2.000,3,9.7709799,17.201062,0.56804514,-0.66061016
4.300,2.100,3,10.499769,17.802006,0.58980822,-0.59504827
4.300,2.200,3,11.249204,18.445898,0.60984854,-0.53610927
4.300,2.300,3,12.010565,19.132733,0.62774957,-0.48301668
4.300,2.400,3,12.773121,19.861784,0.64310037,-0.43506281
4.300,2.500,3,13.524353,20.631557,0.65551782,-0.39161167
4.300,2.600,3,14.250409,21.439757,0.66467213,-0.35209852
4.300,2.700,3,14.936733,22.283284,0.67031114,-0.31602767
4.300,2.800,3,15.568796,23.158235,0.67227904,-0.28296919
4.300,2.900,3,16.132844,24.059944,0.67052705,-0.25255542
4.300,3.000,3,16.616611,24.983037,0.66511574,-0.22447757
4.300,3.100,3,17.009955,25.921501,0.65621029,-0.19848262
4.300,3.200,3,17.305409,26.868781,0.64407126,-0.17437057
4.300,3.300,3,17.498642,27.81788,0.62904297,-0.15199181
4.300,3.400,3,17.588813,28.761471,0.61154079,-0.13124418
4.300,3.500,3,17.578786,29.692004,0.5920377,-0.11206903
4.300,3.600,3,17.475147,30.601819,0.57104929,-0.094445696
4.300,3.700,3,17.287972,31.483244,0.5491166,-0.078383399
4.300,3.800,3,17.030319,32.328693,0.52678649,-0.063910309
4.300,3.900,3,16.717457,33.130755,0.5045903,-0.051059777
4.300,4.000,3,16.365888,33.882277,0.48302209,-0.0398548
4.400,1.000,3,4.3381146,12.969414,0.3344881,-2.0511399
4.400,1.100,3,4.64214,13.218111,0.35119543,-1.8609711
4.400,1.200,3,4.9912877,13.488191,0.37004871,-1.682731
4.400,1.300,3,5.3852366,13.781412,0.39076087,-1.5177206
4.400,1.400,3,5.8230698,14.099951,0.41298512,-1.3664596
4.400,1.500,3,6.3035493,14.44627,0.43634441,-1.2288775
4.400,1.600,3,6.8253256,14.822991,0.46045535,-1.1044842
4.400,1.700,3,7.38702,15.232758,0.48494304,-0.99251193
4.400,1.800,3,7.9871438,15.67812,0.50944525,-0.89202842
4.400,1.900,3,8.6238524,16.161412,0.5336076,-0.80202196
4.400,2.000,3,9.2945723,16.68465,0.55707324,-0.72146342
4.400,2.100,3,9.9955678,17.24943,0.57947236,-0.64934885
4.400,2.200,3,10.721533,17.856834,0.60041627,-0.58472732
4.400,2.300,3,11.465301,18.507352,0.61949977,-0.5267173
4.400,2.400,3,12.217726,19.200811,0.63631303,-0.47451518
4.400,2.500,3,12.967803,19.936313,0.65046146,-0.42739797
4.400,2.600,3,13.702983,20.712193,0.66159017,-0.3847225
4.400,2.700,3,14.409683,21.525995,0.66940847,-0.34592227
4.400,2.800,3,15.073898,22.37446,0.67371001,-0.31050325
4.400,2.900,3,15.681866,23.253545,0.67438601,-0.27803921
4.400,3.000,3,16.220727,24.158454,0.67143065,-0.24816724
4.400,3.100,3,16.679144,25.083697,0.66493962,-0.22058365
4.400,3.200,3,17.047878,26.023163,0.65510399,-0.19504042
4.400,3.300,3,17.320309,26.970215,0.64220138,-0.17134213
4.400,3.400,3,17.492896,27.91779,0.62658599,-0.14934315
4.400,3.500,3,17.565525,28.858506,0.60867755,-0.12894452
4.400,3.600,3,17.541705,29.784775,0.58894873,-0.11009003
4.400,3.700,3,17.428539,30.688905,0.56791009,-0.092760657
4.400,3.800,3,17.236425,31.563203,0.54609238,-0.076966534
4.400,3.900,3,16.978487,32.40006,0.52402641,-0.06273617
4.400,4.000,3,16.669778,33.192038,0.50222218,-0.050102875
4.500,1.000,3,4.1683943,12.747604,0.32699433,-2.2741837
4.500,1.100,3,4.4515323,12.97848,0.34299336,-2.0606479
4.500,1.200,3,4.777479,13.228703,0.36114492,-1.8607007
4.500,1.300,3,5.1460073,13.499991,0.38118597,-1.6758
4.500,1.400,3,5.5563481,13.794502,0.40279441,-1.5065202
4.500,1.500,3,6.0074746,14.114712,0.42561795,-1.3527693
4.500,1.600,3,6.4983279,14.463291,0.44929802,-1.2139816
4.500,1.700,3,7.0279243,14.842977,0.47348483,-1.0892787
4.500,1.800,3,7.5953042,15.25646,0.49784186,-0.97759753
4.500,1.900,3,8.199318,15.706271,0.52204104,-0.87778643
4.500,2.000,3,8.8382795,16.194681,0.545752,-0.78867527
4.500,2.100,3,9.5095441,16.723602,0.56863015,-0.70912354
4.500,2.200,3,10.209092,17.294497,0.59030865,-0.63805149
4.500,2.300,3,10.931194,17.908303,0.61039813,-0.5744586
4.500,2.400,3,11.668239,18.565346,0.62849565,-0.51743272
4.500,2.500,3,12.410741,19.265288,0.64420222,-0.46615298
4.500,2.600,3,13.147558,20.007066,0.65714576,-0.41988833
4.500,2.700,3,13.866271,20.788852,0.66700516,-0.37799366
4.500,2.800,3,14.553691,21.608035,0.67353146,-0.33990442
4.500,2.900,3,15.196422,22.461213,0.67656287,-0.30513087
4.500,3.000,3,15.78145,23.344208,0.67603281,-0.27325227
4.500,3.100,3,16.296719,24.252105,0.67197132,-0.24391168
4.500,3.200,3,16.731694,25.179309,0.66450171,-0.21681129
4.500,3.300,3,17.07791,26.119622,0.65383451,-0.1917086
4.500,3.400,3,17.329488,27.066329,0.64026002,-0.16841309
4.500,3.500,3,17.483597,28.012309,0.62413979,-0.14678326
4.500,3.600,3,17.540788,28.950135,0.60589658,-0.12672349
4.500,3.700,3,17.505151,29.872184,0.58600172,-0.10818006
4.500,3.800,3,17.384221,30.77074,0.56495946,-0.091135605
4.500,3.900,3,17.188609,31.63809,0.54328846,-0.075601206
4.500,4.000,3,16.931395,32.46661,0.52150178,-0.061605737
4.600,1.000,3,4.0115064,12.541194,0.31986638,-2.5256019
4.600,1.100,3,4.2749469,12.755288,0.33515096,-2.2855128
4.600,1.200,3,4.5789543,12.986766,0.35258618,-2.0609028
4.600,1.300,3,4.9233631,13.23729,0.37193134,-1.8534074
4.600,1.400,3,5.3075085,13.508982,0.39288738,-1.6636629
4.600,1.500,3,5.7305171,13.804309,0.41512524,-1.4915516
4.600,1.600,3,6.1915473,14.125961,0.4383098,-1.3364212
4.600,1.700,3,6.6899188,14.476737,0.4621151,-1.1972669
4.600,1.800,3,7.2250904,14.859428,0.48622937,-1.0728761
4.600,1.900,3,7.7964787,15.276718,0.51035036,-0.96193735
4.600,2.000,3,8.4031404,15.731083,0.53417429,-0.86311996
4.600,2.100,3,9.0433702,16.2247,0.55738289,-0.77512778
4.600,2.200,3,9.7142846,16.759358,0.57963345,-0.69673457
4.600,2.300,3,10.411468,17.336382,0.60055597,-0.62680452
4.600,2.400,3,11.128742,17.956551,0.61975945,-0.56430247
4.600,2.500,3,11.858111,18.620036,0.63684681,-0.50829681
4.600,2.600,3,12.589872,19.326336,0.65143604,-0.45795754
4.600,2.700,3,13.312898,20.074228,0.66318355,-0.41255148
4.600,2.800,3,14.015031,20.861734,0.67180566,-0.37143576
4.600,2.900,3,14.683549,21.686097,0.67709506,-0.33405075
4.600,3.000,3,15.305667,22.543779,0.67893086,-0.29991299
4.600,3.100,3,15.869053,23.430481,0.67728244,-0.26860862
4.600,3.200,3,16.362349,24.341177,0.67220862,-0.23978753
4.600,3.300,3,16.77571,25.270177,0.66385405,-0.21315839
4.600,3.400,3,17.101345,26.211201,0.65244415,-0.18848455
4.600,3.500,3,17.334046,27.157468,0.63827917,-0.16558058
4.600,3.600,3,17.47164,28.101805,0.62172662,-0.14430923
4.600,3.700,3,17.515291,29.036743,0.60321127,-0.12457825
4.600,3.800,3,17.469598,29.954631,0.58320189,-0.10633641
4.600,3.900,3,17.342431,30.847734,0.56219466,-0.089568024
4.600,4.000,3,17.14451,31.708323,0.54069431,-0.074285126
4.700,1.000,3,3.8667166,12.349354,0.31311083,-2.8093205
4.700,1.100,3,4.1116158,12.547686,0.32767919,-2.5390446
4.700,1.200,3,4.3949234,12.761519,0.34438872,-2.2864023
4.700,1.300,3,4.7165105,12.992447,0.36301943,-2.0532306
4.700,1.400,3,5.0757815,13.24254,0.38329365,-1.8402347
4.700,1.500,3,5.4719695,13.514237,0.40490407,-1.6472673
4.700,1.600,3,5.9043893,13.810227,0.42753747,-1.4735766
4.700,1.700,3,6.3725857,14.133336,0.45089041,-1.318013
4.700,1.800,3,6.8763395,14.486426,0.47467467,-1.179193
4.700,1.900,3,7.4155178,14.872292,0.49861299,-1.0556232
4.700,2.000,3,7.9897874,15.29357,0.52242789,-0.94578928
4.700,2.100,3,8.5982369,15.752652,0.5458279,-0.84821789
4.700,2.200,3,9.2389699,16.251601,0.56849597,-0.76151584
4.700,2.300,3,9.9087405,16.792076,0.59008432,-0.6843934
4.700,2.400,3,10.602692,17.375252,0.61021803,-0.6156756
4.700,2.500,3,11.314238,18.001757,0.62850741,-0.55430523
4.700,2.600,3,12.035105,18.671607,0.64456716,-0.4993404
4.700,2.700,3,12.755516,19.384146,0.6580386,-0.44994868
4.700,2.800,3,13.464491,20.138001,0.66861109,-0.40539946
4.700,2.900,3,14.150216,20.931052,0.67603941,-0.36505544
4.700,3.000,3,14.800456,21.760405,0.68015535,-0.32836418
4.700,3.100,3,15.402993,22.622398,0.68087357,-0.29485006
4.700,3.200,3,15.946091,23.51262,0.67819287,-0.26410709
4.700,3.300,3,16.41899,24.425944,0.6721947,-0.23579263
4.700,3.400,3,16.812444,25.356592,0.66304038,-0.20962222
4.700,3.500,3,17.119277,26.29821,0.65096738,-0.18536526
4.700,3.600,3,17.334906,27.243961,0.63628435,-0.16284152
4.700,3.700,3,17.457772,28.18662,0.61936379,-0.14191803
4.700,3.800,3,17.489597,29.118687,0.60063136,-0.12250589
4.700,3.900,3,17.435408,30.032486,0.58055162,-0.10455637
4.700,4.000,3,17.303311,30.920264,0.55961072,-0.088055436
4.800,1.000,3,3.7333054,12.171255,0.30673135,-3.1298225
4.800,1.100,3,3.9607781,12.35482,0.32058566,-2.825215
4.800,1.200,3,4.2245919,12.552085,0.33656494,-2.5406976
4.800,1.300,3,4.5246354,12.764569,0.35446832,-2.2783354
4.800,1.400,3,4.8603549,12.994281,0.37403801,-2.0389118
4.800,1.500,3,5.2310528,13.243613,0.39498684,-1.8222446
4.800,1.600,3,5.6361494,13.515231,0.41702205,-1.6274676
4.800,1.700,3,6.0753498,13.811969,0.43986124,-1.4532656
4.800,1.800,3,6.548674,14.136725,0.46323841,-1.2980599
4.800,1.900,3,7.0563381,14.492371,0.48690019,-1.1601491
4.800,2.000,3,7.5984992,14.881663,0.51059475,-1.0378095
4.800,2.100,3,8.1749039,15.307163,0.53405741,-0.92936536
4.800,2.200,3,8.7844977,15.771156,0.55699771,-0.83323329
4.800,2.300,3,9.4250604,16.27558,0.57909214,-0.74794821
4.800,2.400,3,10.092923,16.821954,0.59998521,-0.67217602
4.800,2.500,3,10.78281,17.411308,0.61929928,-0.60471677
4.800,2.600,3,11.487819,18.044121,0.63665161,-0.5445016
4.800,2.700,3,12.199529,18.720258,0.65167522,-0.49058585
4.800,2.800,3,12.908217,19.438919,0.66403988,-0.44214002
4.800,2.900,3,13.603144,20.19859,0.67346998,-0.39843983
4.800,3.000,3,14.272873,20.997015,0.67975725,-0.35885613
4.800,3.100,3,14.905633,21.831179,0.68276815,-0.3228454
4.800,3.200,3,15.489704,22.697303,0.68244688,-0.28994098
4.800,3.300,3,16.013855,23.590872,0.67881574,-0.25974546
4.800,3.400,3,16.467846,24.506667,0.67197413,-0.23192413
4.800,3.500,3,16.842974,25.438831,0.66209702,-0.20619961
4.800,3.600,3,17.132637,26.380945,0.64943229,-0.18234746
4.800,3.700,3,17.332848,27.326115,0.63429609,-0.16019267
4.800,3.800,3,17.44262,28.267078,0.61706486,-0.13960654
4.800,3.900,3,17.464167,29.196301,0.59816366,-0.1205035
4.800,4.000,3,17.402851,30.10609,0.57805085,-0.10283727
4.900,1.000,3,3.6105746,12.006075,0.30072897,-3.4922297
4.900,1.100,3,3.821689,12.175836,0.31387489,-3.1485599
4.900,1.200,3,4.0671733,12.357583,0.32912368,-2.8277823
4.900,1.300,3,4.3469191,12.552754,0.34629208,-2.5322211
4.900,1.400,3,4.660394,12.763285,0.36514064,-2.2627475
4.900,1.500,3,5.0069402,12.991512,0.38540088,-2.0191383
4.900,1.600,3,5.3860436,13.240062,0.40679896,-1.8003963
4.900,1.700,3,5.7975154,13.511753,0.42907204,-1.6050167
4.900,1.800,3,6.2415452,13.809495,0.45197489,-1.4311977
4.900,1.900,3,6.7186106,14.136207,0.47527676,-1.2769998
4.900,2.000,3,7.2292529,14.494728,0.49875051,-1.1404606
4.900,2.100,3,7.7737533,14.887746,0.52215784,-1.0196734
4.900,2.200,3,8.3517628,15.317724,0.54523524,-0.91283768
4.900,2.300,3,8.9619436,15.786829,0.56768485,-0.81828847
4.900,2.400,3,9.6016774,16.296867,0.58917319,-0.73451039
4.900,2.500,3,10.266878,16.849218,0.60933853,-0.66014101
4.900,2.600,3,10.951925,17.444768,0.62780572,-0.59396715
4.900,2.700,3,11.649718,18.083852,0.64420557,-0.53491681
4.900,2.800,3,12.351817,18.766195,0.6581951,-0.48204864
4.900,2.900,3,13.048652,19.490857,0.66947553,-0.43454028
4.900,3.000,3,13.729767,20.256196,0.67780576,-0.39167668
4.900,3.100,3,14.384096,21.059833,0.68301092,-0.35283882
4.900,3.200,3,15.000275,21.898635,0.68498675,-0.31749336
4.900,3.300,3,15.567004,22.768719,0.68370136,-0.28518345
4.900,3.400,3,16.073491,23.665474,0.67919585,-0.25552073
4.900,3.500,3,16.509961,24.583597,0.67158443,-0.22817867
4.900,3.600,3,16.86822,25.517159,0.66105401,-0.20288706
4.900,3.700,3,17.142221,26.45968,0.64786199,-0.17942768
4.900,3.800,3,17.32854,27.40422,0.6323311,-0.15763071
4.900,3.900,3,17.426715,28.343477,0.6148404,-0.13737165
4.900,4.000,3,17.439366,29.269893,0.59581243,-0.11856821
5.000,1.000,3,3.4978518,11.853012,0.29510236,-3.9023959
5.000,1.100,3,3.6936261,12.009893,0.30754863,-3.5142623
5.000,1.200,3,3.9218972,12.177137,0.32207055,-3.1522187
5.000,1.300,3,4.1825499,12.356093,0.338501,-2.8188835
5.000,1.400,3,4.4750574,12.548621,0.35661748,-2.5152267
5.000,1.500,3,4.7987792,12.756987,0.37616869,-2.2409775
5.000,1.600,3,5.1532351,12.983769,0.39689825,-1.9949882
5.000,1.700,3,5.5382989,13.231748,0.41856138,-1.7755368
5.000,1.800,3,5.9542724,13.503829,0.44093215,-1.5805663
5.000,1.900,3,6.4018205,13.802947,0.46380099,-1.4078654
5.000,2.000,3,6.8817762,14.131995,0.48696424,-1.2551987
5.000,2.100,3,7.3948455,14.493751,0.51020924,-1.1203959
5.000,2.200,3,7.9412591,14.89081,0.53329932,-1.0014087
5.000,2.300,3,8.520426,15.325525,0.55596309,-0.89634399
5.000,2.400,3,9.1306395,15.799935,0.57789094,-0.80347976
5.000,2.500,3,9.7688729,16.315715,0.59874011,-0.72126842
5.000,2.600,3,10.430682,16.874105,0.61814731,-0.64833253
5.000,2.700,3,11.110212,17.475854,0.63574644,-0.58345531
5.000,2.800,3,11.800282,18.121161,0.65118799,-0.52556848
5.000,2.900,3,12.492534,18.809618,0.66415674,-0.47373874
5.000,3.000,3,13.177605,19.540159,0.67438578,-0.42715422
5.000,3.100,3,13.845328,20.311019,0.68166585,-0.38511131
5.000,3.200,3,14.484966,21.119705,0.68585076,-0.34700257
5.000,3.300,3,15.085496,21.962979,0.6868602,-0.31230576
5.000,3.400,3,15.635977,22.836861,0.68468153,-0.28057436
5.000,3.500,3,16.126001,23.73665,0.6793714,-0.25142936
5.000,3.600,3,16.546234,24.65697,0.67105707,-0.22455254
5.000,3.700,3,16.888977,25.591823,0.65993647,-0.19968091
5.000,3.800,3,17.148718,26.534676,0.64627576,-0.17660241
5.000,3.900,3,17.32256,27.478545,0.63040311,-0.15515232
5.000,4.000,3,17.410497,28.416096,0.61269843,-0.13521029
5.100,1.000,3,3.3944932,11.711283,0.28984811,-4.3670138
5.100,1.100,3,3.5758941,11.856171,0.30160616,-3.9282467
5.100,1.200,3,3.7880169,12.009886,0.31540823,-3.5192203
5.100,1.300,3,4.0307327,12.173689,0.33110198,-3.1428874
5.100,1.400,3,4.3035097,12.349357,0.34848048,-2.8003294
5.100,1.500,3,4.6057079,12.539081,0.36730824,-2.4912202
5.100,1.600,3,4.9368563,12.745375,0.38734491,-2.214239
5.100,1.700,3,5.2968575,12.970977,0.40836226,-1.9674153
5.100,1.800,3,5.686078,13.218761,0.43015212,-1.7484
5.100,1.900,3,6.1053084,13.49166,0.45252462,-1.5546712
5.100,2.000,3,6.5555948,13.792592,0.47529824,-1.3836815
5.100,2.100,3,7.0379718,14.124393,0.49828491,-1.2329593
5.100,2.200,3,7.553137,14.489755,0.52127431,-1.1001734
5.100,2.300,3,8.1011198,14.891168,0.54402179,-0.98317065
5.100,2.400,3,8.6809917,15.330862,0.56624289,-0.87999296
5.100,2.500,3,9.2906531,15.810752,0.58761614,-0.78888171
5.100,2.600,3,9.9267149,16.332378,0.60779361,-0.70827224
5.100,2.700,3,10.584471,16.896849,0.62641685,-0.63678297
5.100,2.800,3,11.257943,17.504783,0.64313525,-0.57320128
5.100,2.900,3,11.939975,18.156251,0.65762337,-0.51646803
5.100,3.000,3,12.622351,18.850722,0.66959512,-0.46566176
5.100,3.100,3,13.295931,19.587013,0.67881362,-0.41998356
5.100,3.200,3,13.950807,20.363246,0.6850974,-0.37874291
5.100,3.300,3,14.576514,21.176823,0.68832394,-0.34134498
5.100,3.400,3,15.162314,22.024408,0.68843229,-0.30727928
5.100,3.500,3,15.697575,22.901932,0.6854258,-0.27610992
5.100,3.600,3,16.172255,23.804615,0.67937479,-0.2474674
5.100,3.700,3,16.577447,24.727008,0.67041862,-0.22104182
5.100,3.800,3,16.905941,25.663056,0.65876568,-0.19657738
5.100,3.900,3,17.152733,26.606175,0.64468991,-0.17386807
5.100,4.000,3,17.315404,27.549342,0.62852333,-0.1527542
5.200,1.000,3,3.2998865,11.580134,0.284961,-4.8937388
5.200,1.100,3,3.4678282,11.713871,0.29604459,-4.3972878
5.200,1.200,3,3.6648138,11.85499,0.3091368,-3.9347473
5.200,1.300,3,3.8906966,12.004661,0.32409884,-3.5094498
5.200,1.400,3,4.1449322,12.164572,0.34073803,-3.1226029
5.200,1.500,3,4.4268692,12.336838,0.35883338,-2.7738157
5.200,1.600,3,4.7360278,12.5239,0.37815918,-2.461569
5.200,1.700,3,5.0723124,12.728439,0.39850232,-2.1836072
5.200,1.800,3,5.4361173,12.953288,0.41967086,-1.9372473
5.200,1.900,3,5.8283077,13.201357,0.44149307,-1.7196119
5.200,2.000,3,6.2500772,13.475567,0.46380811,-1.5277971
5.200,2.100,3,6.7027059,13.778782,0.48645125,-1.3589872
5.200,2.200,3,7.1872589,14.113759,0.50923774,-1.2105279
5.200,2.300,3,7.7042719,14.483089,0.5319495,-1.0799686
5.200,2.400,3,8.2534693,14.889146,0.55432791,-0.96508209
5.200,2.500,3,8.8335489,15.334039,0.57607451,-0.8638689
5.200,2.600,3,9.4420506,15.819554,0.59685946,-0.77455087
5.200,2.700,3,10.075306,16.347106,0.6163358,-0.69555857
5.200,2.800,3,10.728455,16.917676,0.63415654,-0.62551511
5.200,2.900,3,11.395497,17.531762,0.64999154,-0.56321819
5.200,3.000,3,12.069368,18.189316,0.66354161,-0.50762204
5.200,3.100,3,12.742018,18.889692,0.67454876,-0.45781987
5.200,3.200,3,13.404509,19.631598,0.68280277,-0.41302762
5.200,3.300,3,14.047148,20.413054,0.68814531,-0.37256904
5.200,3.400,3,14.659687,21.231366,0.6904731,-0.3358626
5.200,3.500,3,15.231629,22.083106,0.68974125,-0.30240992
5.200,3.600,3,15.752633,22.964124,0.68596706,-0.27178593
5.200,3.700,3,16.213012,23.869567,0.67923361,-0.24363067
5.200,3.800,3,16.604289,24.793921,0.66969191,-0.21764249
5.200,3.900,3,16.919727,25.731077,0.65756002,-0.19357266
5.200,4.000,3,17.154796,26.674403,0.64311829,-0.17122113
5.300,1.000,3,3.2134509,11.458839,0.28043424,-5.49133
5.300,1.100,3,3.3687958,11.582227,0.29085909,-4.9291358
5.300,1.200,3,3.5516009,11.711637,0.30325401,-4.4056162
5.300,1.300,3,3.7616994,11.848148,0.3174926,-3.9245359
5.300,1.400,3,3.9985299,11.993364,0.33339521,-3.4872448
5.300,1.500,3,4.2614216,12.149314,0.3507541,-3.0932767
5.300,1.600,3,4.5498726,12.318363,0.3693569,-2.7408844
5.300,1.700,3,4.8637691,12.503127,0.38900421,-2.427486
5.300,1.800,3,5.2035042,12.706386,0.40951883,-2.150016
5.300,1.900,3,5.5699768,12.931012,0.43074562,-1.9051907
5.300,2.000,3,5.9644734,13.179908,0.45254286,-1.6896982
5.300,2.100,3,6.3884499,13.455947,0.47476776,-1.5003296
5.300,2.200,3,6.8432527,13.761918,0.4972601,-1.3340612
5.300,2.300,3,7.3298222,14.100479,0.51982787,-1.1881029
5.300,2.400,3,7.8484213,14.474113,0.54223852,-1.0599202
5.300,2.500,3,8.3984225,14.885074,0.5642177,-0.9472384
5.300,2.600,3,8.9781699,15.335351,0.58545579,-0.84803586
5.300,2.700,3,9.5849152,15.826607,0.60562036,-0.76052891
5.300,2.800,3,10.214812,16.360135,0.62437211,-0.68315339
5.300,2.900,3,10.862942,16.936801,0.64138101,-0.61454404
5.300,3.000,3,11.523358,17.556987,0.65634027,-0.5535137
5.300,3.100,3,12.189115,18.220536,0.66897674,-0.49903321
5.300,3.200,3,12.852321,18.926698,0.67905776,-0.45021258
5.300,3.300,3,13.504203,19.674081,0.6863956,-0.4062839
5.300,3.400,3,14.135229,20.46061,0.69085079,-0.36658604
5.300,3.500,3,14.735332,21.283501,0.69233593,-0.33055116
5.300,3.600,3,15.294235,22.139245,0.69082005,-0.29769319
5.300,3.700,3,15.80188,23.023617,0.68633351,-0.26759792
5.300,3.800,3,16.248944,23.931694,0.67897175,-0.23991483
5.300,3.900,3,16.627374,24.857904,0.66889686,-0.21435044
5.300,4.000,3,16.930885,25.796086,0.65633543,-0.19066295
5.400,1.000,3,3.1346383,11.346708,0.2762597,-6.1698132
5.400,1.100,3,3.278198,11.460501,0.28604316,-5.5326597
5.400,1.200,3,3.4477249,11.579043,0.2977556,-4.9396262
5.400,1.300,3,3.6430316,11.703322,0.31128184,-4.3949686
5.400,1.400,3,3.8635375,11.834854,0.32645417,-3.9001984
5.400,1.500,3,4.1085472,11.975585,0.34307695,-3.4547616
5.400,1.600,3,4.3775279,12.127799,0.36094989,-3.0566493
5.400,1.700,3,4.6703331,12.29404,0.37988596,-2.7029054
5.400,1.800,3,4.987332,12.477024,0.39972127,-2.3900268
5.400,1.900,3,5.3294258,12.679578,0.42031571,-2.1142643
5.400,2.000,3,5.6979491,12.904569,0.4415451,-1.87184
5.400,2.100,3,6.0944756,13.154857,0.46328712,-1.659095
5.400,2.200,3,6.5205598,13.433241,0.48540481,-1.4725837
5.400,2.300,3,6.9774583,13.742419,0.50773145,-1.3091278
5.400,2.400,3,7.46587,14.084943,0.53006037,-1.1658416
5.400,2.500,3,7.9857289,14.46318,0.552142,-1.0401363
5.400,2.600,3,8.5360637,14.879269,0.57368839,-0.92971226
5.400,2.700,3,9.1149267,15.335078,0.59438411,-0.83254123
5.400,2.800,3,9.7193744,15.832156,0.61390085,-0.74684548
5.400,2.900,3,10.345478,16.371684,0.63191284,-0.67107402
5.400,3.000,3,10.988337,16.954418,0.64811053,-0.60387869
5.400,3.100,3,11.64209,17.580634,0.66221104,-0.54409115
5.400,3.200,3,12.299916,18.250077,0.67396514,-0.49070125
5.400,3.300,3,12.954045,18.961898,0.6831618,-0.44283733
5.400,3.400,3,13.595822,19.714615,0.68963163,-0.39974856
5.400,3.500,3,14.215844,20.506067,0.69325067,-0.36078936
5.400,3.600,3,14.8042,21.333385,0.69394517,-0.32540585
5.400,3.700,3,15.350827,22.192987,0.69169718,-0.29312428
5.400,3.800,3,15.845963,23.080577,0.68654971,-0.26354122
5.400,3.900,3,16.280653,23.991169,0.67861025,-0.23631549
5.400,4.000,3,16.647256,24.919137,0.66805108,-0.2111616
5.500,1.000,3,3.0629323,11.243084,0.27242813,-6.9406676
5.500,1.100,3,3.1954691,11.347993,0.28158892,-6.2180124
5.500,1.200,3,3.3525672,11.45646,0.29263552,-5.545703
5.500,1.300,3,3.5340186,11.569385,0.30546297,-4.928555
5.500,1.400,3,3.739223,11.688196,0.31991446,-4.3682624
5.500,1.500,3,3.9674579,11.814755,0.33580535,-3.8641696
5.500,1.600,3,4.2181541,11.951264,0.35294627,-3.4139668
5.500,1.700,3,4.4911221,12.100189,0.37116133,-3.0142692
5.500,1.800,3,4.7866911,12.264179,0.39029853,-2.6610723
5.500,1.900,3,5.1057393,12.446002,0.41023129,-2.3500946
5.500,2.000,3,5.4496148,12.64848,0.43085137,-2.0770246
5.500,2.100,3,5.8199611,12.874442,0.45205539,-1.8376889
5.500,2.200,3,6.2184794,13.12668,0.47372827,-1.6281592
5.500,2.300,3,6.6466667,13.407903,0.49572753,-1.4448137
5.500,2.400,3,7.1055682,13.720705,0.51787193,-1.2843653
5.500,2.500,3,7.595577,14.067529,0.53993683,-1.1438664
5.500,2.600,3,8.1162956,14.450627,0.56165698,-1.0206996
5.500,2.700,3,8.6664611,14.872025,0.58273577,-0.9125576
5.500,2.800,3,9.2439191,15.333479,0.60285856,-0.81741885
5.500,2.900,3,9.8456238,15.83643,0.62170728,-0.73352049
5.500,3.000,3,10.467639,16.381953,0.63897383,-0.65933086
5.500,3.100,3,11.105126,16.970704,0.65437039,-0.59352314
5.500,3.200,3,11.752316,17.602866,0.66763651,-0.53495051
5.500,3.300,3,12.40248,18.278088,0.67854363,-0.48262359
5.500,3.400,3,13.047936,18.995436,0.68689846,-0.43569006
5.500,3.500,3,13.680109,19.753342,0.69254655,-0.39341673
5.500,3.600,3,14.289699,20.549565,0.6953772,-0.35517382
5.500,3.700,3,14.866949,21.381163,0.69532928,-0.32042147
5.500,3.800,3,15.402024,22.244482,0.69239751,-0.28869816
5.500,3.900,3,15.885467,23.13516,0.68663743,-0.2596111
5.500,4.000,3,16.308687,24.048155,0.67816793,-0.23282827
5.600,1.000,3,2.997848,11.147345,0.26892933,-7.8170411
5.600,1.100,3,3.1200771,11.244037,0.27748726,-6.9968204
5.600,1.200,3,3.265544,11.343177,0.2878862,-6.2340664
5.600,1.300,3,3.4340214,11.445574,0.30003051,-5.5342312
5.600,1.400,3,3.6248899,11.552576,0.31377329,-4.8992167
5.600,1.500,3,3.8373996,11.665959,0.32893991,-4.3282491
5.600,1.600,3,4.0709412,11.787841,0.34535087,-3.8186731
5.600,1.700,3,4.3252763,11.92061,0.36284018,-3.3666121
5.600,1.800,3,4.600682,12.066842,0.38126646,-2.9674874
5.600,1.900,3,4.8979953,12.229238,0.40051517,-2.6164078
5.600,2.000,3,5.21855,12.410567,0.42049248,-2.3084514
5.600,2.100,3,5.5640212,12.613615,0.44111233,-2.0388561
5.600,2.200,3,5.9362063,12.841147,0.46228006,-1.8031416
5.600,2.300,3,6.3367785,13.095866,0.48387627,-1.5971789
5.600,2.400,3,6.7670521,13.380381,0.50574434,-1.4172218
5.600,2.500,3,7.227789,13.697181,0.52768443,-1.2599128
5.600,2.600,3,7.7190646,14.048595,0.54945455,-1.1222713
5.600,2.700,3,8.2401921,14.436767,0.5707782,-1.0016714
5.600,2.800,3,8.789695,14.863615,0.59135649,-0.89581306
5.600,2.900,3,9.3653017,15.330789,0.61088192,-0.80269159
5.600,3.000,3,9.9639405,15.83963,0.62905134,-0.72056602
5.600,3.100,3,10.581715,16.391119,0.64557615,-0.64792885
5.600,3.200,3,11.213859,16.985819,0.66018947,-0.58347766
5.600,3.300,3,11.854675,17.623826,0.67265049,-0.52608917
5.600,3.400,3,12.497495,18.304705,0.68274767,-0.4747959
5.600,3.500,3,13.134683,19.027442,0.69030207,-0.42876554
5.600,3.600,3,13.757724,19.790391,0.6951719,-0.38728282
5.600,3.700,3,14.357416,20.591237,0.69725852,-0.34973384
5.600,3.800,3,14.924166,21.426969,0.69651317,-0.31559262
5.600,3.900,3,15.448383,22.293867,0.69294319,-0.28440974
5.600,4.000,3,15.920923,23.18751,0.68661631,-0.25580284
5.700,1.000,3,2.9389305,11.058905,0.26575239,-8.8139974
5.700,1.100,3,3.0515222,11.148005,0.27372809,-7.8824024
5.700,1.200,3,3.1861062,11.238517,0.28349882,-7.0164204
5.700,1.300,3,3.3424374,11.331166,0.29497735,-6.2222294
5.700,1.400,3,3.519879,11.427219,0.30802588,-5.5019673
5.700,1.500,3,3.7176543,11.528368,0.32247881,-4.8547237
5.700,1.600,3,3.9351134,11.636649,0.33816552,-4.2774454
5.700,1.700,3,4.1719646,11.754368,0.35492887,-3.7656924
5.700,1.800,3,4.4284258,11.884027,0.3726368,-3.3142278
5.700,1.900,3,4.705279,12.028257,0.39118545,-2.9174626
5.700,2.000,3,5.0038228,12.189763,0.41049384,-2.5697755
5.700,2.100,3,5.3257337,12.371281,0.43049168,-2.2657312
5.700,2.200,3,5.672864,12.575534,0.45110322,-2.0002175
5.700,2.300,3,6.0470101,12.805202,0.47223076,-1.7685253
5.700,2.400,3,6.4496895,13.06289,0.49374141,-1.5663836
5.700,2.500,3,6.8819551,13.351104,0.51545965,-1.389966
5.700,2.600,3,7.3442652,13.672222,0.53716689,-1.235877
5.700,2.700,3,7.8364103,14.02847,0.55860763,-1.1011263
5.700,2.800,3,8.3574858,14.421883,0.57950031,-0.98309588
5.700,2.900,3,8.9058866,14.85428,0.59955021,-0.87950493
5.700,3.000,3,9.4793007,15.327215,0.61846206,-0.78837352
5.700,3.100,3,10.074681,15.841937,0.63595006,-0.70798803
5.700,3.200,3,10.688187,16.399339,0.651745,-0.63686865
5.700,3.300,3,11.315111,16.999903,0.66559856,-0.57373963
5.700,3.400,3,11.949797,17.643644,0.6772862,-0.51750254
5.700,3.500,3,12.585598,18.330051,0.6866101,-0.46721258
5.700,3.600,3,13.214903,19.058034,0.69340326,-0.42205776
5.700,3.700,3,13.82925,19.825879,0.69753529,-0.38134079
5.700,3.800,3,14.419546,20.631202,0.69891933,-0.34446355
5.700,3.900,3,14.97638,21.470926,0.69751906,-0.31091378
5.700,4.000,3,15.490418,22.341272,0.69335433,-0.28025391
5.800,1.000,3,2.8857542,10.977216,0.26288579,-9.9488009
5.800,1.100,3,2.9893362,11.059306,0.27030052,-8.8900196
5.800,1.200,3,3.1137383,11.141844,0.27946345,-7.9061742
5.800,1.300,3,3.2586993,11.225475,0.29029502,-7.0042697
5.800,1.400,3,3.4235679,11.311385,0.30266566,-6.1867129
5.800,1.500,3,3.607542,11.401189,0.31641804,-5.452435
5.800,1.600,3,3.8099315,11.49684,0.33138945,-4.7979258
5.800,1.700,3,4.0303902,11.600563,0.34743058,-4.2180985
5.800,1.800,3,4.269072,11.714781,0.36441755,-3.7069621
5.800,1.900,3,4.5266946,11.842054,0.38225585,-3.2581279
5.800,2.000,3,4.8045058,11.98502,0.4008759,-2.8651744
5.800,2.100,3,5.1041601,12.146353,0.4202216,-2.5218948
5.800,2.200,3,5.4275318,12.328728,0.44023454,-2.2224545
5.800,2.300,3,5.7764972,12.534785,0.46083737,-1.9614802
5.800,2.400,3,6.1527222,12.767109,0.48191978,-1.7341006
5.800,2.500,3,6.5574837,13.028203,0.50332988,-1.5359532
5.800,2.600,3,6.9915452,13.320467,0.52487238,-1.3631678
5.800,2.700,3,7.4550856,13.646175,0.54631321,-1.2123378
5.800,2.800,3,7.9476751,14.007448,0.56738922,-1.0804818
5.800,2.900,3,8.468272,14.406227,0.58782027,-0.96500326
5.800,3.000,3,9.0152191,14.844234,0.60732126,-0.86364955
5.800,3.100,3,9.5862171,15.322939,0.62561217,-0.77447174
5.800,3.200,3,10.178265,15.843507,0.64242501,-0.69578762
5.800,3.300,3,10.787571,16.406752,0.65750805,-0.62614761
5.800,3.400,3,11.409456,17.01308,0.67062849,-0.56430417
5.800,3.500,3,12.03827,17.662433,0.68157482,-0.5091846
5.800,3.600,3,12.667365,18.354232,0.69016044,-0.45986712
5.800,3.700,3,13.289145,19.087319,0.69622896,-0.41556015
5.800,3.800,3,13.895207,19.859914,0.69966102,-0.37558428
5.800,3.900,3,14.476588,20.669568,0.7003817,-0.33935696
5.800,4.000,3,15.024077,21.513148,0.6983672,-0.30637939
5.900,1.000,3,2.837921,10.901764,0.26031759,-11.241244
5.900,1.100,3,2.9330807,10.977385,0.26719303,-10.037165
5.900,1.200,3,3.0479572,11.05256,0.27576934,-8.9186952
5.900,1.300,3,3.1822751,11.127853,0.28597386,-7.8937805
5.900,1.400,3,3.3353712,11.204379,0.29768462,-6.9651359
5.900,1.500,3,3.5064208,11.283674,0.31075171,-6.1315089
5.900,1.600,3,3.6946952,11.367609,0.32501954,-5.3888637
5.900,1.700,3,3.8997937,11.458331,0.34034569,-4.7313713
5.900,1.800,3,4.121804,11.558187,0.35661337,-4.152176
5.900,1.900,3,4.3613735,11.669658,0.37373618,-3.6439731
5.900,2.000,3,4.6196883,11.795314,0.39165453,-3.1994242
5.900,2.100,3,4.8983629,11.937763,0.41032501,-2.8114396
5.900,2.200,3,5.199268,12.099622,0.429705,-2.4733571
5.900,2.300,3,5.5243249,12.283483,0.44973603,-2.1790436
5.900,2.400,3,5.8753024,12.491895,0.47032914,-1.9229407
5.900,2.500,3,6.253646,12.727341,0.49135525,-1.7000724
5.900,2.600,3,6.660357,12.992221,0.5126419,-1.5060261
5.900,2.700,3,7.0959255,13.288831,0.53397665,-1.3369185
5.900,2.800,3,7.5603089,13.619345,0.55511544,-1.189353
5.900,2.900,3,8.0529338,13.985791,0.57579396,-1.0603725
5.900,3.000,3,8.572697,14.390017,0.59573919,-0.94741254
5.900,3.100,3,9.1179449,14.833663,0.61467924,-0.84825541
5.900,3.200,3,9.6864171,15.318119,0.63235029,-0.76098791
5.900,3.300,3,10.275155,15.844476,0.64850078,-0.68396215
5.900,3.400,3,10.88039,16.413475,0.66289373,-0.61576058
5.900,3.500,3,11.497438,17.025456,0.6753087,-0.55516481
5.900,3.600,3,12.120632,17.680294,0.68554467,-0.50112827
5.900,3.700,3,12.743308,18.377346,0.6934248,-0.45275237
5.900,3.800,3,13.357892,19.115393,0.69880287,-0.40926578
5.900,3.900,3,13.956061,19.892592,0.70157077,-0.37000677
5.900,4.000,3,14.528999,20.706438,0.70166578,-0.33440806
6.000,1.000,3,2.795059,10.83207,0.25803554,-12.714023
6.000,1.100,3,2.8823463,10.901724,0.26439363,-11.343897
6.000,1.200,3,2.9883113,10.970104,0.27240501,-10.0716
6.000,1.300,3,3.112666,11.037694,0.2820033,-8.9061529
6.000,1.400,3,3.2547393,11.105541,0.29307345,-7.8506227
6.000,1.500,3,3.4136869,11.17511,0.30547232,-6.9035457
6.000,1.600,3,3.5887431,11.248191,0.31905068,-6.0602799
6.000,1.700,3,3.7794547,11.326853,0.3336721,-5.3141448
6.000,1.800,3,3.9858425,11.413364,0.34922591,-4.6572935
6.000,1.900,3,4.2084806,11.510133,0.36563266,-4.081371
6.000,2.000,3,4.4484853,11.619655,0.38284144,-3.5779885
6.000,2.100,3,4.7074187,11.74447,0.40082003,-3.1390451
6.000,2.200,3,4.9871277,11.88713,0.4195401,-2.7569308
6.000,2.300,3,5.2895509,12.050173,0.43896057,-2.4246425
6.000,2.400,3,5.6165237,12.2361,0.45901256,-2.1358358
6.000,2.500,3,5.9696139,12.447361,0.47958873,-1.8848322
6.000,2.600,3,6.3500041,12.686334,0.50053892,-1.6665984
6.000,2.700,3,6.7584292,12.95532,0.52167212,-1.4767063
6.000,2.800,3,7.1951568,13.256516,0.54276378,-1.3112842
6.000,2.900,3,7.6599955,13.592004,0.56356629,-1.1669626
6.000,3.000,3,8.1523024,13.963724,0.58382009,-1.0408207
6.000,3.100,3,8.6709708,14.373443,0.60326331,-0.93033378
6.000,3.200,3,9.2143807,14.822726,0.62163874,-0.8333248
6.000,3.300,3,9.7803111,15.31289,0.63869794,-0.74791944
6.000,3.400,3,10.365825,15.844959,0.65420332,-0.67250616
6.000,3.500,3,10.967145,16.419612,0.66792962,-0.60570052
6.000,3.600,3,11.579558,17.037125,0.67966618,-0.54631383
6.000,3.700,3,12.19736,17.697315,0.68922091,-0.49332578
6.000,3.800,3,12.813879,18.39948,0.69642618,-0.44586078
6.000,3.900,3,13.421579,19.142342,0.70114616,-0.40316756
6.000,4.000,3,14.012239,19.924002,0.70328436,-0.3646017
